observation_id,label,p0,p1,p2,p3,p4,p5,p6,p7,p8,p9
4.300000000000000000e+01,7.000000000000000000e+00,2.799249103535670778e-04,4.813561520020526044e-04,4.521306361429633759e-07,5.159145603944011518e-03,7.104151364476045394e-02,1.455831797990207212e-03,6.634388178946877947e-05,9.167176519490666253e-01,3.030008433543744466e-04,4.494779086102900813e-03
4.650000000000000000e+02,0.000000000000000000e+00,9.968939228407301956e-01,5.033055253507034482e-07,5.758745278648854651e-04,1.615048442841316493e-06,4.590026462629089416e-06,4.383709833481815341e-05,2.266400158651175108e-03,1.482650424743705386e-05,9.408966947892672284e-05,1.043408202618283976e-04
1.369000000000000000e+03,6.000000000000000000e+00,8.971938302437351578e-05,4.731357976907091300e-05,5.087289333136300873e-06,2.266887754279746337e-04,1.570061877706537641e-03,2.055608366750989442e-04,9.948229825284667927e-01,2.011913739839622393e-05,3.011018647332022475e-03,1.447944866568527088e-06
1.395000000000000000e+03,7.000000000000000000e+00,4.160325716349075839e-07,2.487366516894566933e-06,2.049199222825338397e-04,2.448888650165384031e-05,5.652714749725907747e-04,1.358784131157148062e-05,4.650407311756557258e-07,9.991478398332365174e-01,2.829539254272602202e-05,1.222820933262389954e-05
1.410000000000000000e+02,1.000000000000000000e+00,7.440775849355472555e-08,9.964906387233039009e-01,9.373658349235072549e-09,2.640270790348259029e-05,2.789212981958311653e-03,4.024741173975189502e-07,1.140788942968927619e-06,4.713311628581069008e-05,6.004442932960170299e-04,4.454113277508230990e-05
9.340000000000000000e+02,9.000000000000000000e+00,1.204449830029609500e-06,3.052728777676130872e-08,8.360046297386510366e-07,2.149334093395690736e-04,6.540002052781879527e-09,2.693482802735784785e-05,3.155873041132697289e-08,1.128995681561369830e-06,7.424661393885113967e-05,9.996806470725326799e-01
8.310000000000000000e+02,0.000000000000000000e+00,9.990163357763606200e-01,7.026080173561886796e-08,6.383402724175254803e-07,2.728356600942862346e-07,2.678825912838379803e-05,7.129802879934650072e-04,6.442272354417357793e-05,8.260494469799284104e-06,1.528511520567108276e-04,1.737986971262315162e-05
1.327000000000000000e+03,8.000000000000000000e+00,9.482162603816699433e-06,1.757101810107576309e-02,3.035498309539595750e-04,1.221078473819155434e-05,9.990761513288221680e-05,1.024165858158577338e-05,1.383814462932119967e-04,2.704342242964197820e-05,9.815370202976804181e-01,2.911446805105788937e-04
1.714000000000000000e+03,1.000000000000000000e+00,2.488025357340113180e-07,9.074005354887449970e-01,4.426024279223788487e-04,3.216759606034120459e-07,1.686561673197536611e-03,1.280019039080732409e-07,2.414810414844051182e-04,8.425091498195743018e-05,9.014097367699583363e-02,2.896296272653931608e-06
1.220000000000000000e+02,8.000000000000000000e+00,7.842274619876400226e-06,3.224043988211775652e-02,7.152082729243541782e-04,1.487968985912615973e-03,3.339975216049234728e-05,7.367317317542624333e-06,1.221240325601404816e-05,2.339204813024492674e-04,9.650036916403211817e-01,2.579489900675548814e-04
1.310000000000000000e+03,3.000000000000000000e+00,8.197860359653888882e-07,2.217393756020015334e-06,1.847781296948951756e-04,9.949042326319648133e-01,1.235100536506697254e-08,2.205022615510805143e-03,4.099045462507432885e-06,3.061710107379947827e-05,4.649408055059811476e-04,2.203260139989868509e-03
2.490000000000000000e+02,8.000000000000000000e+00,5.242406844238873280e-06,1.125126032266120374e-01,5.258766834011951085e-04,3.004534643919745760e-03,4.098266493378145690e-06,9.769252339335083071e-07,3.677519210094265306e-04,2.390481120897015196e-05,8.831141302924998548e-01,4.408808227771954897e-04
1.516000000000000000e+03,0.000000000000000000e+00,9.979113139259206955e-01,1.483406241259010224e-07,9.433091639153186325e-04,3.131504999118611749e-06,7.032093913533254064e-06,6.831102734271685313e-05,2.040016271066215825e-04,1.091633507245184633e-04,5.217080455421130086e-04,2.318809199111441220e-04
8.100000000000000000e+01,7.000000000000000000e+00,7.271562420349526897e-07,4.558601224981329914e-05,1.176830773096710445e-06,1.229243226054882056e-05,4.520813935771879951e-04,5.824508751196867368e-06,1.608336642718481254e-07,9.992418472996490442e-01,3.585246446090642312e-05,2.044510683722751247e-04
1.218000000000000000e+03,7.000000000000000000e+00,1.005058182425959579e-06,1.009942497185785599e-03,1.150826112589955347e-04,5.159787247843592779e-05,6.887750499844361640e-04,1.290608974428217857e-04,1.278460770699985819e-06,9.776218078818393886e-01,1.404756371545554583e-03,1.897669329931138751e-02
8.480000000000000000e+02,0.000000000000000000e+00,9.999107427964608608e-01,5.993090126564045830e-07,2.219068101698066822e-06,1.007348768609600568e-08,1.247780319215377410e-06,7.205500702364312352e-06,1.968418870435925043e-05,1.039068365031489559e-05,3.925302977748416065e-05,8.647569783203500708e-06
1.153000000000000000e+03,0.000000000000000000e+00,9.982805173794710996e-01,2.281009511153861382e-09,9.612798669634163909e-05,2.319138933966405686e-05,5.526324235104340760e-06,6.188538241739871331e-05,1.319389155466350536e-03,1.074176386947479322e-06,2.051902352751511195e-04,7.095689702519668911e-06
7.900000000000000000e+01,0.000000000000000000e+00,9.996659546128024987e-01,3.763219493258990036e-09,2.497088486176144003e-04,1.201665351811040251e-06,1.048709922619956338e-06,3.864902583280122554e-05,1.399084384022260169e-05,7.127757522881619459e-06,1.319928906402085662e-05,9.115483826200378135e-06
5.040000000000000000e+02,7.000000000000000000e+00,3.826821320503559672e-04,4.776020741867879915e-04,4.180224010602058907e-03,4.828034200788883197e-05,3.425563295388660214e-04,7.372810267267060520e-03,2.859089690834065668e-06,9.745721833974503312e-01,1.009040341737097932e-03,1.161176201546865877e-02
4.910000000000000000e+02,9.000000000000000000e+00,2.462389785234926978e-02,5.938101899874730414e-05,2.601606895092513014e-02,1.104368900669122112e-02,7.873341435460547025e-04,7.851161405478685948e-03,8.461719301837254334e-03,5.608176170715927812e-03,1.033710133825857802e-01,8.121775587668719210e-01
9.000000000000000000e+00,9.000000000000000000e+00,4.529406980870255388e-03,2.240013800242227852e-03,1.191193745421086372e-05,1.634586626487273455e-04,4.452463701011003731e-04,3.172977840586295173e-01,1.092790998828501752e-05,1.325774943056001179e-03,5.202796233757731037e-03,6.687726791032519991e-01
1.151000000000000000e+03,4.000000000000000000e+00,9.228000222040993322e-04,8.970880082988573836e-05,6.575389515774098699e-07,6.078641423877933703e-07,9.752126565992341733e-01,5.304081114536980581e-05,1.713821887722866816e-04,1.867016151827864331e-02,3.608721233828143544e-03,1.270263422613326703e-03
1.194000000000000000e+03,9.000000000000000000e+00,1.210089113440107047e-03,1.235238667417293929e-08,1.898480682937482860e-06,4.173576260306922740e-03,1.418369294317688309e-05,4.657201905393405783e-03,1.814242997115262064e-06,3.907315892774262630e-05,4.219434722100611282e-03,9.856827160708212521e-01
8.330000000000000000e+02,2.000000000000000000e+00,1.487079165965195355e-07,2.511453132706083289e-04,9.992152000309861837e-01,1.435674023750051578e-04,1.379160701126172570e-07,1.121594808169153705e-04,2.131594487419753852e-05,9.024867199293225552e-08,2.559542298943627927e-04,2.807251240726721386e-07
9.120000000000000000e+02,7.000000000000000000e+00,4.902209094461481426e-04,1.986498460131218575e-05,4.795848730542186900e-05,1.026260162188728867e-05,2.264962869890804493e-03,1.616523302048999391e-04,1.930452453282154238e-05,9.959743032008254726e-01,9.921919260993646364e-04,1.927816547174440064e-05
1.530000000000000000e+03,2.000000000000000000e+00,1.550101693181992894e-08,1.548824677183859241e-06,9.991670665584380107e-01,8.203788972680932379e-04,1.310418046927685674e-09,4.078854547130294422e-06,2.103698720582944380e-08,8.130495240000968381e-07,5.997921922177126766e-06,7.804520134056931272e-08
8.980000000000000000e+02,8.000000000000000000e+00,2.054063341670973051e-04,4.567599854527706893e-02,5.087713106793157435e-03,1.558603118175147864e-02,1.913663702697369602e-03,4.748428447796259992e-03,7.370765559769582725e-03,2.930524618710901412e-03,8.903576602611148472e-01,2.612380824192227571e-02
7.910000000000000000e+02,5.000000000000000000e+00,1.388101132623248738e-04,1.902048441852112840e-06,5.065530753442814595e-04,3.731111425926542905e-05,2.732707524522966064e-06,9.947739034270717262e-01,4.004490030624068963e-05,2.123229594981135022e-03,3.417876469893645075e-04,2.033725371819292051e-03
5.980000000000000000e+02,6.000000000000000000e+00,6.174130765343593952e-03,6.864110388512842078e-06,2.150800342921275286e-05,1.376146205900992891e-04,1.983086723289166739e-04,2.224141703337405469e-03,9.393371056302599609e-01,5.954315971945846454e-06,5.189243795044833768e-02,1.934227901998802549e-06
7.550000000000000000e+02,5.000000000000000000e+00,1.081231444469578854e-05,2.166857866387805526e-05,1.198414056033060958e-05,6.161520060549262464e-05,1.213857535193607165e-07,9.997141557456723504e-01,1.557258336508279863e-06,9.266926995420947529e-05,3.639532113637748608e-05,4.902078487264902560e-05
1.733000000000000000e+03,6.000000000000000000e+00,9.542318239608828863e-05,1.513047274164469788e-06,3.287648231975665300e-07,5.250811544748126745e-07,1.344856960200070347e-04,8.039520605408102968e-05,9.973015844217847370e-01,1.099257901330959086e-07,2.385618396390678901e-03,1.627831255030738837e-08
1.010000000000000000e+03,5.000000000000000000e+00,6.245877010889802888e-05,5.349917998487217752e-05,1.080500123295410566e-06,1.028492999428540135e-03,2.735695959671155315e-07,9.518504524958770752e-01,1.392764781299183034e-05,2.753123445392510173e-06,1.141073577287545339e-04,4.687295435589437786e-02
3.340000000000000000e+02,0.000000000000000000e+00,9.993749810381186149e-01,1.692678042563050837e-08,6.986652879754538026e-06,2.724122885891057697e-06,2.505948996596971749e-06,1.061778564366906870e-04,2.760191027064410230e-04,1.209464071284953051e-05,1.975456436060209968e-04,2.094806687667044091e-05
8.930000000000000000e+02,5.000000000000000000e+00,5.888663406833069606e-08,1.286605874890506306e-04,3.278416032814719861e-06,3.154385768665088612e-03,5.608280589311147411e-08,9.966383798444183872e-01,2.770165566295078875e-08,2.851081570504890636e-05,7.538833558123027835e-06,3.910306303584083087e-05
1.616000000000000000e+03,9.000000000000000000e+00,7.644980892059164280e-05,6.279109970013356805e-05,1.308300200564159390e-04,3.098978252786798934e-03,2.448922451031185409e-06,1.282432809336182826e-05,9.422676063368933352e-06,3.893637507310444437e-06,2.328035948295837688e-03,9.942743253061251396e-01
8.150000000000000000e+02,9.000000000000000000e+00,2.140638402457089348e-04,3.323571162418745066e-07,2.273516978414508373e-07,3.290015051332041349e-04,3.795680100599863417e-08,4.710879357361979700e-04,2.341202433048203598e-07,6.888678456560593289e-07,5.974307021382146803e-03,9.930100190437987084e-01
1.033000000000000000e+03,4.000000000000000000e+00,7.799627613212526062e-04,1.977050041678878555e-04,3.671211811642941769e-09,9.105255034560225082e-07,9.159772812659580099e-01,4.477823068935605621e-05,3.845745282616839567e-05,6.800567560968800475e-04,4.533050933870798674e-03,7.774779339835416470e-02
1.718000000000000000e+03,2.000000000000000000e+00,3.220020526139782065e-09,2.076792158084346076e-05,9.999006494290141323e-01,4.964585115021274606e-05,1.992670240571162154e-09,2.175570079337675998e-05,2.962068043978570171e-07,2.036004640890172392e-08,6.830414625001643109e-06,2.890329480656551001e-08
1.479000000000000000e+03,4.000000000000000000e+00,2.451644211850159800e-07,2.815638536031559444e-08,7.295248379725617399e-10,3.489719254149436037e-10,9.999577501395412460e-01,5.747606936738710559e-07,2.804910776809848018e-05,1.326870712041070690e-05,8.288199799694896745e-08,3.575327476129616131e-12
4.050000000000000000e+02,9.000000000000000000e+00,1.045458570576757694e-03,2.906128730449672343e-05,6.536813828544657187e-04,3.583885404673792935e-03,2.710602373733846440e-06,2.275174861569537752e-04,1.398839038127237886e-04,8.887087884856843128e-05,1.069437012092001177e-02,9.835345603624784383e-01
1.750000000000000000e+02,3.000000000000000000e+00,2.424402217139692147e-09,3.132479251001911444e-09,3.187759208224217288e-06,9.999795760161567237e-01,7.460952569959052843e-11,3.938047199793672452e-06,2.706379180251765946e-10,2.506191025862459306e-06,5.663416552463074360e-06,5.122667728121101917e-06
1.410000000000000000e+03,8.000000000000000000e+00,4.423686692971331275e-04,3.421076983067796763e-03,5.664186864456284857e-04,2.155618126377957172e-05,1.467670504257393078e-04,1.044086896373340088e-04,8.614675889545146984e-05,2.704203196535138391e-04,9.920631841894064218e-01,2.877652471907222141e-03
3.890000000000000000e+02,3.000000000000000000e+00,1.220952808257713242e-05,6.441270240352824901e-06,1.675461979247011492e-04,9.857735602653470153e-01,8.551670032831509991e-09,3.548696891422783301e-03,2.849545897726563516e-07,8.590663433951465375e-04,1.007378862695093493e-03,8.624807134632503022e-03
1.105000000000000000e+03,0.000000000000000000e+00,9.993444844139267591e-01,1.938827385167746280e-09,1.254765519535163559e-04,2.507494999458310778e-06,6.353081961146280785e-07,1.590419150975180837e-06,5.083260187179375984e-04,1.783049423652576146e-06,1.479345810875650120e-05,4.013466951544532874e-07
1.685000000000000000e+03,8.000000000000000000e+00,7.616920710215313899e-06,9.404572908190153655e-04,1.366557891253977325e-05,9.631282359072350157e-05,2.106720871560038844e-03,2.111440317755846827e-04,3.186759952166318772e-05,9.760481822194390567e-07,9.943060152105933636e-01,2.285223624334725701e-03
1.308000000000000000e+03,1.000000000000000000e+00,4.049384608342191240e-04,9.651562814560670223e-01,5.296798942112927938e-07,1.606033808688479012e-04,3.747044700670655766e-03,1.990957682830491422e-05,4.618605182003687640e-05,1.205102729730846709e-03,3.802426710681919807e-03,2.545697725260391564e-02
4.850000000000000000e+02,1.000000000000000000e+00,2.590823729107300793e-07,9.736564491732798698e-01,2.582174703540549170e-06,8.284061695191495414e-04,2.681087120883672505e-04,1.143368952751360059e-04,1.404785322543456111e-04,1.712663708173562969e-06,2.322254108470955120e-02,1.765125512089024814e-03
1.475000000000000000e+03,3.000000000000000000e+00,8.523956265179878829e-08,3.578987714539259199e-08,2.194934193348426626e-03,9.977657914375653858e-01,3.774613733401032008e-09,9.092767055439394136e-06,9.020826039670144307e-07,5.312200895814900017e-06,1.437220481193961364e-05,9.470309665233169112e-06
1.468000000000000000e+03,8.000000000000000000e+00,1.080160363823753043e-02,3.008083751490646385e-02,6.881444548358109045e-05,9.114196615619317432e-02,4.011899335285174645e-02,2.035347762683547418e-02,3.754663740770475266e-02,1.387422366031290308e-02,5.647864321750561967e-01,1.912270140224182624e-01
1.543000000000000000e+03,9.000000000000000000e+00,5.542008973616580764e-02,5.368207910468822374e-06,2.447779342197603774e-03,4.931389862141914715e-02,1.545840072773704855e-06,5.573095658055395897e-03,3.291257919725653093e-07,8.481290649102517449e-04,1.086798236480841263e-02,8.755217820386681504e-01
4.360000000000000000e+02,2.000000000000000000e+00,1.347995337052678381e-07,1.773950600670226498e-03,9.842456373385711776e-01,1.388237334441796630e-02,1.201399753995915401e-06,5.590953615792582603e-05,2.669658584054308513e-06,5.136449927743894000e-06,3.251361070146753724e-05,4.732616818590639390e-07
5.690000000000000000e+02,8.000000000000000000e+00,5.606451899757622907e-05,4.013670849313676244e-04,5.781482758564582790e-03,9.141477570511475476e-05,2.399355985369079560e-04,2.083956830028283988e-07,7.096117127326050100e-02,1.367767062027281245e-04,9.221972237055001687e-01,1.343551826179823785e-04
1.720000000000000000e+02,1.000000000000000000e+00,1.161942737676069051e-06,9.228581969473189650e-01,1.051916516992967645e-06,3.785926828570026353e-02,6.838763384651923467e-03,1.870462111665867778e-05,8.833515402966764241e-05,2.790461178364082341e-03,1.686777546301905170e-02,1.267628110654452946e-02
1.566000000000000000e+03,3.000000000000000000e+00,1.115968396498326805e-08,1.526809320770569238e-06,1.059203828762809786e-05,9.978067947511713998e-01,1.447635748718989916e-09,1.786962365663998360e-05,1.177927512599967174e-09,1.297842692398115866e-07,1.139650109081841514e-03,1.023423098965298931e-03
2.480000000000000000e+02,8.000000000000000000e+00,1.400995972543878681e-05,3.597739076996001734e-02,1.710656698611922287e-03,3.632272946019421628e-05,2.073580150929952358e-05,2.191801864235812183e-06,3.563371587359817974e-04,6.326905302160208981e-05,9.614799413645128690e-01,3.391446625982749577e-04
1.472000000000000000e+03,2.000000000000000000e+00,2.484119514712461669e-08,2.881170524811876691e-05,9.877097036260319429e-01,1.206018932171368935e-02,3.105791054841907159e-07,1.358657582433988827e-04,2.369409490354057696e-06,2.928706042694758566e-06,5.976690539308965322e-05,2.914753607955063945e-08
9.700000000000000000e+01,4.000000000000000000e+00,3.448400585551754502e-05,1.224955593563472646e-02,2.549940545855021686e-09,9.648093168406146894e-08,9.837345607408891635e-01,3.945892064271299191e-05,3.709454305827741220e-03,1.299310671420128831e-04,1.022892338495965569e-04,1.667592862401640125e-07
1.469000000000000000e+03,2.000000000000000000e+00,1.534886806701188494e-08,3.410158044372197960e-06,9.984931858195894572e-01,1.438142716700291888e-03,4.935371832434708290e-08,6.190068258009773661e-05,1.314150892527620110e-07,2.768184183266153140e-07,2.873127910209071754e-06,1.455908164934622813e-08
1.769000000000000000e+03,5.000000000000000000e+00,7.034712955466268183e-06,7.071704025694498085e-10,7.486375089186508604e-10,8.805592186253724410e-05,1.279047895462718584e-06,9.995853188583826432e-01,8.276424944592393594e-07,9.434310634563910030e-08,8.010871081510355830e-07,3.165869303872709088e-04
1.063000000000000000e+03,6.000000000000000000e+00,1.254027627322187545e-06,8.466718239688361528e-05,9.575259175482235622e-06,1.840194675433855815e-06,1.743545005418470567e-04,1.807011173634002943e-07,9.996277351081993556e-01,1.192045518680107454e-06,9.920041424266091057e-05,5.665052486322059613e-10
1.210000000000000000e+03,8.000000000000000000e+00,4.379460740682681805e-03,1.301718672775818665e-03,9.308977172758334251e-02,1.409390324423819008e-02,5.349306528853527663e-03,2.660499376180995301e-01,4.301491099073366541e-04,2.486327324172535880e-01,3.142274785696152484e-01,5.244554137099088215e-02
1.529000000000000000e+03,8.000000000000000000e+00,1.185703393002167459e-03,1.309289255255598064e-03,4.578298177837419663e-04,1.286860365281881358e-01,4.396506162571241737e-03,2.409731941589486059e-01,2.634691443779905995e-02,1.570706245165940859e-02,5.441908254813934143e-01,3.674663831339863851e-02
1.382000000000000000e+03,6.000000000000000000e+00,1.194303007561565042e-05,5.158858740682843724e-03,3.484910146494759356e-05,2.657395644708038913e-04,2.782319429920479862e-04,2.162367409248673117e-05,9.898033813091003941e-01,5.650184362640121969e-05,4.351988353172228652e-03,1.688244032203022285e-05
5.350000000000000000e+02,9.000000000000000000e+00,1.011031628441485045e-02,1.485163772347672155e-06,4.560667492388625281e-05,1.565989032124334062e-03,1.340899975798674101e-06,8.155622645941221910e-03,6.940957093633526049e-04,8.534138472437228205e-05,3.028759025342184913e-02,9.490526119513379433e-01
1.640000000000000000e+03,1.000000000000000000e+00,2.580786558625218085e-08,9.831661014126678033e-01,1.747503888550015760e-03,1.059481183758303850e-03,1.063871712356058950e-02,1.415010357671830523e-06,1.740720925107120388e-05,3.167708352353149678e-03,2.003195814748923425e-04,1.320430160851989172e-06
3.450000000000000000e+02,3.000000000000000000e+00,3.390036809254613557e-09,7.988695108149380106e-09,3.156104631273307583e-06,9.997537987981411911e-01,1.966745772318238065e-11,1.638513495900131747e-05,1.070787190258052097e-09,2.477627631059390318e-06,4.231191872552144258e-05,1.818579467251680453e-04
1.074000000000000000e+03,3.000000000000000000e+00,1.902720083220233560e-06,3.739838876511214223e-08,1.025773103840913576e-04,9.942365345994504944e-01,8.964521447415035795e-09,1.567119014160818849e-04,4.219177536931327126e-09,2.152922548220038550e-05,1.249841048135473217e-04,5.355709556282625163e-03
1.040000000000000000e+03,1.000000000000000000e+00,2.349828568779503919e-08,9.987030929895268638e-01,3.257090187299887732e-05,3.723159055403932656e-07,2.754485204419678652e-04,8.667846752778171730e-07,5.061374294785803130e-05,1.414737571734619525e-05,9.226698586893289367e-04,1.940119368418991698e-07
1.586000000000000000e+03,7.000000000000000000e+00,9.744299882432275032e-08,1.544559165225647880e-06,1.466291228160804749e-05,1.892686339850382663e-05,1.817163512958850204e-05,1.100400524675115622e-06,7.113646028258775614e-07,9.999243973647264916e-01,1.994289403841928879e-05,4.445631338487649588e-07
1.660000000000000000e+02,0.000000000000000000e+00,9.999284243024686436e-01,1.993265391550485148e-09,1.337848518870519215e-06,5.701528321723293390e-08,1.038864444328900035e-05,1.910839711125508406e-05,1.257395905146441548e-05,9.642374335816965785e-06,1.533398883644592622e-05,3.131476685538214501e-06
7.920000000000000000e+02,6.000000000000000000e+00,9.366362658055438217e-02,1.570829874719482434e-04,9.668296566775918002e-09,1.824100719955619444e-07,6.194100441394113227e-02,8.296428005816001150e-01,9.406504532939251317e-03,5.231152093541934812e-06,2.415233020760013203e-03,2.768324652271017972e-03
4.100000000000000000e+02,4.000000000000000000e+00,4.726025196729268228e-07,7.492951857137582564e-03,5.675451166672168769e-09,5.076829886119878987e-08,9.922248560908852877e-01,4.820810952243648411e-08,2.931174411737526262e-05,1.959066416445480723e-04,5.639526169992316378e-05,1.150136149645303851e-09
1.600000000000000000e+03,2.000000000000000000e+00,1.755269273154722403e-07,1.053157520437139297e-06,9.967993278009065206e-01,8.044292909179119990e-04,2.841541317686289158e-09,3.273362544993736877e-06,1.779887996768602705e-05,5.157361819502084967e-07,2.373243812095392376e-03,1.795913964567342376e-07
9.210000000000000000e+02,6.000000000000000000e+00,2.084265205894602225e-03,1.357404105312247983e-06,1.916853346182854442e-05,4.428849200637754525e-07,8.938088653974435652e-03,6.197068552723703199e-05,9.871353839878628245e-01,9.222903513378121826e-07,1.758400178151705217e-03,1.757507017295068913e-10
8.290000000000000000e+02,8.000000000000000000e+00,2.623523113998486866e-03,5.337187974999379157e-04,5.451163560351056570e-05,5.690844010111932583e-03,3.272204681606189370e-03,2.892475182111048284e-03,1.705764391481121023e-02,2.544260369695353226e-04,9.162834231267300567e-01,5.133722950055821799e-02
9.260000000000000000e+02,1.000000000000000000e+00,2.291804247675842157e-05,9.430243264229728473e-01,5.760870114221912927e-04,6.419339034782665674e-07,6.220686157951273165e-03,3.012064271017676417e-02,1.186513540329379481e-02,3.603775772774083726e-08,8.050114138609305164e-03,1.194121414359141156e-04
1.048000000000000000e+03,9.000000000000000000e+00,1.122311928717663722e-05,5.129308289946381505e-06,1.923418283898307418e-07,1.930141962491527903e-03,1.461647976529117850e-06,3.430163232237735081e-03,9.565895265585502470e-06,1.308223645185347978e-05,3.260313916497460749e-03,9.913387263396737925e-01
8.180000000000000000e+02,1.000000000000000000e+00,5.477610003061222532e-06,7.249995281700193361e-01,8.241661796900184899e-05,7.739003661577617581e-08,4.540160925988587573e-03,8.149193026470391861e-06,4.020998857726532615e-03,4.878419500818559687e-06,2.663355579678748919e-01,2.754847854857063961e-06
1.035000000000000000e+03,6.000000000000000000e+00,1.220296489605882584e-03,5.669577871802017152e-07,5.949033282511089041e-06,8.625225494185489590e-06,3.107468636930414935e-04,5.643291471850471605e-04,9.797645058547855834e-01,2.685239916516472929e-06,1.812186699953298105e-02,4.281887169896115406e-07
9.990000000000000000e+02,3.000000000000000000e+00,8.364381897263155977e-07,8.238763275215241745e-08,6.807095987986906086e-05,9.981114502918444487e-01,5.742221898833419566e-08,7.425310557447840833e-05,7.200030074197515090e-07,2.252433755303904803e-05,7.047610387701192056e-04,1.017244015329211255e-03
5.160000000000000000e+02,0.000000000000000000e+00,9.994868161758291292e-01,2.979644987919341030e-08,1.627292122077965484e-05,2.029982257121220531e-06,1.529504036658395911e-06,6.920219811834622445e-05,5.715827596291872438e-06,1.580056988128570705e-05,1.294851562239258155e-04,2.731178683865999541e-04
1.059000000000000000e+03,0.000000000000000000e+00,9.991784013279514376e-01,1.012846186244490974e-08,1.058540873913430160e-04,5.027441541995584053e-06,2.075456428953886356e-06,8.564242937598695907e-05,1.552550313749343381e-04,1.165074257158349437e-05,4.389396974779662857e-04,1.714365742381637639e-05
4.700000000000000000e+01,1.000000000000000000e+00,3.049869105899757534e-07,9.871762598499100871e-01,1.648928959859374765e-06,8.678611832950175551e-04,1.026922351782658810e-02,2.368069153266360151e-05,4.272310232058799763e-06,6.412577461860881280e-05,1.452144151242821483e-03,1.404786054714908755e-04
4.670000000000000000e+02,7.000000000000000000e+00,4.434651862145282813e-02,5.565912831566459688e-04,4.433026938773534887e-06,5.728453817255018023e-05,2.256208635623661776e-03,1.379490988262768725e-02,9.559898915092470721e-06,9.382032158082501683e-01,5.204122771278973249e-06,7.660741820914200107e-04
7.370000000000000000e+02,3.000000000000000000e+00,1.216591859836515397e-05,1.151130593999123338e-05,2.584391729894878705e-04,9.939501372766698095e-01,1.027708859827054073e-04,2.686976298990311450e-03,3.197432348413357950e-05,2.459533970875519161e-03,2.738603093429782184e-04,2.126305371265259305e-04
2.070000000000000000e+02,2.000000000000000000e+00,1.941034518713467063e-07,3.888746299028936703e-04,9.991670658422666662e-01,2.998987187169217458e-04,7.815196020172520610e-07,3.883481676649477106e-05,3.473516447092703435e-06,2.133131585035403258e-05,7.794669781191135164e-05,1.598839183817112345e-06
1.003000000000000000e+03,5.000000000000000000e+00,8.118468984336464360e-07,2.768089233336664075e-07,1.561410086442606953e-08,2.528916411020356507e-04,1.252427343667941147e-08,9.995886830752350738e-01,7.377833247335851167e-09,1.616218415913736498e-07,1.313386290632262475e-06,1.558261035010584947e-04
5.740000000000000000e+02,6.000000000000000000e+00,2.096247918230513194e-02,5.796479678337170070e-04,1.093080926496838847e-03,2.368246704340181243e-04,1.493747548884861087e-03,4.059174884621875173e-02,8.847681699008794753e-01,1.359184284902729727e-05,5.025988233033836655e-02,8.267837596617378458e-07
4.870000000000000000e+02,0.000000000000000000e+00,9.991357950447411485e-01,1.426054211236382348e-06,1.885664151595760525e-04,1.628280473534790704e-06,1.906313976465315318e-04,2.194409678998819060e-04,1.206622565564234356e-04,1.242497812311269315e-04,9.265489214776221523e-06,8.334312865841847788e-06
5.810000000000000000e+02,6.000000000000000000e+00,4.631879717441325303e-03,3.198512934592934254e-07,2.335772382854351694e-05,3.403525106790386990e-04,3.682776625489171625e-05,1.388030423682707140e-03,9.701663320063845797e-01,1.715426184986354862e-06,2.340732354225150830e-02,3.861031998907641748e-06
1.749000000000000000e+03,6.000000000000000000e+00,6.461000869656142185e-05,1.616257743307986911e-06,2.986141837611920447e-06,7.366318728638568021e-09,1.328288241501702173e-05,4.788796530456852209e-07,9.994057379084289039e-01,3.736507014764460624e-10,5.112799972861698872e-04,1.839697862684299363e-10
1.129000000000000000e+03,5.000000000000000000e+00,5.805556850335618080e-06,1.965625697094435453e-07,3.380778586589119781e-08,1.086966394628661537e-03,1.045077269748494533e-05,9.985088868166944742e-01,1.370872647690658406e-05,2.711319712812293607e-07,1.568849409957706815e-04,2.167952893297330375e-04
1.422000000000000000e+03,7.000000000000000000e+00,6.326094167598932930e-05,4.089637960003031955e-05,1.465599951774983146e-05,5.636456982396771925e-05,1.074216245041037391e-03,3.902788359504067491e-04,3.935457813500097587e-05,9.981072006809709185e-01,1.841347645137593426e-04,2.963700477135615597e-05
1.683000000000000000e+03,6.000000000000000000e+00,2.064512001942690484e-03,4.481121192111688888e-06,2.747146683733774865e-06,1.806780098588573782e-06,1.386223544709208524e-03,3.354433743936211659e-03,9.927065736975475563e-01,1.869031161319115300e-06,4.771229783505702253e-04,2.299543780031668613e-07
1.131000000000000000e+03,6.000000000000000000e+00,1.508772010449671531e-03,8.253705427805621076e-04,1.521915178355007778e-04,4.156860264564503280e-08,1.132359150022648938e-05,4.341475392900364717e-05,9.953814910896031654e-01,2.176237432098396918e-08,2.077370000221889605e-03,3.162702836798718471e-09
1.950000000000000000e+02,6.000000000000000000e+00,4.003193853156729573e-06,4.799565854609212629e-05,1.254230263583749884e-06,9.459674672139490772e-08,1.787544546676333665e-04,4.186196048302608663e-07,9.980706793109154207e-01,1.039346834972028067e-07,1.696695398846012007e-03,6.018729948273978198e-10
1.250000000000000000e+02,9.000000000000000000e+00,3.388277684653754674e-04,6.480527906221735055e-04,2.714432263262236142e-04,9.434137647316424846e-03,4.584860889860994417e-05,5.968064671863314297e-02,2.420771064749273419e-07,2.507833116962248482e-04,2.840733760115643491e-02,9.009226802497790620e-01
6.430000000000000000e+02,8.000000000000000000e+00,2.026259781793756944e-07,4.225201633208411356e-02,2.739980001496749923e-04,3.085172085163447216e-04,1.419721325831939814e-05,8.792863129671342218e-08,4.825722762924328051e-03,4.370679645224279179e-06,9.522946510856459268e-01,2.623616316644523022e-05
7.850000000000000000e+02,9.000000000000000000e+00,3.659724965984657033e-05,8.051033612839097132e-07,1.169848457468281279e-05,8.150134046846901209e-04,9.353169397558041907e-08,1.192938194518640286e-04,5.708156134055091817e-07,8.346811454455176562e-06,7.769143255343293874e-04,9.982306664539715158e-01
1.592000000000000000e+03,0.000000000000000000e+00,9.982660154736255897e-01,4.900906784243375432e-06,3.477671995846852446e-06,6.256788797081264217e-05,6.746198554735014722e-05,4.463396840973122962e-04,6.211430030904233155e-05,1.475710212547971985e-04,7.817319620709743460e-04,1.578191063438001002e-04
6.100000000000000000e+01,7.000000000000000000e+00,2.870741110250380295e-05,4.346968140437940171e-07,6.268098826417174002e-05,1.904047448779591403e-05,1.072086928729793030e-03,9.203216309619323396e-07,1.031050439619599375e-06,9.987807036771135794e-01,3.420398439182986830e-05,1.904670256253592291e-07
3.530000000000000000e+02,4.000000000000000000e+00,2.662016347647647120e-04,1.380647472729317609e-05,4.878828883464396776e-09,4.802518589474236987e-12,9.993958171765237042e-01,3.465169597627211956e-08,3.148288258689578177e-04,8.828890279798110304e-06,4.774512971211794156e-07,1.121095656995279085e-11
1.453000000000000000e+03,8.000000000000000000e+00,1.311939710085121647e-04,1.221725057144373627e-05,7.192767648067357946e-05,2.319871046838888496e-04,8.094923203092377188e-06,1.605045494429724632e-04,2.211487079406718550e-04,5.838233069354279852e-05,9.771540308951651710e-01,2.195051259081011105e-02
1.554000000000000000e+03,9.000000000000000000e+00,1.018578891518379226e-05,1.472489925300401840e-03,2.593519122945919031e-10,1.058793629451772013e-06,2.893385920873130842e-04,7.505255211523263054e-04,3.183466037006385498e-07,9.928123984023056196e-05,3.860015350479809840e-04,9.969907999980716085e-01
5.090000000000000000e+02,8.000000000000000000e+00,3.059543808700099606e-05,5.940463672257658253e-05,5.133134164831246497e-05,3.119031932846790862e-05,8.846217019616778169e-06,1.286636985985774728e-05,3.716248254528828094e-05,9.726416183694617016e-05,9.987038749447518793e-01,9.674640882000368116e-04
2.790000000000000000e+02,3.000000000000000000e+00,5.085966918404109914e-08,1.185116598966730913e-07,7.321175080752332668e-06,9.993270755794012583e-01,3.964275703303623046e-09,4.827480895651719634e-05,3.111613509726894795e-08,9.013939887615247207e-07,7.858367266885758935e-05,5.376389181637376445e-04
2.700000000000000000e+02,4.000000000000000000e+00,6.602218429009625590e-06,1.182596973285164301e-04,2.664251245093047004e-10,1.200280935456137627e-10,9.997392564248818170e-01,4.670603042213442599e-06,9.754566755436634685e-05,3.211258295005019772e-05,1.503939790163699955e-06,4.847957041078190559e-08
1.236000000000000000e+03,0.000000000000000000e+00,9.985510727228259498e-01,4.130094994618953640e-09,1.742047755094320210e-06,3.991988656224081122e-05,1.692052099016654970e-05,8.231857281318993250e-04,1.347965183857828874e-06,7.173708081529464977e-05,1.263269611450197030e-04,3.677429564956039704e-04
1.100000000000000000e+02,4.000000000000000000e+00,3.054073725225389647e-04,1.121402198239551190e-06,4.344059187232336285e-08,9.903302278795484762e-06,9.887030457358529922e-01,7.563771228666442935e-03,1.096427488208297652e-03,2.309205773296065141e-03,8.927987523211598634e-06,2.146268861604674069e-06
1.338000000000000000e+03,2.000000000000000000e+00,8.706442789158667928e-02,1.815087998375282245e-04,8.555471023438021572e-01,4.628974513037371202e-02,4.769240076706816926e-06,7.316711669406226028e-04,4.186319310972915602e-06,1.791400140999531345e-03,1.755533729006833184e-04,8.209635594171300552e-03
1.530000000000000000e+02,3.000000000000000000e+00,1.400877710194588495e-06,1.716401985450449466e-07,5.563555690269869831e-05,9.994138576669754359e-01,1.951548258645299248e-07,8.357546965155969291e-05,6.656394451978267966e-09,2.071372539285935713e-04,1.746385171869098527e-04,6.338120622571632198e-05
1.031000000000000000e+03,2.000000000000000000e+00,1.096838126109328208e-08,4.822315710009744607e-05,9.999151203698269930e-01,4.638443336625441505e-06,1.953359747909398906e-09,3.608395934002088266e-06,5.986488367277787452e-07,1.468554117580818906e-08,2.743750493200998650e-05,3.458727514151776853e-07
6.550000000000000000e+02,9.000000000000000000e+00,2.306991478923072007e-05,1.890186218815931383e-03,4.767651184147030354e-09,1.148383822720585180e-05,2.200818816735623470e-04,2.499952117332039214e-04,6.431395772664692873e-07,3.304845280285608465e-04,1.888127122118186301e-03,9.953859233773856285e-01
1.397000000000000000e+03,4.000000000000000000e+00,2.673333282024340039e-05,1.121789224908643185e-04,1.250595955548599496e-08,4.955445666599598796e-08,9.736268307408285638e-01,7.235570797697736261e-06,2.619465092818592730e-02,1.031772029212140167e-05,2.199070287516224212e-05,2.129318205397592270e-11
4.200000000000000000e+01,1.000000000000000000e+00,4.054082658059442605e-07,9.739077137949351259e-01,3.397038385560746454e-07,1.658553657469251028e-03,1.553820161402815272e-02,5.234895330428937754e-06,1.192052528238320751e-05,3.788703932873415596e-05,8.659546061443012741e-03,1.801973000787184616e-04
5.170000000000000000e+02,1.000000000000000000e+00,7.776943331407335373e-08,9.883151182144651603e-01,4.271877436873755367e-03,6.313299904114573653e-03,2.104685025924381601e-06,1.028465015648745476e-05,6.632999524508519183e-04,2.639755346177791038e-08,4.180401972634214744e-04,5.870792663024153927e-06
1.324000000000000000e+03,9.000000000000000000e+00,3.296592491730262835e-04,2.152166110136755168e-06,5.160400808365215340e-06,1.076398036682210468e-04,1.868417543753516889e-06,7.238799736026143271e-05,5.026699398764999308e-07,2.542468961249678215e-05,1.660361619452875234e-03,9.977948429863309210e-01
6.980000000000000000e+02,7.000000000000000000e+00,1.001984139851284437e-05,3.190626724679689258e-05,1.203602090168595518e-06,5.271464199389352940e-05,8.662991043581947824e-04,6.222726141002678749e-06,6.900446957246885552e-07,9.986419913047493990e-01,1.437699142005133583e-04,2.451825531256323579e-04
7.190000000000000000e+02,9.000000000000000000e+00,5.527965085157705052e-05,3.210639384940517371e-01,2.044473660780208749e-08,1.995964184063609001e-05,1.311231917101422090e-02,2.074727176002327464e-03,5.716119854147710624e-05,5.357444082151917916e-04,3.334392985576953294e-02,6.297369199589766264e-01
1.564000000000000000e+03,1.000000000000000000e+00,8.706438816812067140e-05,6.618186920042283816e-01,5.075227316043892770e-05,1.608671557857950568e-06,1.487634578235083882e-01,1.505335100678922237e-03,3.215472669481487383e-02,3.005532261656050988e-03,1.523845402433985363e-01,2.282905388283624874e-04
5.150000000000000000e+02,8.000000000000000000e+00,4.649899223443555306e-05,4.346609992999322881e-05,6.022387609913184116e-04,1.152581274848633614e-03,1.311443750545657295e-05,8.365339387086573363e-04,6.217569389256095719e-05,1.001931924250518960e-03,9.891001605957283616e-01,7.141298281910068990e-03
2.400000000000000000e+01,4.000000000000000000e+00,1.859220926447560022e-04,5.217183539373390633e-02,1.194071005292887043e-07,6.359682322998265705e-07,9.391545300385433226e-01,6.398335331880255011e-06,4.461157538553472100e-03,7.544635803343997067e-04,3.262004791556833306e-03,2.932853968462830027e-06
1.331000000000000000e+03,7.000000000000000000e+00,1.519685586398193842e-06,1.277117002141873645e-06,2.225138399294330008e-03,4.343873821076008231e-03,1.427644165456761567e-04,2.319951371691696628e-05,3.817783670251379397e-08,9.918378385701744904e-01,2.825555697624688209e-05,1.396094741791206436e-03
1.232000000000000000e+03,2.000000000000000000e+00,1.291094149270199033e-09,1.070207245160398881e-06,9.995752161186366447e-01,3.802453069594222113e-04,1.128278614224436325e-10,9.066410458738899034e-08,5.004794218778965014e-09,1.472982685029260814e-05,2.780259664414286703e-05,8.388708434038740253e-07
6.790000000000000000e+02,5.000000000000000000e+00,1.406940312306193878e-06,7.922602369649243536e-07,8.863781199684380532e-08,1.203760550779674664e-05,1.453999831223427188e-05,9.996192974427675626e-01,6.210181492225459470e-06,3.354573063589845103e-04,3.911557608718489258e-06,6.258069591436209023e-06
5.440000000000000000e+02,8.000000000000000000e+00,6.349231483692038290e-07,4.831840547442858331e-05,5.223218472388591770e-05,1.292123451374136258e-04,5.115060360398847162e-08,2.168076902240624809e-07,5.023907218894967672e-04,1.526287787757561555e-07,9.988417273598989565e-01,4.250634726548560560e-04
1.219000000000000000e+03,3.000000000000000000e+00,1.249768100136197806e-07,2.353656546694244289e-09,5.875218135295566556e-05,9.997146914633547876e-01,1.415182614558460692e-10,8.619980670133532230e-05,5.236159977015076113e-10,1.865276035416501337e-05,7.478589821455076166e-05,4.678989442124755795e-05
1.760000000000000000e+03,1.000000000000000000e+00,1.180222088044444183e-07,9.908599861813802701e-01,2.229226071914249923e-05,7.219544642354488447e-08,1.562518848002506042e-03,6.783706869444893877e-07,4.083576022395986327e-03,3.860629085231953498e-06,3.466853678556994223e-03,4.379151768167814739e-08
2.390000000000000000e+02,4.000000000000000000e+00,9.637776327121202372e-09,9.658777653264302709e-02,1.412458229038347277e-08,6.875099422922552137e-07,9.022905497073324677e-01,1.484011017824977475e-07,3.402152988560212506e-04,6.734045805854612776e-04,1.071930449019499172e-04,1.162278347849332407e-09
1.636000000000000000e+03,6.000000000000000000e+00,7.832647099644195708e-06,3.673628622426984618e-05,4.261258685579744207e-06,5.938585028406809455e-08,1.250052444207210272e-03,5.966079660775484341e-07,9.986791736269252651e-01,8.490354047423158938e-07,2.043848854682385200e-05,2.190900777361904888e-10
9.900000000000000000e+01,1.000000000000000000e+00,5.255924875534197282e-07,9.936195161947589671e-01,9.123154754887771993e-06,4.904167644803761353e-07,4.966162641825485648e-03,1.997397066325557831e-06,9.449130366953225864e-04,3.395410358243761064e-05,4.232123322915490532e-04,1.051297731721876363e-07
1.362000000000000000e+03,2.000000000000000000e+00,1.760411326522992755e-08,7.783328284789630355e-07,9.991722014126523943e-01,8.254601662138177486e-04,4.417793773286881103e-09,6.128909290832150703e-07,3.319983295714803413e-09,6.010834629212581184e-07,2.634794678966575368e-07,5.729255509770466416e-08
1.195000000000000000e+03,8.000000000000000000e+00,4.937375941572860402e-04,4.821257888545705020e-04,3.360219339004859567e-04,1.602197903752694205e-02,1.554548240912886643e-03,1.294337367115002690e-01,3.555092812813270614e-04,5.824033541441561669e-04,8.457284235362310110e-01,5.011514521491023874e-03
2.830000000000000000e+02,7.000000000000000000e+00,1.414823726474375431e-07,1.081876638184809630e-08,2.259549920316073687e-06,2.909486741765686787e-07,1.568524117254491920e-07,1.815118408134860945e-07,1.639108966824067316e-07,9.999967008775424437e-01,9.297747890541103984e-08,1.070095736957089251e-09
1.350000000000000000e+02,5.000000000000000000e+00,1.660746854518873575e-04,2.740051832962933739e-06,1.036781851215995117e-03,3.153146056971488733e-04,3.785551935540869121e-05,9.973806983587212294e-01,2.652995614517577008e-05,3.499783558411469968e-04,6.281075867237451453e-04,5.591902901502667324e-05
8.590000000000000000e+02,3.000000000000000000e+00,2.531414062796682287e-09,3.088049214727706432e-09,9.627966894091911072e-06,9.999756441107144900e-01,5.656784026396197869e-11,8.111823534509187313e-07,1.655332297358824939e-09,8.016356262834789904e-07,7.573574794450217964e-06,5.534198253836879358e-06
1.890000000000000000e+02,3.000000000000000000e+00,8.739506585014165770e-07,8.482264299869187337e-09,1.748956278420186615e-04,9.994625624367801109e-01,2.479454711717028269e-09,6.197645266332502709e-05,4.884851109104340334e-10,1.976966135424826332e-04,1.388117801723784977e-06,1.005953505075717465e-04
2.690000000000000000e+02,3.000000000000000000e+00,1.210215752986052696e-07,6.467320646544229973e-05,2.624714235948983560e-05,9.969673977769886175e-01,3.414058021773839488e-08,9.978099172545055323e-04,4.530050998465052597e-07,2.741217047726815480e-06,1.951522191909187836e-04,1.745370353438057461e-03
1.709000000000000000e+03,1.000000000000000000e+00,4.792561650513047888e-08,9.797978146341040917e-01,3.973060983178212176e-04,3.178839237002111958e-06,1.051477793211185885e-05,1.615717403607004107e-06,4.975242410301246483e-03,2.861197264571230707e-07,1.481383443971677136e-02,1.590376445248586752e-07
1.430000000000000000e+03,5.000000000000000000e+00,3.004140260139261636e-06,6.451383012791504772e-08,1.191491506272258843e-08,7.903409463851898860e-05,1.215392172487092785e-08,9.998709906107713374e-01,3.099714156802505850e-07,1.409980993500194693e-07,1.845237580245006061e-06,4.458636456791693480e-05
1.209000000000000000e+03,7.000000000000000000e+00,4.589918830145844356e-07,7.322156098195024669e-05,4.113345254823542064e-04,5.392464983069800096e-05,3.834086410287710386e-04,1.217356203452660709e-05,5.808460187240368525e-07,9.986017500795967283e-01,2.448167589030434028e-04,2.183303842402385632e-04
7.060000000000000000e+02,3.000000000000000000e+00,2.388711794366400277e-08,1.252632294764669797e-08,3.551897025106115632e-05,9.999217910763504857e-01,7.670095171048901417e-10,1.176313807703639450e-05,3.027371164618442035e-09,3.609964800985105202e-06,2.598431398519615905e-06,2.467821130032068182e-05
9.750000000000000000e+02,9.000000000000000000e+00,6.518653116790433911e-06,6.406154579038332953e-07,1.549032622022040515e-05,8.277836083327131875e-03,2.697344441067218577e-07,1.759408474360139396e-04,3.928060840611755954e-06,3.533714200399246854e-06,3.131095143712126373e-03,9.883847468212447751e-01
3.180000000000000000e+02,3.000000000000000000e+00,5.497184001481330869e-08,7.121901765814264734e-08,3.301337228055531816e-05,9.989827890241116393e-01,5.321036261844184853e-10,3.156416502076854588e-04,1.535381351555030877e-08,6.504966392304664658e-06,1.930816053989444070e-06,6.599780941788849350e-04
1.713000000000000000e+03,5.000000000000000000e+00,5.366307003943154956e-06,2.987223152682868310e-07,4.159056916692525391e-10,1.269452084241503701e-05,4.263183631145723256e-06,9.999006312810034824e-01,2.175410012310246847e-06,1.047568303462372923e-05,7.224849767315716292e-08,6.402222775342910374e-05
2.570000000000000000e+02,1.000000000000000000e+00,1.456659618727466371e-07,9.903630524737802032e-01,6.362115560918934782e-04,4.991239587615070740e-06,2.703061747848662646e-05,6.841301812675628787e-08,1.259042476051371376e-04,5.499593137513144231e-05,8.787373136143533311e-03,2.267189582745576698e-07
8.720000000000000000e+02,8.000000000000000000e+00,1.810043966268910158e-05,6.599065711168175009e-03,3.582910083053024441e-02,1.120099231333174239e-01,1.303398339992720058e-03,3.138455616529990319e-03,9.530497288088857211e-02,3.957580300157529729e-04,7.445421582365838731e-01,8.590667813103803436e-04
5.780000000000000000e+02,3.000000000000000000e+00,5.029968606858800087e-04,8.012055051598785923e-04,2.684487865746484347e-01,3.474457365678552123e-01,4.775116286636042361e-06,2.388276274716249472e-04,8.684935153018837582e-04,2.828144008155537544e-04,3.060129532196724789e-01,7.539341061210243222e-02
1.157000000000000000e+03,0.000000000000000000e+00,9.979732699794460205e-01,1.240824059913115093e-08,1.964287848060912201e-06,3.590469674812319073e-06,1.455564754390722503e-05,8.000424578020596568e-04,6.484899657241303885e-05,1.310124801040411467e-05,4.321227424285113629e-04,6.964917624332881991e-04
3.690000000000000000e+02,2.000000000000000000e+00,7.647164860257225305e-07,6.388893937825901452e-06,9.962811207601189878e-01,1.408743894562176132e-03,3.145506408939184044e-08,2.893674498320399908e-06,2.516593378552125386e-06,1.576164291234396125e-05,2.262086333641851951e-03,1.969203539978620144e-05
1.481000000000000000e+03,6.000000000000000000e+00,2.861312749980345072e-02,4.659807631628275879e-07,1.771264032526557119e-05,4.794275189276729567e-05,2.017763596477326407e-03,3.353062130632813564e-03,9.477706571853729001e-01,2.005969189755304234e-06,1.817710270934201622e-02,1.595362004835202521e-07
2.850000000000000000e+02,9.000000000000000000e+00,3.119642982728259465e-06,3.285380648070466600e-07,1.762172546517107242e-06,4.184821439706544856e-04,4.162620357344892876e-08,8.483476433959671943e-06,1.672920890624831641e-08,1.092149513337191775e-06,6.327330420195001991e-03,9.932393431008804674e-01
7.280000000000000000e+02,6.000000000000000000e+00,3.202836071981845644e-04,5.280754082751348286e-06,8.267264256491805502e-07,1.064500914624843066e-07,7.620858903260371332e-03,3.425320871272371804e-05,9.916334983702703720e-01,4.896693393411851263e-06,3.799930109888604484e-04,2.275576230385271852e-09
9.930000000000000000e+02,9.000000000000000000e+00,2.830280933284401923e-04,1.145828043271935989e-06,6.063725867480409968e-05,4.330041209004469732e-03,4.273644450609741889e-06,1.710889156240957614e-04,7.614310914229507204e-04,9.617299941265761580e-06,1.262580026123102384e-01,8.681207340471998046e-01
1.333000000000000000e+03,5.000000000000000000e+00,9.154040470408334674e-06,9.460433939788081319e-08,1.702598630117800279e-07,2.301310372022330897e-03,5.265069194254079924e-08,9.975192743059152489e-01,1.403676221846999399e-05,4.321114202795919560e-07,1.128317999943618025e-04,4.264309306471715175e-05
6.540000000000000000e+02,8.000000000000000000e+00,8.242890933466203048e-07,8.486333133415963937e-08,1.144262558792836346e-05,2.711340788956483928e-05,2.833736287896577486e-07,7.441604504620511844e-07,2.760950018765489500e-05,1.100867047422425408e-06,9.987005990118463794e-01,1.230197900937104148e-03
1.589000000000000000e+03,5.000000000000000000e+00,2.815424986949271405e-03,1.269137442848111941e-07,8.154573511163700102e-05,1.776189276201618927e-06,7.409154678963142382e-07,9.946849445163734593e-01,1.899642027525592412e-05,2.345966763441292065e-03,3.156016461413189869e-05,1.891739474669170291e-05
1.781000000000000000e+03,8.000000000000000000e+00,2.977269700889209787e-04,1.966378099989795139e-02,7.575957269286821925e-04,7.564659319948656424e-02,3.217647836032376811e-04,1.433831013225313200e-01,5.137042250326635806e-03,8.450344756264556879e-05,7.302406238075688227e-01,2.446726749200526033e-02
3.120000000000000000e+02,1.000000000000000000e+00,2.591050102992050510e-08,8.943823934378628548e-01,4.262452198579710919e-06,5.375661321047801275e-05,1.714185003207883626e-03,1.896934637596249923e-08,2.279922305037512538e-04,7.831909447335145776e-05,1.035372510194333545e-01,1.795269262542833218e-06
5.620000000000000000e+02,5.000000000000000000e+00,5.324128536301728795e-05,1.865757591849862933e-07,1.204556562208551188e-08,1.385035486511396554e-04,2.535991163226647775e-07,9.987968432141400843e-01,6.861215084504253305e-08,1.026679644392170443e-06,2.406901756785638520e-06,1.007457537852616408e-03
7.040000000000000000e+02,6.000000000000000000e+00,1.863381343853294904e-03,8.835751893215474643e-07,2.032718242352378341e-05,1.536902324348520194e-05,1.292409306518247638e-03,1.257187233345239015e-04,9.959217321607630735e-01,1.093884090226496093e-06,7.590841628145195011e-04,6.377696137451398196e-10
1.029000000000000000e+03,0.000000000000000000e+00,9.997207979280725576e-01,1.440973345768424267e-09,1.491006836008981321e-06,1.458786377610419565e-05,1.246361245345249151e-05,1.447115314436516766e-04,3.926848211846458732e-05,1.794576429229806819e-05,4.569720846023122044e-05,3.035161574083933680e-06
7.080000000000000000e+02,3.000000000000000000e+00,1.577372679653477474e-06,4.666105025679102746e-08,3.594347303166206564e-04,9.976939368236673600e-01,8.899044393978849821e-09,8.635890076209460850e-05,4.025492025539506455e-08,6.000093707053180805e-05,1.441176924565804375e-05,1.784183651243223144e-03
7.740000000000000000e+02,9.000000000000000000e+00,5.616797757229415028e-06,2.002826232176722066e-01,1.026893812665346428e-08,1.907883015108190552e-05,3.786645120455152305e-03,1.546916240840784558e-03,6.553177453646334049e-06,3.273307858148407842e-03,1.994356993578296627e-02,7.711356785528002966e-01
3.770000000000000000e+02,4.000000000000000000e+00,5.354425348981497540e-05,1.592219830917252950e-06,1.475607717127295630e-09,1.128685109742891621e-12,9.998346701055127461e-01,2.461274689146817841e-07,8.446397268985862466e-05,2.533834939243748125e-05,1.434527701055652864e-07,4.210878673537311032e-11
1.198000000000000000e+03,4.000000000000000000e+00,1.541338331498973353e-04,1.497330531704437095e-05,1.469312995457146090e-09,3.344866739037723014e-10,9.992295108632883727e-01,9.795801798203249744e-09,5.691822509592967460e-04,2.553987282722825573e-05,6.648196932479897133e-06,7.792412804607689962e-11
7.240000000000000000e+02,0.000000000000000000e+00,9.998750431854264153e-01,3.738857957927221355e-08,1.685155523035586497e-05,4.623348980597963614e-07,4.655335884352898774e-06,1.836729568868973546e-05,1.178783252770531753e-05,5.930516169575159160e-05,1.340858644036300929e-05,8.132362855098062001e-08
1.660000000000000000e+03,4.000000000000000000e+00,5.837685810189064542e-06,2.275280473537782413e-04,2.757506694528166487e-04,6.715627002167536374e-06,2.810207113734652234e-02,2.805337696476110053e-03,7.519713573236723876e-06,2.087465585791007435e-03,8.045154053401207817e-01,1.619663684970733819e-01
6.560000000000000000e+02,0.000000000000000000e+00,9.955990386740435349e-01,6.316108247957931983e-08,8.446680818907349947e-05,3.614670813152916586e-05,1.528012383432754710e-04,1.983614317150615963e-03,2.057748148057474115e-06,2.049335239905980717e-03,7.816580379519195369e-05,1.431030121050708132e-05
5.840000000000000000e+02,4.000000000000000000e+00,6.890974243814552221e-07,2.489415938500230983e-05,4.268303401615013570e-08,1.384316908993433608e-09,9.980988135701921449e-01,1.513898107242080192e-05,2.421736401704677975e-05,1.832870039989896926e-03,2.873608477737372722e-06,4.591120904052658228e-07
1.340000000000000000e+03,8.000000000000000000e+00,1.520248850659361863e-05,1.607849092708300192e-03,7.823653343870487118e-05,2.487679232645400616e-05,3.438885525705163190e-05,2.187769038383390323e-04,9.221633789420204154e-06,2.558053604785774296e-05,9.961768123692936738e-01,1.809054794793572363e-03
4.080000000000000000e+02,2.000000000000000000e+00,8.698857626085354635e-08,3.581595272217126145e-04,9.990042122698422622e-01,4.700173865990096779e-04,1.237740547920156286e-05,4.780128266463747684e-05,2.678539296018897400e-05,2.138092361200473261e-06,7.817177955838284684e-05,2.498747371561606664e-07
1.088000000000000000e+03,7.000000000000000000e+00,7.552780505301905237e-07,8.461428522313796819e-05,6.341830341119077986e-03,3.870525731446765230e-03,7.084141347921243861e-05,6.717180088570034232e-04,4.063217446650277490e-05,8.945714020847076453e-01,9.424661210232770925e-02,1.010685803225688914e-04
1.552000000000000000e+03,7.000000000000000000e+00,7.147104659943539435e-06,1.109791535522940175e-03,1.936581335760388309e-02,2.334176652252394546e-04,1.022793835091361517e-04,5.358124593081139481e-05,2.770322770353697014e-06,1.680511215205842679e-01,2.793487241177092240e-01,5.317253537464841084e-01
1.675000000000000000e+03,8.000000000000000000e+00,3.945970751802394785e-05,2.353338562438652575e-04,6.753774345520713101e-04,6.017548541982350313e-02,1.832133581510891174e-05,2.156465268428393433e-03,4.654045335204203525e-05,3.090467334866474455e-04,9.306292421006934212e-01,5.714727690086897523e-03
1.223000000000000000e+03,6.000000000000000000e+00,1.085141523223435048e-05,7.669657919336781939e-06,3.086082430607843109e-06,3.114550968208748323e-07,3.641711794894388455e-06,3.137867207805572385e-07,9.996529288472425501e-01,1.175786874769552493e-08,3.211818734069958972e-04,3.412287163853408657e-09
8.000000000000000000e+02,4.000000000000000000e+00,4.531229942958128417e-05,3.744689164226302945e-08,2.021616676075768310e-09,6.004295508920646598e-11,9.998848368393796759e-01,7.111245808483681576e-07,4.582268594300681141e-05,2.317051917999843132e-05,1.069882926344252079e-07,1.464272332277842707e-11
6.150000000000000000e+02,1.000000000000000000e+00,5.995517533423193112e-08,9.973574111002868614e-01,8.847911743016158715e-05,3.799110103746511193e-07,4.924690280094664341e-06,2.672880912695370920e-06,4.358402923552580051e-04,1.604800420132430013e-07,2.109493839761519916e-03,5.777327458033480475e-07
3.400000000000000000e+02,2.000000000000000000e+00,5.901753787584596884e-07,2.425824692801974103e-06,9.970807044550429321e-01,1.950121815557374428e-03,7.445636018438723062e-11,2.228544602412661045e-06,9.921609525823294577e-07,1.072212009412555363e-06,9.182254587135787842e-04,4.363927859375357608e-05
6.920000000000000000e+02,5.000000000000000000e+00,3.338986149397764482e-05,2.124060272813008745e-05,2.420915772091908174e-06,2.761010483327216731e-04,3.201506951098598536e-06,9.994667457235133501e-01,6.892037977251244636e-06,7.516354389811575319e-05,8.495460478032698746e-05,2.989015455302013516e-05
3.220000000000000000e+02,6.000000000000000000e+00,5.316586894494088706e-04,1.339893823760258565e-07,6.273889055531323418e-06,9.371561132328913289e-06,5.036616515412079903e-05,2.981977274472531828e-05,9.983988145043206641e-01,4.444857572091683097e-06,9.691043728945776667e-04,1.219829412947745187e-08
6.380000000000000000e+02,8.000000000000000000e+00,3.640568539862079470e-05,2.363203112906648445e-02,1.535966088909684196e-02,6.018568171077624124e-02,1.170297175257156220e-04,9.123224505191966055e-06,2.296976998922500846e-02,2.987378083007536343e-03,8.706164492991033121e-01,4.086470272295123114e-03
2.500000000000000000e+01,5.000000000000000000e+00,9.026440058455100293e-04,3.114339416402352322e-06,1.284782305464441169e-05,1.643762827702129113e-04,1.692409177383696732e-04,9.983806693364846163e-01,3.533457648037642638e-05,1.436783880406914868e-04,1.768018496034840046e-04,1.129248056567206262e-05
6.440000000000000000e+02,9.000000000000000000e+00,4.079868407729755940e-04,1.049405321246378117e-05,6.232672047328483445e-04,1.162477933188124299e-03,2.481571672739858116e-06,1.124429479999895968e-05,2.675088978447304352e-05,4.213775957492088228e-04,2.134320271718285339e-03,9.951995993443689681e-01
9.180000000000000000e+02,3.000000000000000000e+00,2.469223563163392863e-05,4.454701670544891948e-05,1.907171969229875435e-04,9.965517482393605464e-01,4.883455699798274598e-07,1.354829730282917791e-03,1.777127714307974243e-06,4.917628957663265643e-05,7.344879666848358338e-04,1.047535851550623030e-03
3.460000000000000000e+02,1.000000000000000000e+00,9.230643219995708087e-08,9.800192372475620139e-01,4.788371722441677261e-03,2.211445426437291546e-05,5.784171992948551567e-04,9.566759195622336767e-09,4.378955271124818039e-04,3.956310584661054588e-04,1.375806273262478521e-02,1.681850422447337460e-07
5.470000000000000000e+02,9.000000000000000000e+00,9.862546731354065934e-05,1.394516537804548124e-04,1.749545798632722862e-05,2.057469914330327734e-02,9.428107489209855917e-05,5.202209390998201004e-03,6.584616786599469924e-06,3.946393387500101530e-04,6.539957071938587996e-01,3.194763066623306780e-01
8.690000000000000000e+02,1.000000000000000000e+00,5.275499930769096620e-08,9.980413808730538294e-01,2.888262371895088674e-04,2.823947859551024329e-05,5.666289333973305336e-05,5.553506524721210240e-06,5.635946116298023317e-05,5.089008143375398205e-05,1.471091412442003402e-03,9.433012585402569303e-07
6.590000000000000000e+02,3.000000000000000000e+00,5.635848033558066181e-05,1.991704657329620098e-06,6.195263317827132132e-03,9.851655343692766742e-01,7.396096163773267348e-07,1.691846387984794788e-03,1.008821805593979935e-06,4.949129066781594389e-04,2.458185566678507754e-05,6.367762546151537091e-03
1.142000000000000000e+03,2.000000000000000000e+00,1.168256822832842917e-09,5.338968089534201457e-06,9.999826879872968366e-01,8.127000871576941832e-06,3.793009434402312771e-09,3.779394268527676424e-10,4.676087935328352394e-07,3.193223778672353944e-07,3.051773780382832968e-06,1.999584439409774543e-09
9.870000000000000000e+02,1.000000000000000000e+00,9.490751940606088056e-06,9.747237609822559934e-01,8.896407790695819856e-03,2.393837465970078157e-06,6.634101963888762096e-04,9.309773066023468296e-03,3.887594916024645318e-03,4.292327359541072369e-08,2.470820171955776749e-03,3.630536397506455069e-05
1.207000000000000000e+03,2.000000000000000000e+00,3.864695453517364594e-09,2.079544229048365991e-07,9.986152213391874533e-01,1.325504215526555288e-03,3.535691838252417015e-10,2.133133764071703654e-07,1.661756271383901111e-08,2.046332004600288277e-06,5.649893649117554835e-05,2.870731634021216140e-07
2.250000000000000000e+02,4.000000000000000000e+00,4.470652766427296545e-08,2.390509661072932369e-03,7.820991313021065368e-10,5.500020210821626200e-08,9.966682696350480652e-01,4.774157485302670076e-07,7.215040249060356578e-04,1.995385734211434670e-04,1.959656235110637890e-05,3.638623093136646866e-09
3.900000000000000000e+01,9.000000000000000000e+00,9.646247560809608325e-04,9.081752045395943796e-05,6.038859884244949985e-04,5.601557181142951397e-03,2.085320778509268823e-07,1.815125539069395140e-03,9.333688463994393458e-07,1.408902407088754948e-05,2.199619572963319898e-03,9.887091385168698121e-01
5.300000000000000000e+01,8.000000000000000000e+00,6.981512542477269750e-04,1.583853444770080441e-03,3.606302682478314345e-03,1.735355573267150496e-04,1.213741884576488399e-03,7.604890845346527317e-05,2.059317243560086774e-04,7.098729388530931189e-03,9.852965993824149837e-01,4.710577284526757026e-05
6.950000000000000000e+02,0.000000000000000000e+00,9.992626713783596681e-01,2.343439657658491300e-08,2.467782413694331357e-04,1.629751755622393787e-04,1.266026776986882712e-06,7.163287482995876754e-05,3.367812017606891527e-06,2.382537592960153148e-04,7.044462050210569256e-06,5.986835341373412979e-06
9.080000000000000000e+02,3.000000000000000000e+00,1.671163627235966933e-05,1.645869962132427965e-06,1.597870165702994661e-03,9.955457461830594657e-01,3.583180671252574035e-08,8.470940198431050824e-06,1.125917252216418440e-05,1.148556705864946692e-04,1.913310126444364625e-03,7.900944034449707649e-04
1.758000000000000000e+03,3.000000000000000000e+00,2.795455790561361577e-08,9.910979172713003006e-07,6.963927535276769684e-06,9.992174921855691005e-01,6.444195148073244728e-08,4.330078512593589077e-06,1.308695197803648032e-06,7.588962198599433340e-06,1.966086634926948935e-04,5.646239930675038717e-04
1.405000000000000000e+03,7.000000000000000000e+00,1.085045314587699366e-05,8.343584065134313659e-05,6.866689120871634789e-04,3.604393988079065188e-03,7.311360192556068567e-03,2.563785651178564519e-05,1.421063635369749732e-06,7.640836278318898778e-01,2.059111084463127392e-02,2.036014930168120463e-01
1.620000000000000000e+03,0.000000000000000000e+00,9.996310239646166718e-01,1.275170458289557205e-09,1.419417951528784795e-06,3.120447973710494173e-07,2.717561469632041505e-06,5.856640683408890005e-05,2.125395329319357024e-04,1.049756456563769360e-06,9.099040392667271662e-05,1.379635845134867127e-06
1.761000000000000000e+03,7.000000000000000000e+00,2.444128067514999300e-07,7.377938944451647222e-06,3.254683246066688370e-05,1.396183400696952132e-04,2.713675383293473662e-05,3.364001770999269082e-06,1.260896893916034448e-07,9.997721103096387507e-01,1.383198234049095615e-05,3.643338445629725728e-06
1.203000000000000000e+03,5.000000000000000000e+00,1.509082637197746955e-04,5.863898080461535239e-06,2.470257426876241872e-08,3.235356974456262639e-03,4.842421049434953302e-05,9.809980244529246107e-01,1.516490730066458875e-02,2.743298483708977249e-05,3.464179391158135569e-04,2.263927313280917033e-05
9.810000000000000000e+02,0.000000000000000000e+00,9.909652923209015807e-01,2.664085002155158400e-08,6.514994074772802613e-04,4.899267744163777430e-05,1.655117632972011017e-05,6.696036706903090580e-03,4.262508819049573800e-05,5.538455610095254904e-05,1.326362902445784751e-03,1.972285233593001820e-04
7.840000000000000000e+02,8.000000000000000000e+00,8.270605126404313116e-05,8.359403279735484402e-03,7.756055670946846239e-03,7.061735413481227963e-03,2.649704220500752761e-03,1.027214582904273019e-02,2.569647514022140866e-01,1.071741377940134372e-04,7.061087942253748695e-01,6.375297696459533746e-04
6.960000000000000000e+02,2.000000000000000000e+00,8.168538609456378378e-07,4.253687050856777705e-07,9.918984083178975508e-01,6.252724770392657089e-03,1.733088307502364431e-08,3.214535014847821167e-06,8.608239920535393414e-07,1.864428916390922732e-05,1.821647549056556537e-03,3.240161033316662327e-06
5.180000000000000000e+02,2.000000000000000000e+00,3.407910283523775310e-04,4.492346953901829032e-01,5.315157158638241786e-01,2.963609545125331021e-04,2.291504342980955466e-03,6.614120148761103558e-05,2.501720087612853741e-04,6.006237520203643824e-04,8.814141903130364927e-03,6.589853554747370987e-03
1.172000000000000000e+03,5.000000000000000000e+00,2.713655943979971289e-06,6.989127520038305237e-10,2.193384299113304998e-08,5.405438966911721953e-03,5.778142248500992929e-08,9.945719780731582249e-01,9.628414715234084458e-06,6.569722487593725955e-08,6.171907361075572555e-07,9.477587131829910721e-06
5.070000000000000000e+02,4.000000000000000000e+00,1.067651781485519255e-04,9.657040002747729543e-03,7.294116004346394971e-08,1.752221069430199580e-07,9.840683046448631677e-01,4.718351763831721176e-06,4.593172732881688897e-04,1.801713428424663943e-03,3.901051598501575554e-03,8.413589953079355641e-07
3.130000000000000000e+02,2.000000000000000000e+00,2.590725704424540873e-08,7.650562721103925696e-06,9.998726457808212453e-01,2.589420619005442694e-05,1.882219016985729516e-10,5.403424375636649891e-07,8.581687337908754808e-07,1.567739811199404100e-08,9.183053169706484158e-05,5.386345220166388954e-07
4.400000000000000000e+02,2.000000000000000000e+00,2.029470379083293328e-07,9.951884989493239007e-05,9.977697802672237382e-01,2.104840512311678073e-03,3.170414095514396071e-06,4.083994472883743832e-06,1.469633837364519260e-07,1.636255338552248173e-05,1.080367843837158015e-06,8.131303503267181589e-07
9.730000000000000000e+02,5.000000000000000000e+00,5.557900455171591333e-06,1.952027979640601771e-06,2.038370940716968632e-07,1.430666438635553152e-04,5.426434424436392228e-09,9.994454061110646936e-01,6.395950399805202179e-08,5.688820309794136896e-08,3.934336900709514807e-06,3.997528685008383759e-04
1.050000000000000000e+02,9.000000000000000000e+00,2.042271083810186239e-02,8.459361157442412717e-04,2.430116104190791285e-02,1.165692724377242612e-01,2.018389754860356179e-05,6.498342983615971492e-03,5.149213754258487324e-05,2.402605646398838900e-03,1.622347106432932892e-03,8.272659477949827478e-01
1.635000000000000000e+03,7.000000000000000000e+00,2.709028051524782257e-06,3.794796846710866326e-06,3.808651847796273426e-04,4.299612604086211384e-05,1.115533063316572221e-05,8.284389364390185514e-06,1.009153127508504181e-07,8.547524291770420835e-01,5.715648779694392639e-02,8.764117725498477007e-02
1.268000000000000000e+03,4.000000000000000000e+00,1.343316269793828660e-04,6.749644852118906855e-09,7.687981604259715923e-11,4.374127021328265180e-11,9.998098619683707389e-01,5.033777607737007909e-08,3.661684873537746678e-05,1.908305178372926190e-05,4.928543600495097470e-08,1.065289227731175167e-11
1.281000000000000000e+03,4.000000000000000000e+00,1.624722592425358221e-03,4.956502144658659009e-07,3.112329028056153856e-08,7.200027659703884066e-08,9.869017031429337949e-01,3.499204840404493509e-03,2.989782040974191778e-04,7.672843551508480749e-03,1.448651216628039205e-06,5.002436323413319152e-07
1.653000000000000000e+03,7.000000000000000000e+00,9.656555521832217407e-07,3.456253178454727726e-05,9.183172472839198864e-04,6.316003462065266458e-07,2.335007574846920987e-03,3.028852746371893126e-07,2.584833400188562495e-06,9.961352164562663480e-01,5.650987641107502483e-04,7.312451134180048560e-06
1.744000000000000000e+03,2.000000000000000000e+00,2.063911532219778125e-08,1.500102050962730505e-08,9.996110499434829322e-01,3.788173659974279910e-04,8.541709869998098421e-10,2.439807054489649512e-07,1.271363470266415345e-08,4.652964697560427823e-06,5.169473142800262748e-06,1.706403214820389571e-08
2.910000000000000000e+02,5.000000000000000000e+00,3.439033684852871005e-04,3.588910472056792327e-07,7.310824419476239315e-06,1.297815215781373543e-01,1.050104853315168973e-05,6.102463096575623247e-01,2.320841610270640582e-03,1.153521475618751770e-05,4.234888039513141043e-03,2.530428297672751015e-01
1.610000000000000000e+02,9.000000000000000000e+00,1.084626481628684410e-03,6.856013336391786339e-02,3.014089761763068601e-04,2.499734772237025004e-02,8.881352493246341467e-06,5.819686741061285383e-04,2.910328703274548731e-06,6.143673524955536825e-04,1.586847512553985970e-03,9.022615082355547322e-01
1.443000000000000000e+03,8.000000000000000000e+00,6.535778511064957940e-05,4.508688206257501266e-04,5.315174836890249575e-03,9.312604430172258252e-02,2.000490137425284319e-04,9.824789902048471080e-04,3.952724331513077748e-03,1.541084117043691653e-03,6.390789478268863455e-01,2.552872699762603337e-01
1.273000000000000000e+03,2.000000000000000000e+00,4.369854311357841925e-09,1.924962432514189796e-07,9.986228251729069028e-01,1.281405854917287137e-03,1.256861158546947375e-11,1.229398393741506649e-07,6.876599743283304941e-09,2.069177196210740841e-06,9.096250983103675025e-05,2.410590043132445286e-06
3.310000000000000000e+02,2.000000000000000000e+00,3.752585533261359232e-09,3.181128947415588665e-07,9.999397358730113261e-01,2.733174354689448180e-05,1.105470368217305687e-11,8.592991244696594641e-08,3.511349095751817344e-08,3.124676955972514622e-08,3.229549226116342652e-05,1.627244726104597553e-07
7.000000000000000000e+02,2.000000000000000000e+00,3.306541536238593432e-06,3.351137656383428205e-04,9.377837652350636821e-01,2.622440033063335677e-03,2.459637210285417927e-07,1.223524228624588584e-04,1.624309019367483524e-05,5.992838397748871362e-05,5.875760950955657286e-02,2.989950543872357965e-04
1.164000000000000000e+03,7.000000000000000000e+00,3.948595664142824288e-07,1.513431731357325210e-04,2.756294053641901245e-05,6.482328526581388611e-05,1.745687157787593428e-04,1.234618948140734805e-04,3.111255718350268724e-07,9.912274078162576219e-01,1.115825836045958568e-03,7.114300353027741206e-03
5.460000000000000000e+02,0.000000000000000000e+00,9.998709944655622683e-01,1.523297411537542627e-08,4.647634802806032333e-06,5.209238387351726458e-07,1.980954165426710457e-06,2.239508799904751715e-05,1.047081410796525695e-05,2.777817854514725145e-05,3.241055354327696019e-05,2.878615446100381045e-05
1.574000000000000000e+03,9.000000000000000000e+00,2.486149117901812009e-04,4.699157555596356756e-02,2.428020538499544509e-06,3.963728017343549768e-05,9.142756530548063962e-05,2.629377928943079024e-05,2.624499213167091615e-08,6.908795516610444221e-03,1.269620280863220218e-03,9.444215808444735849e-01
1.570000000000000000e+02,7.000000000000000000e+00,4.063937481591636897e-08,1.486022349391849630e-06,2.032575906675574971e-05,2.391654532083375287e-06,8.356224983865900846e-04,7.660775781597006941e-07,1.811743719367235462e-07,9.991368051181486187e-01,1.975682218186119468e-06,4.053739736118028936e-07
1.260000000000000000e+02,0.000000000000000000e+00,9.989605714593617902e-01,2.248961681974637316e-05,9.147458519806930241e-06,6.589637699763335453e-09,3.991775705643387667e-05,6.633278564051264890e-05,4.312370279618707252e-04,8.421703901017247969e-06,4.324041903890765226e-04,2.947141071188591431e-05
4.440000000000000000e+02,6.000000000000000000e+00,1.698596115797677733e-04,2.529567759688354807e-06,1.959024700668172535e-03,5.267987918446059674e-03,5.844740464511486474e-05,3.376736293659893685e-05,9.908197070273645490e-01,1.420564536422208710e-04,1.546613452796551406e-03,6.500161188020397713e-09
7.800000000000000000e+01,0.000000000000000000e+00,9.932638052704900744e-01,1.692774890015025716e-07,9.268016178931883214e-04,4.570962396766825186e-06,6.896371065212059057e-06,1.268422717516874210e-03,1.757609102109516789e-04,5.458668650940869636e-04,7.577093966349840448e-04,3.049996611208697934e-03
8.420000000000000000e+02,6.000000000000000000e+00,2.552700458949759983e-05,7.257363928048331467e-06,1.816381526638614607e-07,3.773047065802949152e-09,9.168074337044238888e-04,2.327201819313310001e-03,9.943393451440029063e-01,4.436794792363305195e-08,2.383618940648025725e-03,1.251466596244147317e-08
3.160000000000000000e+02,3.000000000000000000e+00,2.042628865967671542e-07,8.407206884526828168e-07,1.022560436051896002e-04,9.995082553028850070e-01,6.343041082355009157e-09,8.239558732453197178e-05,1.053807326330241171e-08,5.238291852593532567e-05,1.151430244747913362e-05,2.421339805221774566e-04
9.100000000000000000e+02,5.000000000000000000e+00,3.146691427746583320e-07,1.126744983121249974e-06,3.862500062062096446e-09,1.096975279587388783e-04,1.614834897257148050e-08,9.998402445274835459e-01,3.163138350002142924e-08,1.214673351549875303e-07,2.010715519405077988e-06,4.643270534445763077e-05
6.500000000000000000e+02,4.000000000000000000e+00,6.341360586659358275e-08,1.025238918021012004e-03,4.002356985894168420e-10,2.606562528314058403e-07,9.979781359095981630e-01,2.170377399474219731e-06,2.622006181384000615e-05,9.650779246126921316e-04,2.831208258430109552e-06,1.130201595613723406e-09
1.000000000000000000e+02,4.000000000000000000e+00,4.099520290263062688e-05,2.208430386159913449e-03,8.804650231841133831e-10,7.379691419821817333e-09,9.967190555495563098e-01,1.859811219228577032e-06,9.076705526818746195e-04,1.135745191038513150e-04,8.404338950062041131e-06,1.379269774725820093e-09
1.762000000000000000e+03,6.000000000000000000e+00,9.532669710907501611e-04,1.366803617335465574e-06,4.336718679212599357e-06,2.801247051785387865e-07,1.303384930126247989e-05,2.047796183790759306e-05,9.834367229894835916e-01,1.122401114461565097e-07,1.557038848019960849e-02,1.386097332946423026e-08
7.230000000000000000e+02,2.000000000000000000e+00,6.427384365832019716e-06,1.258323350142547111e-03,8.814766359966943465e-01,3.027771226047166944e-03,3.226533856678405773e-07,5.828302853392287549e-05,3.606983638238620503e-04,2.049323743704413201e-06,1.137150480917859807e-01,9.444058147673282261e-05
2.750000000000000000e+02,9.000000000000000000e+00,9.466018740964445569e-06,9.968597904417410640e-05,4.514571802884484610e-05,8.136500313414725665e-05,2.104230860951495762e-03,4.427147212928707310e-04,2.264338980333018644e-06,3.323715884236716489e-02,6.346168453140106636e-02,9.005162839860588742e-01
3.650000000000000000e+02,5.000000000000000000e+00,3.361287998135573223e-07,1.895381874000865923e-07,1.306169263268497919e-08,4.649981096486119629e-04,3.375718426982587398e-08,9.994982196503507943e-01,1.670627932175213914e-08,7.235279904595706780e-08,1.481200115336076835e-06,3.463949494295321085e-05
6.990000000000000000e+02,8.000000000000000000e+00,6.136117203403636017e-06,1.915261364009985984e-05,1.044004594247302978e-05,6.353696711795439036e-04,4.552151802524779773e-06,3.282793430230972914e-05,1.880885478901613190e-04,1.217903088201633142e-05,9.986836890234854769e-01,4.075648636718968206e-04
1.639000000000000000e+03,3.000000000000000000e+00,1.214048804182210443e-07,3.446897693262369449e-05,5.253228002909219067e-04,9.986218889293969614e-01,3.714050503373136416e-09,1.615362459925621624e-05,2.369373819294373202e-08,2.643365364052908328e-06,5.652850720513701932e-04,2.340884186956698493e-04
1.159000000000000000e+03,2.000000000000000000e+00,4.960679983702084665e-08,4.038314125427575540e-05,9.998691986403004384e-01,5.209518743521353106e-05,5.005023380782214777e-10,8.122663407777708483e-06,4.913964635741880182e-07,1.782299813500873850e-07,2.761379869200384523e-05,1.866835163233189900e-06
1.299000000000000000e+03,2.000000000000000000e+00,4.358888285999436345e-05,2.912780121578089632e-01,7.054467914772116766e-01,3.092611129248982061e-03,1.340794648102394216e-06,6.693146124271935214e-06,9.684872969976995652e-07,6.687019639052825841e-05,2.891116713329020742e-06,6.023261169722701872e-05
9.800000000000000000e+02,0.000000000000000000e+00,9.072535213617282102e-01,6.623253398549302412e-08,5.983589706733758850e-04,7.348544794740609516e-03,9.118470273558787717e-06,7.736551250688727954e-02,1.008882601396795327e-04,1.613665855665940738e-04,6.776864793545580440e-03,3.857580239112697626e-04
2.310000000000000000e+02,3.000000000000000000e+00,5.759783626132670772e-06,4.828213468576965532e-07,1.024177814186444206e-03,9.794528677837535113e-01,8.793793172116883178e-08,7.572555494092456096e-04,1.663741043539728897e-08,1.818278354072047284e-02,1.726731568254374612e-04,4.038949747899874096e-04
8.940000000000000000e+02,7.000000000000000000e+00,1.963994716093228900e-07,1.849801741316932033e-04,9.499702752885309711e-05,1.564711837074734548e-04,1.662998031952968542e-04,4.829874032702225834e-05,7.380899994425677104e-08,9.939160294713285104e-01,2.872509432572765224e-05,5.403928296983914574e-03
8.880000000000000000e+02,7.000000000000000000e+00,4.677429548786809571e-07,2.453521634586077992e-05,2.349487067265220992e-05,7.770186298044451205e-03,2.125546169007520240e-04,1.329136563371619905e-05,5.275906491887746329e-07,9.919246122254710141e-01,1.146638903867059373e-05,1.886368428860815027e-05
1.071000000000000000e+03,1.000000000000000000e+00,1.578732882094465430e-06,9.414156242327383906e-01,3.938205801130057761e-04,9.303462289857319369e-07,6.700800184477478678e-04,4.414283075333221004e-06,8.342130022155093416e-05,3.523505212862308418e-04,5.707335907476428216e-02,4.420910242334826179e-06
1.091000000000000000e+03,4.000000000000000000e+00,7.062818984276560651e-04,1.656515935227751273e-05,7.542707728018734435e-09,1.723207682139825491e-07,9.977904643368494808e-01,4.029098015412121205e-05,6.893896104788573215e-05,6.459024497811235435e-04,1.354385959314439081e-04,5.959377549798368368e-04
1.431000000000000000e+03,6.000000000000000000e+00,1.703249141065148273e-03,9.228118249268249218e-07,7.584295405755891904e-07,1.477628125116439909e-05,8.366764198602268370e-04,3.027185538291751830e-03,9.903541570298796115e-01,4.200154725812302076e-07,4.059114272457952852e-03,2.740060356133514423e-06
1.127000000000000000e+03,4.000000000000000000e+00,2.725102142431336553e-04,1.029372894298567442e-06,2.503736407356924485e-09,2.961915243321034968e-09,9.995491661937404571e-01,2.140713886662082321e-06,6.870751640785874043e-05,1.019129834382357362e-04,4.465980012335468261e-06,6.155972530376090251e-08
5.100000000000000000e+02,4.000000000000000000e+00,5.418514570105272854e-07,5.599753733820446444e-02,2.081677132809790565e-06,8.529104238217625339e-06,9.419523172762667151e-01,1.538827577637044342e-07,5.962714020125387069e-04,1.227106485115844357e-04,1.319855231458182468e-03,1.587960974471584271e-09
7.420000000000000000e+02,8.000000000000000000e+00,2.745731913612512758e-05,8.455011258843086954e-05,1.299950450038578906e-03,1.119059920284462670e-04,1.503454347465204926e-04,3.673886766249024965e-05,1.146799586761014798e-04,1.829593300707638604e-04,9.945195111276677880e-01,3.471901407384702255e-03
5.580000000000000000e+02,1.000000000000000000e+00,1.323540816563991965e-06,9.929182240690335171e-01,3.769148475644330831e-04,3.878859738041566973e-06,6.226563406796089769e-05,1.381443037157630265e-04,4.816393257809524139e-03,3.575378809140270643e-09,1.672621714764481330e-03,1.023019711098408352e-05
1.005000000000000000e+03,6.000000000000000000e+00,1.008272409849653563e-04,3.848347323235055054e-08,1.899395430507338980e-06,1.059393346449563769e-06,1.433737978724959887e-04,1.255046923174548157e-05,9.994505295259517030e-01,5.529440517659725868e-07,2.891629677733879378e-04,5.781883937110012577e-09
8.660000000000000000e+02,1.000000000000000000e+00,3.677052790182325718e-07,9.883900237033705904e-01,9.979338344615691810e-04,2.986284684717046807e-04,9.362405951038786861e-04,2.358344190335002056e-05,4.151574583204957957e-04,3.497724243312792889e-03,5.438822958566748821e-03,1.517591210079491045e-06
8.060000000000000000e+02,0.000000000000000000e+00,9.990055526810370790e-01,4.723326259609356461e-09,2.700805856885202057e-06,9.280648013645033294e-07,3.728418361727782316e-06,6.074764479647889841e-05,6.297225854183534279e-04,1.393842876966405509e-06,2.893953146455695443e-04,5.825918879324896397e-06
4.780000000000000000e+02,9.000000000000000000e+00,1.286118036221292561e-04,1.687925008623736224e-05,1.319375460138839213e-04,3.719597446115976026e-03,1.212501539616607045e-05,2.383015898614627200e-03,2.530095603855922351e-05,1.438009347388665760e-04,1.193156434968036970e-03,9.922455747144055538e-01
9.980000000000000000e+02,4.000000000000000000e+00,1.027305284180032158e-04,6.080698633062777379e-04,9.086036158010291527e-09,1.131834236914296956e-03,9.901891099253858908e-01,1.398690168535639668e-04,2.035817878242219495e-03,4.719889279802074421e-03,5.480133625257361824e-04,5.246568225158961853e-04
1.756000000000000000e+03,3.000000000000000000e+00,2.002161545773962084e-09,2.263499524794213329e-07,3.170703512485847952e-06,9.994055855360606255e-01,3.597182199171371882e-10,9.609132157643243710e-07,3.614613970905007446e-09,1.204278659968680471e-06,5.061179645352132479e-04,8.272827756957223748e-05
1.305000000000000000e+03,8.000000000000000000e+00,2.971526938079589779e-05,1.531989454558292142e-02,2.106199241365701736e-03,3.135866887961396887e-05,5.278952186795547296e-04,1.146153234831113229e-04,1.425826120169831652e-04,4.098479508129213787e-05,9.787138528189102127e-01,2.972901506619772625e-03
5.720000000000000000e+02,1.000000000000000000e+00,6.562463658814408993e-06,9.717065678054980227e-01,1.638473832543597096e-03,8.218443892987177018e-07,9.171625331786246896e-05,5.427752810601524803e-04,2.451674309062958079e-02,5.799641546848511060e-09,1.495165525951246219e-03,1.168103309551359286e-06
1.070000000000000000e+03,4.000000000000000000e+00,7.639630769184285394e-04,4.017019886975888010e-05,8.854173279744312653e-10,8.198583230630493310e-06,9.947320251816443859e-01,7.912466705550215635e-04,1.410722227147672629e-04,2.020891250834211828e-03,8.520295549828998840e-05,1.417228974317439640e-03
1.860000000000000000e+02,1.000000000000000000e+00,4.885409173905465734e-08,9.860657153398896257e-01,5.705448592340391433e-09,2.045073526050008331e-05,8.533872615627438422e-04,5.819159706343777919e-06,3.690755563240489748e-06,2.807983527360595426e-05,1.034569850666769777e-02,2.677103846536123006e-03
4.300000000000000000e+02,7.000000000000000000e+00,8.082922472119310870e-06,4.108947107464894677e-04,2.044462192963744304e-03,1.163417489527446368e-05,1.633548942794485636e-05,2.142826343313342097e-02,6.108657655108788761e-07,9.575691811063571368e-01,2.041865097029802508e-03,1.646867000720829421e-02
1.497000000000000000e+03,6.000000000000000000e+00,1.510044075115858468e-02,1.066432259516119929e-06,2.342645482615773946e-07,5.702681941481623862e-06,3.049923533625908175e-03,2.593877556156678078e-03,9.789488863806422581e-01,1.315729451943192108e-06,2.961859651900208140e-04,2.366705025315417335e-06
7.070000000000000000e+02,7.000000000000000000e+00,4.137986468556010807e-07,2.159342732521766600e-06,1.015433657142301812e-06,8.984015897081040983e-06,2.446187198065201017e-04,5.311553763721189459e-06,4.435340629034632810e-08,9.996674585858769113e-01,1.130524454768779722e-05,5.868895166537315138e-05
1.727000000000000000e+03,3.000000000000000000e+00,6.530238405704403995e-05,2.901214332395159407e-04,3.976278387044213658e-01,1.075413366121134341e-02,4.016355605236024452e-07,2.960989121721566120e-04,6.775727966588284074e-05,9.045814069198656465e-03,5.816642237635684110e-01,1.883081569051092534e-04
1.022000000000000000e+03,4.000000000000000000e+00,9.950372427616523271e-05,6.926612169706162928e-04,1.785179647719096118e-09,9.452407795682930396e-06,8.373805471201507533e-01,3.859946244056250420e-04,5.273548960685879480e-05,1.361194299541647595e-03,1.363198128532547813e-03,1.586547112035404938e-01
8.020000000000000000e+02,6.000000000000000000e+00,8.354443827923588653e-04,1.355266014974360576e-02,6.095777277033443392e-07,4.994438885189659477e-06,4.380250842315419157e-04,6.823804629310530057e-03,9.752265300737755771e-01,1.063312799499457212e-05,3.087945188787822107e-03,1.935334675083731179e-05
3.930000000000000000e+02,7.000000000000000000e+00,8.924623440320033491e-03,1.987721518252825656e-03,1.683480001822514364e-03,2.504349240855304688e-05,2.845747333423059595e-03,2.968793303116579099e-04,2.774422598723506836e-06,9.824049421355295353e-01,2.345242666848762285e-04,1.594264058648034313e-03
4.550000000000000000e+02,9.000000000000000000e+00,5.320852473907212971e-05,8.808681564009291822e-07,4.082510570033249745e-06,3.535634215697462668e-03,1.004134816584904261e-07,1.689075098487488949e-03,9.595649595908570307e-08,2.201851704752850862e-05,4.014493693777605949e-04,9.942934545259465295e-01
1.356000000000000000e+03,9.000000000000000000e+00,4.094566422487298297e-04,2.340900405312470699e-05,1.743287945234315252e-05,4.274152569704699027e-03,7.496678473523185244e-07,6.875024766069432647e-06,1.202833363187504540e-05,2.379409389174234193e-05,1.144846941762219829e-02,9.837836323667817906e-01
1.107000000000000000e+03,1.000000000000000000e+00,3.406238479300407462e-06,9.675887523316714089e-01,8.135273279666230218e-04,9.145673589335945303e-06,1.042072310268920242e-02,1.401378129699476038e-04,2.355661784349789324e-03,5.999015657927196567e-04,1.805863619142818871e-02,1.010797106347355854e-05
6.500000000000000000e+01,6.000000000000000000e+00,3.631927127072384290e-05,3.522665478544128127e-06,4.092353849104175490e-06,9.732665249947976824e-08,1.148160320023308998e-04,4.339514267938867940e-07,9.995438739105866333e-01,1.516892935840532848e-07,2.966903225447061203e-04,2.476894954526885324e-09
1.304000000000000000e+03,7.000000000000000000e+00,1.376697607802312560e-06,1.535541668090592093e-07,9.425525054096632149e-05,1.310064408512328022e-03,2.760256996446560607e-05,2.363003392008443577e-05,4.451234299056414094e-08,9.982921479200681514e-01,5.981806746094467641e-06,2.447432461304196592e-04
1.383000000000000000e+03,8.000000000000000000e+00,5.041144382084509492e-06,1.658945336425503986e-03,3.829188734724982973e-03,1.322804718178443445e-02,1.137956751460953250e-05,7.408009916363115935e-05,6.786841924795014968e-06,4.490804473720829857e-04,9.790630568014571100e-01,1.674393845250787480e-03
5.630000000000000000e+02,1.000000000000000000e+00,2.893615401308578324e-06,8.382745473323640617e-01,1.291358664925582305e-03,1.191496192626682784e-04,3.361203202386497398e-05,4.578381011921953766e-06,1.568307192201959799e-01,9.083422898641328861e-08,3.442562716867146513e-03,4.875837185899835575e-07
1.318000000000000000e+03,9.000000000000000000e+00,9.428085605284454397e-04,1.911711375528058255e-06,1.253774890031493042e-06,2.378043494452913766e-04,1.070605236079506860e-06,3.567868735382223838e-04,7.128892830554295642e-08,6.402261789608873748e-05,4.475160526898259994e-03,9.939191096912638468e-01
5.970000000000000000e+02,7.000000000000000000e+00,1.732592664131642109e-07,8.124178150747337647e-05,2.288480873305777754e-04,7.221437701807600299e-05,7.757556652223998313e-05,5.816811304626631028e-06,1.592565966221091961e-07,9.993927096305215141e-01,3.995404796693899146e-05,1.013071819655845791e-04
3.050000000000000000e+02,0.000000000000000000e+00,9.990285667702336614e-01,2.828302912194785390e-09,2.485604614758796910e-05,6.972797907360070847e-06,6.417986341837097576e-07,3.500478302349676121e-04,1.736434718220385967e-04,6.054679147948397042e-06,4.003138726315021742e-04,8.899904937711587008e-06
1.478000000000000000e+03,3.000000000000000000e+00,1.452071306168714436e-07,1.217621603739930579e-08,2.652664067618130318e-05,9.995179263923219537e-01,8.935505293004176467e-11,1.177428360251353085e-04,9.521817368396695024e-09,4.114864001000821142e-06,3.235484488873226845e-05,3.011674275679506884e-04
1.090000000000000000e+03,3.000000000000000000e+00,5.684678718971552224e-08,4.046229723040812287e-09,2.450203842390617399e-05,9.973547309694676954e-01,9.312481934436027192e-11,3.646299399621897024e-05,3.050290676844087949e-09,7.893787794806823133e-07,5.791689894507383513e-05,2.525533683955366680e-03
1.255000000000000000e+03,3.000000000000000000e+00,1.802814637280804408e-10,2.922514400406258001e-09,2.315048711860450853e-06,9.999895818801466385e-01,2.837756874747635950e-11,2.138438594986794083e-07,8.017297853829409434e-10,2.559462268787255124e-07,4.210454816432157228e-06,3.418893335528097155e-06
1.730000000000000000e+02,7.000000000000000000e+00,4.760746582724000352e-07,8.289784680040075812e-06,2.045767818815433437e-06,7.686754872426469678e-05,9.021255888401887059e-06,4.762327680101709253e-05,1.128207045516813993e-07,9.997853139979759884e-01,2.187029061959157926e-06,6.806244368683201187e-05
1.312000000000000000e+03,5.000000000000000000e+00,5.034059068358092125e-05,2.652720919926085472e-06,6.104917774824995301e-08,3.140050947548699792e-03,1.126250289249720036e-06,9.966138582031328630e-01,2.555551388856626093e-05,1.231161355010053712e-06,5.620118544954188502e-05,1.089223775549590833e-04
1.538000000000000000e+03,8.000000000000000000e+00,8.712659494329880129e-05,1.331124403704413801e-03,3.342975985422680287e-03,2.476213739222101959e-02,5.358432674565226806e-04,2.090867669305616558e-02,3.170519231781796237e-04,8.073847212064741083e-03,8.854398434336784307e-01,5.520137309427455147e-02
8.910000000000000000e+02,2.000000000000000000e+00,5.887785792528675344e-05,3.252640361967006202e-05,9.037828407643359041e-01,1.504711743980625309e-03,4.532278697034596970e-06,2.972533953628118707e-06,4.355877494503152791e-06,9.412042727134889430e-02,4.683057317830962196e-04,2.044953686137467510e-05
1.058000000000000000e+03,9.000000000000000000e+00,9.679336683209115828e-05,8.400136527380531386e-05,4.952982474482801587e-06,1.662965208036475129e-02,3.313914794173929905e-05,2.193363584794284504e-01,2.540216746084275436e-05,5.691334185960511327e-05,8.378164502281470333e-03,7.553546225660827673e-01
1.021000000000000000e+03,5.000000000000000000e+00,1.422291176481389672e-07,2.537789541243836690e-07,3.506088724323623682e-08,1.085199458895768406e-03,2.399576823999434391e-10,9.985870505858425172e-01,6.568742869101907031e-07,7.993977475166702699e-09,2.476859925890033585e-05,3.018851788218091946e-04
8.230000000000000000e+02,1.000000000000000000e+00,4.831140656480600027e-07,9.099532747538168209e-01,6.092311984366703161e-04,1.180196517469184372e-06,3.086380870431430605e-04,1.425135094596542176e-05,2.419852871681049504e-04,2.549279330406909404e-04,8.859070088717678482e-02,2.532719178882106103e-05
1.707000000000000000e+03,8.000000000000000000e+00,4.054492052196196998e-05,1.206538716154925212e-04,2.757344162485044956e-04,8.277718151303001102e-07,3.371227583677590279e-03,2.661993859785009332e-03,1.543596205756144325e-04,6.467976314375061109e-06,9.931434639885552418e-01,2.247259908910379238e-04
7.770000000000000000e+02,1.000000000000000000e+00,5.724156189793382356e-08,9.838304921469298581e-01,6.952114479054747817e-03,1.513911112707958580e-03,5.356870240182479712e-04,7.538659818170538288e-06,1.237536365120675533e-05,4.543846376142281207e-03,2.571523471040963217e-03,3.245412507459195063e-05
1.146000000000000000e+03,9.000000000000000000e+00,6.365093914059570979e-06,5.256193231768453483e-05,5.844127822349703483e-05,5.448330654146021218e-02,1.145864567766392037e-06,2.843059764597702962e-04,1.376547066594284800e-07,2.847599234940850115e-04,1.108491080165211612e-02,9.337440649332041653e-01
2.010000000000000000e+02,5.000000000000000000e+00,4.925119353002119146e-06,1.397288018591105645e-06,1.905269445348123142e-05,9.274736559402658098e-05,2.805086618094212928e-06,9.997832656865881518e-01,4.870581536403015254e-06,1.004485338913113803e-05,7.514025950241225030e-05,5.751064946774726387e-06
1.540000000000000000e+03,9.000000000000000000e+00,2.106850747804751844e-02,5.372737111214345284e-05,1.430943642961279762e-03,3.145255779439203037e-02,1.088010978084609288e-06,1.546240558415091127e-04,1.760188396831005276e-08,5.403078671104769373e-03,3.178654744747422853e-04,9.401175898992037983e-01
1.336000000000000000e+03,0.000000000000000000e+00,9.999403580577405082e-01,2.839530466962514375e-08,1.365190356491529227e-07,1.861016326630283567e-08,5.767272723910711274e-06,2.835265289853290533e-05,1.666214029979019520e-05,8.309313724377525999e-07,3.332841317178564648e-06,4.512579144107670114e-06
1.097000000000000000e+03,1.000000000000000000e+00,3.226732701573322211e-08,9.972895970108816011e-01,4.945561254797256221e-04,2.906106756548624192e-04,2.676259968385604946e-04,1.634600165000963979e-06,2.003083419441655628e-05,1.330901101121887775e-04,1.500454201639098888e-03,2.368177707649444051e-06
1.020000000000000000e+02,5.000000000000000000e+00,1.084185319185528013e-05,8.782216484806810144e-07,4.402780817917818843e-07,4.052023027543200442e-03,5.509287962060197871e-06,9.956216843981903208e-01,1.108568880855958773e-05,5.423311371373927862e-06,8.294321084323209663e-05,2.091707223591140986e-04
7.500000000000000000e+02,6.000000000000000000e+00,4.827632039017887224e-04,2.043320090316912423e-04,1.266440427982169247e-05,3.345785618496071765e-07,1.361775268849316689e-03,6.381525349059905305e-07,9.978101678481827719e-01,2.266275760425082174e-06,1.250575805979420166e-04,6.782993151655291529e-10
3.470000000000000000e+02,3.000000000000000000e+00,4.963011750580172019e-09,4.382409783375897187e-08,1.972029539172450265e-05,9.998635328120245580e-01,1.431672757105043395e-09,1.390542276960568679e-05,1.344819722469620945e-07,4.876625650190784122e-07,8.674418282734037934e-05,1.542492366704506119e-05
1.366000000000000000e+03,0.000000000000000000e+00,9.672787461445114809e-01,1.164032820095601684e-06,2.848711050749349290e-06,2.583366916752196135e-06,8.780539884494543030e-06,8.425724403680066909e-04,9.877788823716448542e-04,1.451384142791525456e-06,2.217861634892261471e-02,8.695458149011289078e-03
1.546000000000000000e+03,1.000000000000000000e+00,4.656833343090056352e-08,9.792299811079570038e-01,5.417600648109495354e-06,6.922445656071691614e-06,1.881734544703220560e-02,2.357371166904230845e-06,7.466636243595862353e-06,1.424520117976910008e-03,3.581842682717125141e-04,1.477584367138178631e-04
1.441000000000000000e+03,6.000000000000000000e+00,1.159954090190553960e-03,1.386434941248662600e-07,4.448811613558470169e-06,7.439063422177758482e-06,1.127079004706435343e-03,2.419917469492488017e-03,9.945597105283420225e-01,1.562825143593337192e-06,7.196867933483829536e-04,6.277024675534164850e-08
1.052000000000000000e+03,3.000000000000000000e+00,1.312758287666935681e-07,1.881554997316346839e-08,7.806426862493991893e-06,9.601498787954562131e-01,5.934317574546959475e-10,1.946030820447902123e-05,2.824520425279803328e-08,5.183188586080764677e-07,2.684174279754664855e-03,3.713798294084899587e-02
1.341000000000000000e+03,2.000000000000000000e+00,2.767790677866919721e-03,3.662918035837049290e-03,9.836735029141744358e-01,6.920501610901155960e-03,4.804364610608139013e-07,1.516331248972390997e-05,4.435322745040355236e-07,2.544435967560865468e-03,7.953764302257247586e-06,4.068097481321351818e-04
1.182000000000000000e+03,5.000000000000000000e+00,1.657538119513295052e-04,1.318753386565307116e-06,6.050184023491086797e-03,6.133979692501069958e-05,2.659674292267015752e-06,9.857181982967837541e-01,5.552126538950725961e-06,7.679776866827082472e-03,9.954272100350737605e-05,2.156739288006123418e-04
5.640000000000000000e+02,0.000000000000000000e+00,9.917289359564320783e-01,7.562135120221159783e-07,2.969184295176682708e-05,8.182304549147364123e-06,6.451376955062173192e-06,1.126268678234844594e-05,2.045917263536648303e-04,1.980235922191798351e-05,4.501874853923792247e-03,3.488450679317955765e-03
1.513000000000000000e+03,3.000000000000000000e+00,8.805495634650740532e-06,3.115951988287227904e-08,1.739701771477490362e-03,9.952665489850307523e-01,3.978367807916296870e-08,7.360660362756625238e-05,2.351709044606217728e-06,1.380317077330047630e-04,5.392172261363114292e-04,2.231665558117424102e-03
1.590000000000000000e+02,9.000000000000000000e+00,6.919728073358950848e-04,1.108195287985847379e-04,9.994518777714464259e-05,7.630495121028183945e-04,2.209076766076508622e-06,2.156726409015610746e-03,6.728027462327517875e-07,4.840553340127849052e-05,5.692839043080184054e-04,9.955569152377484743e-01
1.412000000000000000e+03,9.000000000000000000e+00,6.167253889077767975e-02,3.106120125425324561e-05,9.167162718895504074e-04,3.544343583321714342e-02,1.800742915532298389e-04,2.230544391588321768e-03,4.686159486821868153e-04,1.322670385309261025e-03,4.099715460506563325e-01,4.877627967350720573e-01
1.171000000000000000e+03,4.000000000000000000e+00,4.684937552072798250e-05,8.816921796997055291e-05,1.664798703398856474e-09,9.753640407887646503e-11,9.995384271654170760e-01,3.034807011566065884e-08,3.058685755995712002e-04,1.755235634399596802e-05,3.101185679710798590e-06,1.306366640016529693e-11
1.275000000000000000e+03,7.000000000000000000e+00,4.532518747383973394e-08,2.409798665052328593e-05,1.711666632900751074e-05,1.749159024144268909e-04,2.021086441656593955e-05,2.036670297752640009e-04,7.317293182639601256e-08,9.980311800687228230e-01,1.419473346685057426e-05,1.514498250105191087e-03
1.110000000000000000e+02,4.000000000000000000e+00,2.768433497601563626e-04,1.881581194232174190e-05,3.320043049438366888e-09,2.944669972569370962e-07,9.960315343511213504e-01,3.133378913432446899e-03,2.825704709916559954e-04,2.480822554170376728e-04,7.708597327909069136e-06,7.684629668428609389e-07
2.620000000000000000e+02,6.000000000000000000e+00,1.470366522186182610e-03,1.122623910364716425e-07,2.392267137752828463e-05,5.149122896195176306e-06,5.371329035983617769e-04,2.242327415849822148e-04,9.965694151419735025e-01,3.559298468432106139e-06,1.166090632981187048e-03,1.870254242622877408e-08
1.682000000000000000e+03,5.000000000000000000e+00,2.939459554729218720e-06,3.553686845456013201e-07,2.262800379462971361e-10,1.086014183999586198e-05,1.803694316331050452e-06,9.999487488923183287e-01,1.993708521797263791e-06,2.008376221359320420e-06,3.010598966948106087e-07,3.098907236613161222e-05
2.080000000000000000e+02,0.000000000000000000e+00,9.946782969403912267e-01,6.114758440548684207e-05,1.063332080718448430e-06,4.166219784261984376e-09,4.477186325116596158e-03,1.162648335426004076e-05,6.233900630542011084e-04,5.343447675882798353e-05,9.293940202682491551e-05,9.112265918203595186e-07
4.070000000000000000e+02,1.000000000000000000e+00,2.218704915409332083e-07,9.974727110642527261e-01,4.513600671321182052e-07,1.132860050123450643e-05,1.032539527752971819e-03,2.715374053201682442e-06,1.803186515502876102e-05,6.713685335808742953e-05,1.245696782647981058e-03,1.491667017202321613e-04
1.697000000000000000e+03,0.000000000000000000e+00,9.997416005907009406e-01,3.926536818479644379e-10,7.830617557331796453e-06,2.123437539634214841e-06,2.112471511026372997e-06,1.751262641327164889e-04,2.377199509336264645e-05,1.163262308085141009e-06,4.517245303802328157e-05,1.098515465318988194e-06
1.007000000000000000e+03,6.000000000000000000e+00,1.219535425367615803e-03,3.453755063958778843e-07,2.041059285991229124e-06,1.602394065761338908e-06,1.907203340135536166e-03,2.500339860832134385e-04,9.964504887301095515e-01,3.375008831548738263e-06,1.653087294077563323e-04,6.595120649673565486e-08
2.630000000000000000e+02,7.000000000000000000e+00,4.941887794405423798e-09,8.007320744883752722e-07,7.552206516536223321e-06,9.465225959573182391e-06,2.289484252817838795e-07,2.027561531236765800e-06,6.027487190485243928e-09,9.999533993894835771e-01,3.609032421804293636e-07,2.615406339224644276e-05
1.092000000000000000e+03,6.000000000000000000e+00,1.551115046603333922e-04,2.213020972052653347e-06,7.439617526402777866e-06,1.696755990265426900e-06,1.714016481978658600e-04,5.670235168393302840e-06,9.992142188436852202e-01,5.194812680715157172e-07,4.417269964541104465e-04,1.896077212259221860e-09
6.510000000000000000e+02,5.000000000000000000e+00,2.228402927839661534e-04,1.386736365241007434e-06,2.165544769728284052e-07,7.119473127330688171e-04,8.451138692231806266e-06,9.978397524984802258e-01,8.170427384580127581e-05,1.113178379639359703e-03,3.326832041654186558e-06,1.719598094147211455e-05
1.456000000000000000e+03,4.000000000000000000e+00,6.835775273717062765e-06,9.316290320205633865e-06,9.534412773258074951e-11,2.179316121513236043e-11,9.999315156798619375e-01,5.758446588475149049e-08,2.166179477702844916e-05,2.724830908130361205e-05,3.363111059192821571e-06,1.338023275229517502e-09
5.700000000000000000e+01,2.000000000000000000e+00,1.090276863597128154e-06,3.337810230082092350e-02,9.645812537185894930e-01,2.207013664823610174e-06,7.403262108042164217e-05,6.821629291570218022e-09,1.390289119303293980e-04,9.694743675649236019e-05,1.727325765725552017e-03,5.132939056720656327e-09
6.190000000000000000e+02,3.000000000000000000e+00,1.041592868645989968e-06,1.396039144024988495e-06,3.852347928611909045e-03,9.945965271618706360e-01,5.332063977075941595e-08,2.077208567586441359e-05,1.310297163531699813e-05,5.320471321555959998e-06,1.193996158797124875e-03,3.154422694350857126e-04
9.860000000000000000e+02,2.000000000000000000e+00,7.423442370960495006e-10,8.866344268943707055e-05,9.998906331420609472e-01,1.537742306882280841e-05,8.579653543154935815e-09,3.615657032677257844e-06,1.137241154296428777e-07,2.360868059394322865e-08,1.548027159068194613e-06,1.565319515140729539e-08
3.360000000000000000e+02,1.000000000000000000e+00,1.059256712096141046e-08,9.767917166097954684e-01,3.233881330082950204e-03,3.431873419161470939e-05,5.070459196819951863e-04,9.052173250263727080e-09,1.790289004183117641e-04,1.995054727410287723e-04,1.905446059035535017e-02,2.279799278905895260e-08
1.054000000000000000e+03,5.000000000000000000e+00,2.235147683021954948e-06,8.510409441740620537e-07,4.373884820985569841e-11,1.929764556859155577e-06,2.721048854493896179e-07,9.994588128527804871e-01,1.597266987072761914e-08,1.157660617940851289e-06,5.303510194458631466e-08,5.346723770213436490e-04
1.500000000000000000e+02,0.000000000000000000e+00,9.952887017324762997e-01,7.927931833197049196e-06,1.238244945475780456e-04,1.232339435319910088e-08,7.123103407994409023e-05,1.142380555005508236e-04,4.205110232384783042e-03,2.592883687737572569e-06,1.802918706143092546e-04,6.069441481264581631e-06
3.600000000000000000e+01,0.000000000000000000e+00,9.997448578766431337e-01,1.414336063477839883e-06,1.046251180593916402e-06,1.400750994199465081e-08,1.095338352141948191e-05,9.479805630262110353e-05,8.935365840958298133e-06,3.562776091999292490e-05,8.754735832845288157e-05,1.480560368963095178e-05
1.480000000000000000e+02,8.000000000000000000e+00,5.957903678006797606e-06,4.134351233335448623e-05,2.298891305288660436e-05,2.500399765796353395e-06,3.104728283365921093e-06,1.822070510474003297e-06,1.647384279306159799e-03,1.621938423927003684e-07,9.982548820687354718e-01,1.985393049224175405e-05
1.351000000000000000e+03,4.000000000000000000e+00,6.942261389439190016e-03,6.316251704518331851e-03,2.316819548597821208e-06,2.893165311984899044e-07,8.693693546006493467e-01,1.819235666342227780e-05,1.171373235312291455e-01,1.331004315424027607e-04,8.090947831703541458e-05,3.715612219260915175e-10
4.180000000000000000e+02,5.000000000000000000e+00,5.979834244750891354e-05,1.859570694703433294e-03,2.258508950124138057e-04,1.921656156839482779e-02,2.581253518020468351e-07,9.721922937827940370e-01,3.853074848957488090e-07,1.944239409767717876e-05,1.140700464406606838e-03,5.285138425306823602e-03
5.270000000000000000e+02,1.000000000000000000e+00,1.074481206971495052e-05,9.575283036433097639e-01,3.739185862686680850e-02,2.591951685952419756e-04,2.963242452030119924e-05,3.643020294082594608e-04,2.239195153619063898e-03,4.855488327422253537e-08,2.135790570329939349e-03,4.092901639775178228e-05
3.840000000000000000e+02,9.000000000000000000e+00,3.160833285974841726e-04,2.076530184500941802e-04,2.081084825094714566e-06,2.860568227666672697e-04,2.411187522589738896e-02,1.838105736635988786e-03,1.463388899662809280e-05,2.280437594194631781e-02,5.478589443862614400e-02,8.956332405132583219e-01
2.300000000000000000e+02,5.000000000000000000e+00,9.877173614092767898e-04,7.429787729513835869e-06,4.732165567397514372e-03,4.520507798305432499e-05,1.332470286868390066e-05,9.909229498392717606e-01,2.352846814656179501e-05,3.026033651680134790e-03,1.940463217743074403e-04,4.759922173943648041e-05
1.280000000000000000e+03,8.000000000000000000e+00,6.480668411774321444e-06,5.824434209929631699e-03,4.056767524649507103e-05,3.907552418587123544e-02,1.183939038727207805e-06,6.855615950074482427e-03,1.781179154554713459e-05,2.456124471010259197e-05,9.477727064455311323e-01,3.811138896407988358e-04
1.424000000000000000e+03,9.000000000000000000e+00,2.268848371807412399e-04,2.270183031299862634e-06,5.294806196745174072e-05,6.484236005678252132e-03,1.346604331213372035e-07,1.389348560285319490e-04,1.570183676106855737e-07,1.046234231013595825e-05,3.091190431351167629e-03,9.899927816036515615e-01
1.072000000000000000e+03,7.000000000000000000e+00,9.829714374066310752e-07,1.067221109220435609e-06,5.377796618690043433e-03,1.202460032861158920e-03,1.323295823742928159e-05,1.435540500926660193e-04,7.643566700802240872e-06,9.901494710953308021e-01,3.099045455081494982e-03,4.746030458827774080e-06
6.810000000000000000e+02,5.000000000000000000e+00,1.643379955002288121e-03,1.172922028453986679e-06,5.348341552099770551e-05,3.198348355278357895e-04,3.286119852720943008e-04,9.946051207867965260e-01,2.448852294346438342e-04,2.100781799445330163e-03,7.017347519145161923e-04,9.943190571799758067e-07
9.830000000000000000e+02,7.000000000000000000e+00,2.018403416744068971e-07,2.801014709494382898e-06,6.206564203385055101e-06,1.576272998013025989e-04,6.417001792652694231e-06,1.768345840802752357e-05,9.251321377997483877e-08,9.998011408563817204e-01,1.840032731689560629e-06,5.989418416028869091e-06
4.680000000000000000e+02,6.000000000000000000e+00,2.010989624392525937e-05,2.919530679476885402e-05,7.353145189489189772e-06,1.838106884237057959e-07,7.276153849712997440e-05,2.692110662432419163e-06,9.991531251296381644e-01,1.084299669497684298e-07,7.144704240251739495e-04,2.082932978886148987e-10
1.385000000000000000e+03,3.000000000000000000e+00,6.066070712407972457e-06,4.346051447138009239e-07,5.172799837596896416e-04,9.970763692898249042e-01,2.058233466268916425e-09,4.155735812615929761e-04,3.808186513572489782e-07,1.180074515100951846e-05,5.260680409122532321e-05,1.919486043169681350e-03
3.010000000000000000e+02,3.000000000000000000e+00,7.213087837774015955e-08,6.628418129374523182e-07,6.777156085835011516e-04,9.979750971895847700e-01,1.242696161248328367e-09,4.245285936922006513e-05,2.410601802682983548e-07,5.680391877895986301e-06,5.047084485418400429e-05,1.247605830162678772e-03
1.114000000000000000e+03,4.000000000000000000e+00,3.460356256357898820e-04,2.100839218550561182e-04,1.504305756605489285e-09,6.565653661869395701e-07,9.967224743217719674e-01,1.960131565181425309e-04,3.764303904539484559e-05,2.989736150346365131e-04,1.818346273856052129e-04,2.006283623081664153e-03
4.500000000000000000e+02,4.000000000000000000e+00,7.825266964030863422e-07,1.932612258000622536e-05,7.976218368861233649e-10,3.387312960242856829e-09,9.998985887502429559e-01,6.124096511385925835e-08,4.226673609683993502e-06,7.448733882895796699e-05,2.523072947417997468e-06,8.919470415082252203e-11
6.340000000000000000e+02,7.000000000000000000e+00,2.405932579894286834e-07,2.273936035509236788e-05,7.669784849594264318e-05,5.677261355940790881e-05,8.353051758805833172e-05,1.381256006023535326e-05,3.854182864774754858e-08,9.960512020373071262e-01,3.261938875269211635e-04,3.368772040020573573e-03
9.100000000000000000e+01,3.000000000000000000e+00,9.764810459968317217e-09,3.164752081261373924e-06,3.056219649288284697e-04,9.994937340205729548e-01,1.196745818698681962e-09,1.040427225805773946e-04,1.985337707595004138e-10,8.582394554511573728e-05,4.017216983378053393e-06,3.584217217698364278e-06
9.620000000000000000e+02,3.000000000000000000e+00,4.134790006045169889e-06,2.921629927403897963e-07,1.274136452888667960e-04,9.986924691979638391e-01,1.231207665188377029e-07,3.016711774119834252e-04,3.497948146676489484e-07,1.058561310947385134e-05,6.774902778567377199e-04,1.854702197892560205e-04
1.563000000000000000e+03,0.000000000000000000e+00,9.996734476385061852e-01,4.395857163404425048e-07,3.831805611107802325e-06,1.047867168214298141e-07,4.354324140238113534e-06,2.020517406222982113e-04,5.399728944929097006e-05,1.274916799505278953e-05,3.374262384545203213e-05,1.528103739713709898e-05
7.750000000000000000e+02,8.000000000000000000e+00,1.082566838721366761e-05,2.472633050896373125e-06,4.590689751181466252e-07,2.844002392357231802e-07,3.469566192156520640e-06,4.702072380425939433e-06,2.132077079915514734e-05,5.351193256421263367e-07,9.998559517346229386e-01,9.997896602721172599e-05
1.741000000000000000e+03,5.000000000000000000e+00,1.668069894756697875e-03,2.548124000208543357e-06,4.484983013592485439e-09,4.892257899504414646e-05,2.615263742969077803e-03,9.889684746325960729e-01,5.358206248233647086e-03,2.086091617776567899e-05,5.081840083902064561e-04,8.094653688983517422e-04
2.110000000000000000e+02,7.000000000000000000e+00,3.101193269257139606e-07,5.849040966048713042e-03,1.286043884327048553e-04,6.236077866944203999e-06,2.259987082236355940e-03,8.619088204550575200e-07,1.889672332053599869e-07,9.551594045572143754e-01,4.305670572745697164e-04,3.616479887554566175e-02
5.020000000000000000e+02,2.000000000000000000e+00,3.033572532148171250e-05,1.032448936638956198e-02,9.692678630052903310e-01,9.055564299697217750e-06,4.861870880845787601e-04,6.509555929017150737e-06,5.992274687755432997e-05,4.831414582462762396e-04,1.933176263148126545e-02,7.328580799746370634e-07
1.169000000000000000e+03,2.000000000000000000e+00,1.954392168817714947e-10,4.527355207751753480e-06,9.999612965501731843e-01,2.649318392128367504e-05,3.374221661464123962e-10,8.419688180923403706e-09,7.525772880331532092e-09,2.413538710880419469e-06,4.944632618435172078e-06,3.082610459241678052e-07
7.650000000000000000e+02,9.000000000000000000e+00,2.076661743016456404e-04,2.942881590948538337e-02,2.838091795863006200e-08,1.699135345837611059e-05,3.526250559993486522e-02,1.511374276306395176e-02,1.105852979323219330e-04,1.537382766878245613e-02,6.818106916666216016e-03,8.976677299354568484e-01
6.820000000000000000e+02,0.000000000000000000e+00,9.999535850214219534e-01,3.597063834125867176e-09,9.478888423619417442e-06,4.014587246800305283e-07,1.258275462657914648e-06,1.434929015841344278e-05,4.774217581304732912e-06,9.989574558967264476e-06,1.426885638992246204e-06,4.732790965962548730e-06
1.364000000000000000e+03,2.000000000000000000e+00,1.345785363931805423e-01,5.008333106812736158e-05,6.944471913425479537e-01,1.677236047583013367e-01,5.587116702280369671e-07,4.543586779141594353e-05,1.135164125389407410e-05,2.343658469195910622e-03,4.772662437306308188e-05,7.518528606174673841e-04
1.290000000000000000e+02,8.000000000000000000e+00,7.109810107259062354e-04,7.912811103883127251e-01,4.352126425889036448e-02,2.748241878416081093e-04,1.696970685911936905e-04,4.075862129557886204e-04,6.016813512817551640e-04,5.434135830987482478e-03,1.572000705597160208e-01,3.986491306972535817e-04
4.000000000000000000e+02,4.000000000000000000e+00,9.503804485509783370e-08,1.091277408827779662e-04,4.140501487160094302e-09,1.668219648633958685e-08,9.998242932366078195e-01,7.594236667443646834e-08,2.569981389006063165e-05,3.829259715308078670e-05,2.394712014795596747e-06,9.634196335134885803e-11
4.560000000000000000e+02,1.000000000000000000e+00,9.341717705318350684e-09,9.971807118995159591e-01,1.001070372625936519e-06,7.756558575498315330e-05,4.277383642383740981e-05,4.093176751053419922e-07,7.978720753584427056e-06,9.242961887243990149e-07,2.494744016763226786e-03,1.938819148342587717e-04
1.082000000000000000e+03,0.000000000000000000e+00,9.996084498190401790e-01,2.942671996825178393e-10,2.606786220018413361e-04,1.793230374886591741e-05,2.159480366495381570e-07,2.878913338909979243e-05,4.425967790574375819e-05,1.686905607082834537e-06,3.494820470465544632e-05,3.039091298772315994e-06
4.200000000000000000e+02,6.000000000000000000e+00,2.929085632451289365e-03,2.248516648220164548e-04,1.478851514067309285e-06,4.603171305934509067e-05,7.486381010182375411e-04,7.919504356392932654e-02,9.067972334376008803e-01,1.826946815241822997e-05,1.001346525980948733e-02,2.590230764295283725e-05
1.640000000000000000e+02,6.000000000000000000e+00,1.307974195156136961e-04,2.279002695163930463e-07,1.286008702009991881e-06,8.301563410295063714e-08,1.520007099011241132e-03,6.932223133141456625e-05,9.976278373635608654e-01,1.027406506282898857e-07,6.503361994899005665e-04,2.183478490378771817e-11
1.243000000000000000e+03,7.000000000000000000e+00,1.373282912442365975e-07,4.554048529178891943e-05,1.598867807706278994e-04,9.419691208385506796e-06,9.048785494025066893e-04,1.336937366678511424e-05,4.233771142238086932e-07,9.985476341102579312e-01,1.463102887144543556e-05,3.040792751249962581e-04
1.790000000000000000e+02,0.000000000000000000e+00,9.951570787542596275e-01,7.389577911597932974e-05,3.151678034761315884e-04,8.307649431407416642e-08,3.322347928175023403e-04,1.791908838731960120e-05,3.832533465024703153e-03,1.163521489280467611e-04,1.426015919066062336e-04,1.213349958975670541e-05
1.674000000000000000e+03,7.000000000000000000e+00,1.995680277618668245e-08,1.432319796996377280e-05,1.038225459359093680e-06,3.477784826234941728e-06,2.883377014617664521e-06,4.766225711225775768e-06,8.703344632231437578e-09,9.999234351315484659e-01,2.193689728098222223e-06,4.785370759421704964e-05
3.070000000000000000e+02,2.000000000000000000e+00,1.554631867829537258e-06,1.988720156567030418e-05,9.965441315754332008e-01,1.460707883669522646e-03,7.932942946306140413e-09,2.851051120096012286e-06,1.526801337026887810e-05,4.792805970620064050e-06,1.865839247468004851e-03,8.495965659176837968e-05
1.235000000000000000e+03,0.000000000000000000e+00,9.878162931915265288e-01,1.434386594109706206e-08,3.449564650711454760e-05,1.503538819525572251e-04,1.702293790548771533e-04,8.828038815012824447e-03,7.448631615258310053e-07,2.866201544017418865e-03,7.306994741810272529e-05,6.055838748309282451e-05
2.160000000000000000e+02,7.000000000000000000e+00,7.057170708225399388e-08,1.694259930536748176e-03,5.273621134359987909e-05,2.404030199301512966e-06,4.067437837738502836e-03,1.549527278066237007e-05,3.795119897243413508e-06,9.941622333418073110e-01,1.413782866089622668e-06,1.539011235942675085e-07
8.110000000000000000e+02,5.000000000000000000e+00,4.957835256290795497e-07,8.578587009133137970e-04,1.030454355453356294e-03,8.199744715678078128e-04,5.302342062805186496e-06,9.956508456401503837e-01,4.128330322162864550e-06,8.522786925194446089e-04,3.269483973796000111e-04,4.517132861054881676e-04
1.613000000000000000e+03,1.000000000000000000e+00,3.587151163837299632e-08,9.984897860242746281e-01,6.973491741526740466e-05,2.433107378326252023e-06,1.131413316384100943e-03,3.491904270283161849e-07,1.171757436761969198e-04,1.407235872452559233e-05,1.749684400858924607e-04,3.103012237802155294e-08
1.017000000000000000e+03,2.000000000000000000e+00,4.886626911391902810e-10,3.030916540245216813e-06,9.999241348215018865e-01,7.084194530218137554e-05,1.723932651381233919e-09,5.156952707199299226e-07,4.648693763151812699e-08,1.951616743973057135e-08,1.404104119725653383e-06,4.301564965846364867e-09
5.260000000000000000e+02,0.000000000000000000e+00,9.954087799543304138e-01,6.155531618034466250e-08,2.753711288311273559e-04,9.675128519716417975e-05,3.772158725304449215e-05,1.378178514076918381e-04,2.423185247605453077e-03,7.069277562868860249e-05,1.353450627346177359e-03,1.961679870839099914e-04
3.090000000000000000e+02,8.000000000000000000e+00,7.611525672595134502e-06,7.015121940522518892e-05,1.933699211210544361e-05,2.681233616661512316e-04,4.939617712471276408e-06,1.342673619151962729e-03,4.974350018413071194e-04,3.922560234841506794e-06,9.880384259856690443e-01,9.747380116534257871e-03
6.830000000000000000e+02,9.000000000000000000e+00,4.966578047837803151e-07,6.088400296916903764e-01,1.039000970508260351e-08,1.513880859734968777e-05,1.701713571038348323e-04,1.633769215164751498e-04,1.874161687406592147e-06,4.880506702209160290e-05,1.236554880344654418e-02,3.783945481411214451e-01
1.228000000000000000e+03,5.000000000000000000e+00,1.223756796303378811e-04,1.526468061631144568e-06,1.651007677445451315e-05,2.553100004905602157e-05,2.743605322983675785e-06,9.996581816716225699e-01,1.180542664204680996e-05,1.532626021132527951e-04,7.989350411999639390e-06,7.411937143913254441e-08
1.231000000000000000e+03,5.000000000000000000e+00,8.184059906379961358e-05,2.712697011369249344e-07,1.965578083565633868e-07,1.056753928642832074e-01,1.051895286120114237e-06,8.898339206462675399e-01,1.956384695906800952e-05,3.657875970738413811e-07,2.028299272774269652e-03,2.359097260259315938e-03
4.420000000000000000e+02,1.000000000000000000e+00,7.274053616389082716e-06,9.805642389197848363e-01,1.146884124911895855e-03,1.810910060870746805e-03,8.736091857156644356e-04,6.188118084069127792e-03,1.939681736042208693e-03,1.094637412990528768e-07,7.214874119672551843e-03,2.543002515752380193e-04
3.750000000000000000e+02,9.000000000000000000e+00,1.561686958499827098e-04,1.085847847195116903e-04,1.794408025679825171e-08,4.797131520681213393e-05,1.848811789838959111e-03,1.042384861845646604e-02,1.201269536682777450e-06,4.614873489689422931e-03,1.133190543388080474e-03,9.816653315492337439e-01
8.210000000000000000e+02,3.000000000000000000e+00,2.518540259985909225e-07,4.124735110812903122e-08,1.977992015822948980e-05,9.827111623883006963e-01,6.134073553798615607e-10,4.758847682550219085e-05,7.115663147300155918e-08,1.189528308284392994e-05,1.209152632031857376e-02,5.117682739898112530e-03
3.760000000000000000e+02,5.000000000000000000e+00,8.338555398219216653e-06,4.145337816316980798e-06,5.522352187862406307e-04,3.562550298925244062e-05,4.457539951086783679e-07,9.989286075245558116e-01,3.911718114214656385e-06,2.660253633231665030e-04,4.907851421310847450e-05,1.515865108085806773e-04
1.215000000000000000e+03,6.000000000000000000e+00,7.117552984438349170e-05,3.348906369887200721e-05,4.745236512152054483e-07,3.985407724415225351e-06,1.612071300539779731e-05,1.865341178342195139e-04,9.995241746596704724e-01,3.600673614669068912e-08,1.637174924985918944e-04,2.924853362611649964e-07
4.320000000000000000e+02,5.000000000000000000e+00,3.156493205601407958e-05,4.647485109012218334e-03,9.077018456542479615e-07,1.326146958016193771e-03,1.576173833042694879e-05,9.898916552252833290e-01,8.775922635701567917e-06,6.550847875030161443e-04,2.171557132439074747e-04,3.205461912073857139e-03
3.700000000000000000e+02,8.000000000000000000e+00,5.017338441547679026e-07,6.152468931750230655e-07,3.051444501364745604e-06,5.850426507636712764e-05,4.329715121644085234e-08,8.173155227079148720e-06,4.108221693451293276e-05,1.964121512030703363e-08,9.996835349769765955e-01,2.044740221803538341e-04
5.670000000000000000e+02,2.000000000000000000e+00,7.130235004783182403e-07,1.651081731902911270e-02,9.825030214103002146e-01,8.800796920439807975e-04,1.404412660328289712e-05,1.343822745838025830e-05,9.331922445031155952e-06,2.114280667520776702e-05,2.557549153830415066e-05,2.183598040613669004e-05
1.010000000000000000e+02,0.000000000000000000e+00,9.844338664222685997e-01,1.614364760381211414e-03,2.291054866556033103e-05,5.388124374686046111e-08,8.198754431805083164e-04,4.286573924414492637e-05,1.012377053091518750e-02,9.966869934359653382e-06,2.372802848756115548e-03,5.595229554102526624e-04
1.414000000000000000e+03,8.000000000000000000e+00,5.351073293233761844e-05,1.748287831384854102e-05,9.365083646679614018e-06,7.657952192556676538e-04,1.229984896045110783e-05,1.764875687875398736e-03,7.820983781554414075e-06,5.833720994740111926e-05,9.929034588172894749e-01,4.407053537997147018e-03
9.650000000000000000e+02,3.000000000000000000e+00,3.655922778816451360e-04,5.461474560563435828e-05,5.377433048857311465e-02,9.153429840448868982e-01,6.108533795629321897e-07,1.642378132833285606e-04,5.719455655405326173e-04,3.481999562938895530e-04,1.991635127002628139e-02,9.461132984529494958e-03
3.500000000000000000e+01,5.000000000000000000e+00,2.959600632560221842e-06,1.029271015061417037e-05,9.298878686013071467e-08,4.128542830238939954e-05,1.641463908305382041e-05,9.998452993130512167e-01,6.365981404815325648e-08,4.705612761860636123e-05,3.555231660794276704e-06,3.298030089989558908e-05
7.710000000000000000e+02,9.000000000000000000e+00,3.508604774732627761e-05,5.772489863462015001e-03,1.510477371857144768e-09,1.174621935813371220e-06,4.262701740642740314e-04,3.734579099323188776e-05,4.506417337508315017e-07,3.337985867857598521e-04,1.961033569901866197e-03,9.914323491928985765e-01
1.060000000000000000e+02,6.000000000000000000e+00,4.372864708215948738e-05,8.091921283278474819e-02,2.525072488618240654e-03,4.699111911711025971e-07,1.240150566631727409e-04,4.388514572553906312e-07,9.092459625728600559e-01,2.509618805509406781e-07,7.140843410540034276e-03,5.266922288290888012e-09
2.240000000000000000e+02,8.000000000000000000e+00,3.014436294012116170e-05,7.677515657390209317e-03,3.622259497802564863e-05,5.015767806644073554e-04,3.952316476290391156e-06,9.085570762875188871e-07,3.399656861811606486e-03,1.094970979607232044e-05,9.867596250804209213e-01,1.579448078446048275e-03
7.360000000000000000e+02,1.000000000000000000e+00,2.573052380985144666e-05,8.114283914925582986e-01,4.538980210222160285e-04,1.872769126739876834e-06,1.720873701657403120e-03,4.593472291691742294e-03,5.377501506603314663e-04,2.351806840195989293e-03,1.788122203199829507e-01,7.398388929450408393e-05
1.377000000000000000e+03,1.000000000000000000e+00,3.269052394879980692e-07,9.258178054719736760e-01,2.749421881799005152e-02,1.084674722105767770e-02,2.066296821889210787e-03,1.962944954092155509e-05,1.633099934913472660e-05,3.293572214523440150e-02,7.275611291087239786e-04,7.536103861669576399e-05
4.400000000000000000e+01,7.000000000000000000e+00,4.454680098649811736e-08,5.323801845628745551e-07,1.317293906544426185e-06,8.404769411873373641e-07,4.951302973617708112e-06,9.622784725291566501e-06,1.841425790915607524e-08,9.999329232110526489e-01,5.446058916276304565e-06,4.430353024096270870e-05
1.241000000000000000e+03,2.000000000000000000e+00,5.699715249028633080e-07,3.010535766303335367e-06,8.361255628543452501e-01,1.588220719280463433e-01,2.345804145399935274e-09,8.369291264722475876e-05,1.040130039910198331e-06,1.646981091316991077e-04,4.668530159915710610e-03,1.308210527787552295e-04
1.301000000000000000e+03,4.000000000000000000e+00,3.440803743203196263e-01,5.564370803518376227e-05,1.038068600657112958e-05,9.908006694622922618e-07,6.003136468253957858e-01,2.658768078051035842e-04,5.521829833428135159e-02,2.914110958321644075e-05,2.562258926380227977e-05,2.481863996747436809e-08
8.800000000000000000e+02,6.000000000000000000e+00,1.048563777866460964e-05,1.276685605579207933e-02,2.013289650092183145e-05,4.706458026867171743e-06,9.469507235449654836e-04,1.211429781967191145e-05,9.848635776293354072e-01,5.523969369547634884e-06,1.369617627186917258e-03,3.470464496246201580e-08
4.370000000000000000e+02,2.000000000000000000e+00,1.637214949394456044e-08,7.371039751903713465e-05,9.993853664659027025e-01,5.066525726565353780e-04,2.855658441915367488e-07,1.210513907648815422e-06,1.167460322640260879e-07,3.119804964095234095e-05,1.390188329551135285e-06,5.312801760420015513e-08
8.200000000000000000e+01,6.000000000000000000e+00,1.617862900417915950e-05,8.688014864398776549e-05,3.108114549004929825e-05,9.487214148847205486e-08,6.650020407603142390e-06,3.060255385474019856e-07,9.993768231319860584e-01,2.479679041750704736e-09,4.819834721684599938e-04,7.494050872563865835e-11
9.000000000000000000e+01,1.000000000000000000e+00,1.304679536861144110e-07,9.900659160562235162e-01,4.573693146554437147e-08,6.052414824681247654e-04,7.154257210334786718e-03,2.802652784156861297e-06,9.769169270314545804e-07,3.483876714268121762e-04,1.371807209217057368e-03,4.504345957332270083e-04
5.480000000000000000e+02,5.000000000000000000e+00,4.726255178454150163e-07,8.235306783478698016e-07,9.815983754763510850e-10,4.500579664338629879e-06,1.070298448524856386e-08,9.996559830315623341e-01,7.011575360014203835e-10,1.275891917229888915e-06,2.278391574291557476e-08,3.369091710037349177e-04
1.464000000000000000e+03,0.000000000000000000e+00,9.974223457873236942e-01,3.159829541723821995e-08,2.296270513294661978e-03,2.594790962887657997e-05,1.857548700456855323e-06,2.437058485559486773e-05,3.768558930209161086e-05,2.988548777701885539e-05,1.182803286733947199e-04,4.332465214895293669e-05
1.490000000000000000e+02,9.000000000000000000e+00,1.515458680084440217e-05,1.590985014053982331e-05,1.281117004776258908e-07,7.684374943458890006e-05,1.129368426063841074e-07,1.056266233901274638e-04,7.458613787263541241e-09,4.774458151640804891e-07,1.834007242002699963e-04,9.996023385130616834e-01
1.724000000000000000e+03,2.000000000000000000e+00,6.341774377790884097e-07,3.633896129150845439e-05,9.954697326217389897e-01,6.997746534478966078e-04,1.936832159531731824e-06,3.541083364713948052e-04,1.293069906265107219e-03,7.440599677590989031e-08,2.144327560428403896e-03,2.544762481568808513e-09
9.460000000000000000e+02,4.000000000000000000e+00,2.080225861136387512e-04,3.442803871674151886e-06,1.966463420231028272e-10,2.297117338487206307e-07,9.994080235376020527e-01,2.370899076931354724e-06,4.453460867920594620e-05,3.291602768988073223e-04,3.170229478705811953e-06,1.045149898726653590e-06
8.890000000000000000e+02,2.000000000000000000e+00,3.431321636426307576e-05,4.288942693687426526e-03,9.597744873406955923e-01,9.908157506165796949e-05,1.207343807894348475e-06,5.475833818349278362e-03,7.914632981608913298e-04,2.202552978822076593e-06,2.948415665265025423e-02,4.831150824379755118e-05
1.242000000000000000e+03,1.000000000000000000e+00,4.510308501761836747e-06,9.075293700546128717e-01,1.128508537217497859e-02,9.050283512742528453e-04,6.188591870066417581e-03,5.164184395880258528e-04,5.397883372318766293e-06,4.120021952833441241e-03,5.541614099274905919e-02,1.402943477482693560e-02
1.771000000000000000e+03,6.000000000000000000e+00,3.392248339268030462e-06,2.351711223822607836e-03,5.680077944025651206e-06,1.533264865725060969e-07,1.578973194181928195e-04,7.970649794697366534e-08,9.965764255002759198e-01,2.886981940610488585e-08,9.046316987783416469e-04,2.861756650206670875e-11
1.363000000000000000e+03,8.000000000000000000e+00,7.468359939297215375e-06,1.981749306826300489e-02,4.653066482942195973e-04,1.820538112182402735e-05,3.923397711397130647e-05,3.696590266514281000e-05,1.491888788278591949e-03,8.934768442436237287e-06,9.772236422749543960e-01,8.908608309270790336e-04
6.200000000000000000e+02,6.000000000000000000e+00,1.348458866885509256e-04,6.345122479164593267e-06,5.105644654360820225e-06,1.684706945069834516e-06,4.839558769836089329e-06,1.084426306580006141e-05,9.956177800864876026e-01,3.267380702000501898e-08,4.218464407536574694e-03,5.764956603109177769e-08
3.410000000000000000e+02,1.000000000000000000e+00,4.199580227089023293e-09,9.270097042242371188e-01,4.393192731272248241e-03,3.711907497436990789e-05,7.724449691505055676e-04,1.256777113118195071e-09,4.024818605789102144e-04,2.557950398268990822e-05,6.735946989507365923e-02,2.284373164909171823e-09
4.110000000000000000e+02,5.000000000000000000e+00,1.847457479266152695e-06,1.109219777749738892e-05,5.167533646456269009e-08,1.127871990390199420e-04,8.166921836844570106e-07,9.997976726224939714e-01,1.536277479985103503e-06,2.373871454738656357e-05,2.793885817184098541e-05,2.251830549095718391e-05
1.539000000000000000e+03,4.000000000000000000e+00,7.188776873238312469e-07,6.478728744504513057e-05,2.328043334945912960e-10,7.032453080085097568e-10,9.997124895245520504e-01,1.332128344831807986e-06,1.319710898402959699e-04,8.781010116720945797e-05,8.891295846645867567e-07,9.253289024254392530e-10
4.720000000000000000e+02,7.000000000000000000e+00,1.959620476468670953e-05,2.235563484930841883e-04,3.274174724294173604e-03,5.338890203649000168e-05,1.322167151679485697e-05,8.278874289942717707e-04,4.716515491390274605e-07,9.924385371246652321e-01,1.855450526878474793e-04,2.963620890998222828e-03
1.588000000000000000e+03,3.000000000000000000e+00,2.075575629485869607e-08,7.805256335314643889e-04,1.220360365318908348e-03,9.954347596940232856e-01,2.115216332342068055e-07,2.068037629175974829e-04,1.053236247193535267e-08,5.587755979414206226e-04,1.217063682111411190e-03,5.814684544038134289e-04
1.018000000000000000e+03,5.000000000000000000e+00,2.195582773164596758e-03,1.006184240160663221e-05,9.292681159809261984e-06,3.610050025251130244e-03,1.137218293731832640e-05,5.876730593959498261e-01,2.121169900059274025e-04,1.451831816115162027e-05,2.161203177091749247e-03,4.041027426138769085e-01
1.611000000000000000e+03,4.000000000000000000e+00,1.035550106175918180e-05,1.047089977678005920e-02,4.359489982641340938e-03,9.787150385829971320e-05,1.583295021341311892e-01,3.160262941579733073e-03,2.573563549458150160e-05,2.614601705143949559e-02,4.311160497128441738e-01,3.662838157601693845e-01
9.660000000000000000e+02,4.000000000000000000e+00,1.157861731761840649e-04,4.192331717656248109e-04,5.366502238512149072e-09,1.270186505862899284e-04,9.916072171245807754e-01,6.339658645536276149e-05,4.995166966678302178e-03,5.839141989161998570e-04,1.577946885599217216e-03,5.103148757397823337e-04
4.990000000000000000e+02,2.000000000000000000e+00,2.815319909561086880e-07,1.859559180571014950e-04,9.997449445146291414e-01,3.591601721385973270e-06,6.262687719852371170e-07,5.266992395211445699e-05,3.864743261238316684e-06,1.771068196808143293e-07,7.402562337267110286e-06,4.858284589599757595e-07
9.400000000000000000e+01,7.000000000000000000e+00,2.874705748015657376e-07,2.245885753205024168e-06,7.961447964192464824e-05,6.410372011784711346e-05,6.119593771801885851e-04,9.656338863033502940e-06,6.908705705880020082e-07,9.992238783894626941e-01,6.569660648847671976e-06,9.938071869872797256e-07
1.448000000000000000e+03,5.000000000000000000e+00,7.143164820809070553e-07,3.758676023258028422e-09,3.165627653259668605e-08,3.720282365094674973e-04,2.548677982029641105e-09,9.995967532557804569e-01,1.843632072316606567e-07,1.532411109798122613e-07,4.228254991717676007e-07,2.970579777993675823e-05
8.000000000000000000e+00,8.000000000000000000e+00,2.456577703759976195e-06,1.927524566638215752e-06,1.284220057460424981e-05,1.131637561667629677e-05,2.887850923433439691e-08,9.974383095703806810e-07,2.511565585741750784e-05,2.537562191439784615e-07,9.998926814502921978e-01,5.238014235090181464e-05
8.400000000000000000e+02,4.000000000000000000e+00,2.435990184953051425e-06,3.242901741970646577e-06,1.089947396986679895e-10,5.648396185567012865e-11,9.999427413365574724e-01,2.857239190151852051e-07,1.510983739996679110e-05,3.570826303688544941e-05,4.755842648917244539e-07,1.974160392567637603e-10
5.280000000000000000e+02,2.000000000000000000e+00,1.432667971245847318e-06,3.486726776807113314e-03,9.945088800226574710e-01,1.427194288129394594e-03,4.511508904778828191e-06,1.037817076319219866e-04,5.587756362451161245e-05,2.637592448341398835e-06,3.792829977822419663e-04,2.967487404313874253e-05
1.452000000000000000e+03,9.000000000000000000e+00,2.329512696328956030e-03,5.049000080930108814e-06,1.058576233917318305e-04,2.961516304894046183e-03,2.129924087715101695e-07,3.302413165556643618e-03,3.394127889737470597e-07,6.797261527352809558e-06,9.276774084736061701e-03,9.820115274582864595e-01
9.600000000000000000e+02,6.000000000000000000e+00,2.011038568627963440e-03,2.247375571554122203e-07,5.209313098726967061e-04,2.388122363789863613e-05,4.707950182570198460e-04,9.494249652069490703e-05,9.827068525650151098e-01,2.341158972595959634e-06,1.416898590122759975e-02,7.020311138037468748e-09
1.900000000000000000e+01,9.000000000000000000e+00,4.871701554683827823e-04,6.238341092342508665e-02,2.365803934364203720e-02,2.745042243236917590e-01,1.375909764468353233e-05,7.494304181108599715e-03,2.188850596331330829e-04,1.806420510645219239e-04,2.326035493474879617e-03,6.287335293708469219e-01
7.990000000000000000e+02,3.000000000000000000e+00,3.017632791051028457e-08,7.369507006833294368e-09,1.225240602588003075e-05,9.997835939353949541e-01,1.206143567588873478e-09,1.654108294706256523e-05,5.166866287712406974e-09,1.336274057884644384e-05,3.261325395201308559e-05,1.415926622566926365e-04
1.291000000000000000e+03,4.000000000000000000e+00,2.069820752488331361e-02,6.542926013861899816e-04,1.321274866161908701e-06,9.899204169193284664e-07,9.409483863207402932e-01,3.292067357825934819e-05,3.750791823511381157e-02,8.710239879710165870e-05,6.885901601504165477e-05,2.034202833312500038e-09
1.614000000000000000e+03,5.000000000000000000e+00,5.550739373100137566e-06,2.798695939597435393e-06,3.208257495175461527e-06,3.349914721116981428e-06,5.957721092442264282e-06,9.997689507857704383e-01,4.332067344563789907e-06,6.271083161802613892e-05,2.688118965011204018e-05,1.162597969956413578e-04
1.672000000000000000e+03,5.000000000000000000e+00,3.711237539094218914e-06,6.373365976633475581e-09,1.907031590974173120e-09,4.153846392679809505e-05,1.777332556475048530e-06,9.998697997926658809e-01,3.868554140363908103e-07,5.799278042039992102e-06,3.615707826785705933e-08,7.694260237980664926e-05
1.372000000000000000e+03,1.000000000000000000e+00,3.631149785908370118e-08,9.302568299443798594e-01,3.227760475334957163e-02,3.508882514452362628e-02,2.032252798832130615e-04,3.722918757473668585e-06,1.644301920262106296e-04,1.920385702450321094e-04,1.810852829896811593e-03,2.434055440345693894e-06
7.410000000000000000e+02,6.000000000000000000e+00,1.475902842556636729e-04,5.150538159152920682e-07,5.508244342274789522e-06,6.585824895386909724e-07,6.840501570302340425e-04,3.220152241453303881e-05,9.983461044679434737e-01,4.093419644481260783e-07,7.829598315682790351e-04,2.514175682891064778e-09
1.238000000000000000e+03,7.000000000000000000e+00,1.987952937038540499e-07,6.184436367055123977e-06,1.886570550568440052e-05,1.684277637023991230e-05,2.291988382589087010e-05,5.035358800769126143e-05,9.948080941060479097e-08,9.986849865706359797e-01,1.666298675043625141e-04,1.032918895679957576e-03
5.430000000000000000e+02,7.000000000000000000e+00,5.915229709196020165e-06,3.696603923147562373e-05,6.022732612243033325e-06,2.585220871499523208e-03,1.008650662562159821e-05,4.753620851958750197e-05,6.868867551521959517e-08,9.956064543501884634e-01,1.297728116017194651e-05,1.688752091778438109e-03
1.139000000000000000e+03,7.000000000000000000e+00,6.636892451336179089e-07,3.190191861232634786e-04,4.201684464595700986e-05,2.245871365811537453e-04,2.584690391010237916e-04,2.920555197524420023e-03,3.756331127106945829e-06,9.959013371046995244e-01,9.212882394171456200e-05,2.374666470106329022e-04
3.860000000000000000e+02,0.000000000000000000e+00,9.993159039785123321e-01,4.103965939703939106e-08,1.649339326424159612e-04,2.409469163009152638e-06,2.374908287892810005e-06,4.161723613434858125e-04,4.053596544495976534e-06,1.721163376824243373e-05,2.496364215442513216e-05,5.193543792416092686e-05
1.321000000000000000e+03,6.000000000000000000e+00,1.091686632397605762e-05,7.083504597383064039e-05,1.610087821669843123e-05,1.497683766411030206e-06,5.187611193601032245e-05,2.215417849971640653e-05,9.997403953956851552e-01,1.720980478243311944e-06,8.398131596753059000e-05,5.215431523587340661e-07
6.030000000000000000e+02,4.000000000000000000e+00,1.229409150414944821e-05,7.030677473389099196e-06,5.245331893332311391e-08,8.338261193354663066e-09,9.988398047965099114e-01,2.742524623035406888e-06,2.125078702393826883e-04,6.865552063004513742e-04,2.386302705432094822e-04,3.737712263899004804e-07
1.025000000000000000e+03,0.000000000000000000e+00,8.956934274845580468e-01,7.193979011016200009e-09,6.168498912845244396e-03,6.757892451338720630e-02,7.394915083202427213e-06,8.299607100199458617e-03,3.883594016855091411e-04,7.238428657356315524e-04,1.290435071439003864e-02,8.235586898136687886e-03
1.726000000000000000e+03,3.000000000000000000e+00,1.480588600660822497e-06,5.680418501491482685e-05,3.364231819532706100e-03,4.509988489478584661e-01,2.318108285844154063e-07,3.386934049188617508e-05,5.073376373764428756e-06,3.070112916300757658e-04,5.444879241010109894e-01,7.445245386579898376e-04
1.606000000000000000e+03,3.000000000000000000e+00,9.034280786299193976e-08,4.076318882692870509e-04,7.877403309999480620e-05,9.467278043836748758e-01,7.469097592495916336e-08,5.439571222030664015e-05,9.449796840436018156e-08,6.492585123507070501e-05,4.934992558719859118e-02,3.316283012549560514e-03
1.297000000000000000e+03,0.000000000000000000e+00,9.994368734646496000e-01,1.438534111198025756e-05,1.422384738126577312e-07,4.530112475932830009e-08,2.925948586379059857e-05,4.016852004922202791e-05,2.142872358840606465e-04,6.801259315175434830e-07,1.084215071608546241e-04,1.557367797505712821e-04
6.400000000000000000e+01,4.000000000000000000e+00,4.884091943215983960e-04,1.885085204803426003e-04,8.574315678671278904e-10,4.074803411043735796e-09,9.773367541565005645e-01,2.177618513088924233e-05,2.192235498440787619e-02,3.565986145996201151e-05,6.532077024851043842e-06,8.843905231131378160e-11
6.300000000000000000e+01,3.000000000000000000e+00,4.697269648260814118e-08,6.776659149138083944e-06,3.602980155964393403e-04,9.995677446428385959e-01,3.452564708115564598e-10,3.204094923058853226e-05,7.259496457690442199e-10,4.576316295634558173e-06,1.467027629933927022e-05,1.384509668770930725e-05
1.788000000000000000e+03,4.000000000000000000e+00,1.416720108319194389e-05,1.872861611600441540e-04,2.621741792319797834e-09,7.616577658653346597e-11,9.985994180725946689e-01,3.996864311598643247e-08,1.186630925441486831e-03,7.787882614070336179e-06,4.667085779699839736e-06,4.776087737512565234e-12
9.060000000000000000e+02,1.000000000000000000e+00,2.015755978694855615e-05,9.603484400868711468e-01,2.305861297154442047e-02,6.115353466430215978e-06,2.423641802718625002e-04,5.728157272001347007e-03,5.302236566151399301e-03,6.592743024218320046e-08,5.193701523493564690e-03,1.001485589825230606e-04
