observation_id,label,p0,p1,p2,p3,p4,p5,p6,p7,p8,p9
4.300000000000000000e+01,7.000000000000000000e+00,1.148900047081732705e-02,5.855992353618774682e-02,4.965593972515754476e-03,3.813017279987956226e-02,1.365421081966552985e-01,4.243846151680374240e-02,1.076736677635551157e-02,5.921154696021386776e-01,5.250394353891470189e-02,5.248795958973154208e-02
4.650000000000000000e+02,0.000000000000000000e+00,7.135222086169478173e-01,4.888016495382086282e-03,3.478076975523016617e-02,1.219349633693030815e-02,1.090069237542480411e-02,1.365099450714589088e-02,9.729408440790468515e-02,2.811959441482113180e-03,1.251477670607432577e-02,9.744300135747797909e-02
1.369000000000000000e+03,6.000000000000000000e+00,1.238921457362359389e-02,4.664282000101305226e-02,1.270312384894898075e-02,1.811089745473985074e-02,5.855625466126442719e-02,2.409099343778768609e-02,7.560208029097683635e-01,1.649880441968336331e-02,4.219802159145064763e-02,1.278906710172002421e-02
1.395000000000000000e+03,7.000000000000000000e+00,4.235397467502018121e-03,1.120692862138247987e-02,4.284633327152483073e-02,2.148986590138880770e-02,1.963370353632034465e-02,1.637090062991785125e-02,4.183571505705475403e-03,8.312188089957562864e-01,3.270314736871549055e-02,1.611134270178653585e-02
1.410000000000000000e+02,1.000000000000000000e+00,4.283073065837523889e-03,6.653762193136634195e-01,2.288243444474724955e-03,4.505614241500685568e-02,8.626425898084927324e-02,6.042685931833348227e-03,3.588800018205836207e-03,3.795043356931018103e-02,6.078898512860551190e-02,8.836115813221338822e-02
9.340000000000000000e+02,9.000000000000000000e+00,9.066244531909578228e-03,7.582939706982897918e-03,2.325963528856779192e-02,8.585713686063074779e-02,1.007133623196055207e-03,2.569910542393862019e-02,5.895708982336569232e-03,8.419218884504047276e-03,2.205322375527952669e-02,8.111596529426540192e-01
8.310000000000000000e+02,0.000000000000000000e+00,7.868548962657151424e-01,2.173760342085277047e-03,4.812830595392922177e-03,8.328023054154276919e-03,2.553843847468770592e-02,5.075079164032968854e-02,2.394125895521912947e-02,9.552103741541822027e-03,3.277038354937952813e-02,5.527751338149435728e-02
1.327000000000000000e+03,8.000000000000000000e+00,1.105520467505214342e-02,2.725159777203260969e-01,7.682986354315521349e-02,2.453981237456805131e-02,3.672632068503838693e-02,1.775812323982113236e-02,1.668704376522049670e-02,6.239829792171406458e-02,4.405967969994004640e-01,4.089255907570401444e-02
1.714000000000000000e+03,1.000000000000000000e+00,2.809065345342295905e-03,6.470624745852273652e-01,5.347547551019486700e-02,6.279762333317672439e-03,3.574174078995737136e-02,3.858131025288917115e-03,1.772318330856002822e-02,3.400581876358222538e-02,1.916627397144665956e-01,7.381608624062800141e-03
1.220000000000000000e+02,8.000000000000000000e+00,6.925583334703153994e-03,4.376825138969926976e-01,7.566966967801383448e-02,5.062275737178804219e-02,1.948404044481394023e-02,1.324879592370301583e-02,7.248899245282436343e-03,5.287962703962841016e-02,3.165965134750069465e-01,1.964159959006765710e-02
1.310000000000000000e+03,3.000000000000000000e+00,9.400537265882580318e-03,1.595061352312870939e-02,5.927657724794163641e-02,6.488202854172445688e-01,1.342297140627853221e-03,5.325066892391635415e-02,1.672162297133029246e-02,1.123909127999653604e-02,3.075532179832396115e-02,1.532429844316074985e-01
2.490000000000000000e+02,8.000000000000000000e+00,1.129329526148757125e-02,3.866414840761370764e-01,6.026909346888548180e-02,1.178465232884105679e-01,1.399333051334354476e-02,5.040668590305219521e-03,3.821140012854053192e-02,2.376687766602520249e-02,3.148678288418271243e-01,2.806949816503764850e-02
1.516000000000000000e+03,0.000000000000000000e+00,7.448611749815794436e-01,4.667936950073276262e-03,3.977914044649224351e-02,1.528410767230918912e-02,9.219654991483958173e-03,9.060591613507399181e-03,4.764070097154663591e-02,5.865097517617540515e-03,2.471740665951990129e-02,9.890418819587055987e-02
8.100000000000000000e+01,7.000000000000000000e+00,3.045894444608863126e-03,2.787627865335893726e-02,6.148804093699841190e-03,1.237698127855461211e-02,2.360817289751081932e-02,1.162037972279574873e-02,1.779279682453647994e-03,8.608044681437710954e-01,3.095462704918854752e-02,2.178511403405776134e-02
1.218000000000000000e+03,7.000000000000000000e+00,3.915898963838178662e-03,7.268690400336176582e-02,1.792422856279377377e-02,2.119478213772572894e-02,1.439019359115201006e-02,4.092697350775490600e-02,3.466728494072715983e-03,6.737492986520101645e-01,7.607565887774674074e-02,7.566933320954410958e-02
8.480000000000000000e+02,0.000000000000000000e+00,8.658543112507691708e-01,3.647366036053460107e-03,5.196819846418897736e-03,4.292364127957631371e-03,2.005968927587991127e-02,9.075295412931574934e-03,2.510076199432344918e-02,6.647459389735755481e-03,2.079048452188569929e-02,3.933544814404436873e-02
1.153000000000000000e+03,0.000000000000000000e+00,8.020502447254521661e-01,2.269275077562759018e-03,2.211851297745663636e-02,1.425433304832532388e-02,8.722111242011464094e-03,1.789397408643831830e-02,6.466460936903868639e-02,2.815907881532657940e-03,1.855218287483846595e-02,4.665884871734361089e-02
7.900000000000000000e+01,0.000000000000000000e+00,8.676288487136498695e-01,1.752046618866509630e-03,2.567857363992419664e-02,1.014245632052319934e-02,7.295068745885748170e-03,1.256397680798738981e-02,2.290409547246581232e-02,3.421210514659456161e-03,1.067679015251330431e-02,3.793693301352447922e-02
5.040000000000000000e+02,7.000000000000000000e+00,2.545047611660057607e-02,6.139480132887539104e-02,4.067660664853264829e-02,1.773885211426399003e-02,2.487141455156215500e-02,7.078881127925568117e-02,6.710220483182908861e-03,5.985152669094150335e-01,6.108826081276700487e-02,9.276528975554453049e-02
4.910000000000000000e+02,9.000000000000000000e+00,1.013185809560960410e-01,2.285222640649526779e-02,1.006970399188830134e-01,7.805797338768800941e-02,1.530707371364873302e-02,3.435662090832933974e-02,9.405547964557424423e-02,4.033085768877248123e-02,9.598289537758621093e-02,4.170412519969267096e-01
9.000000000000000000e+00,9.000000000000000000e+00,7.487622747414954261e-02,4.585933039282362456e-02,2.224092872023674533e-02,6.479583090935508993e-02,3.006853304672256824e-02,7.141450561209029824e-02,2.719043280446150138e-02,3.435319201304779663e-02,6.387490423407031492e-02,5.653261147930426223e-01
1.151000000000000000e+03,4.000000000000000000e+00,2.180741946939264431e-02,4.880504860579471665e-02,8.436551149628743890e-03,3.389194381054915373e-03,6.133144814235346187e-01,2.908652210014346304e-02,2.205729560956987481e-02,1.656499624105677859e-01,5.880485460836740869e-02,2.864867024194587761e-02
1.194000000000000000e+03,9.000000000000000000e+00,5.808177645862521582e-02,4.588238824477827715e-03,1.007080926975902242e-02,8.035954314519691555e-02,4.715098894201135045e-03,4.417122137217337208e-02,5.340877887464266956e-03,2.040878743477455085e-02,6.716658330457922488e-02,7.050970634087484479e-01
8.330000000000000000e+02,2.000000000000000000e+00,3.802345311613960707e-03,5.647954484660746427e-02,7.663816958654203759e-01,3.698957999394898721e-02,2.716908308411211583e-03,4.724730783960276459e-02,2.486995563646483484e-02,5.540681875953566184e-03,4.659730836373490032e-02,9.374671958242005929e-03
9.120000000000000000e+02,7.000000000000000000e+00,2.469173779828548812e-02,1.945373859767897395e-02,1.387451398321207577e-02,1.199214960081808161e-02,6.833620244056516635e-02,1.933212709932375858e-02,8.377268784065559221e-03,7.520736834451876573e-01,4.690989432152405103e-02,3.495868392933902669e-02
1.530000000000000000e+03,2.000000000000000000e+00,5.645691352948224891e-03,2.420282655885891768e-02,7.287476113765086749e-01,1.439921346632096755e-01,1.421931431961047853e-03,1.754679577446003128e-02,3.136895569105341199e-03,2.283369620192212193e-02,3.005197312032987025e-02,2.242044395069598545e-02
8.980000000000000000e+02,8.000000000000000000e+00,1.663841960313646590e-02,2.006267415209247729e-01,4.029409247421790463e-02,8.245246626599647688e-02,4.024451886078738577e-02,7.371473264739107634e-02,2.949664732501402348e-02,1.197883677326589819e-01,1.417018493013227354e-01,2.550421642685502532e-01
7.910000000000000000e+02,5.000000000000000000e+00,1.161095972896324623e-02,7.454022296308739949e-03,3.603998121930275522e-02,6.054775696073570398e-03,3.417458589372615336e-03,7.926133670056696445e-01,1.529793572189113750e-02,6.699128640614472607e-02,4.522743148139065500e-02,1.529278185488288505e-02
5.980000000000000000e+02,6.000000000000000000e+00,1.047205200074075027e-01,2.371421451802359359e-02,1.687923813243655605e-02,1.333081191974731794e-02,5.270484881512903924e-02,6.864358491535672846e-02,5.833189150096615982e-01,9.704912151676447010e-03,1.167748307275353198e-01,1.020812380302593345e-02
7.550000000000000000e+02,5.000000000000000000e+00,8.532081239737155862e-03,2.431298877648094617e-02,2.559739181688031398e-02,1.157240341981790460e-02,7.843077117099491943e-03,8.160103653830746984e-01,7.716598047143303010e-03,5.410704811963790162e-02,3.190467000506618661e-02,1.240337607506210305e-02
1.733000000000000000e+03,6.000000000000000000e+00,1.573476993840197333e-02,6.675809426535219901e-03,9.846206070182692699e-03,3.210959431954552197e-03,2.843145221452475849e-02,2.217527199017347780e-02,8.777612125401623722e-01,2.461407264893315707e-03,3.070068156871538431e-02,3.002229554456162328e-03
1.010000000000000000e+03,5.000000000000000000e+00,3.485947940281465540e-02,1.720157286549876124e-02,2.175836248437155312e-02,1.097399621403227499e-01,4.559467978558995327e-03,2.598354541578001276e-01,3.624880056597949013e-02,6.101791592125529670e-03,2.441420849455128161e-02,4.852809003179768821e-01
3.340000000000000000e+02,0.000000000000000000e+00,8.170897617267234292e-01,3.094578324885054361e-03,6.485491871644089718e-03,9.717026470014914277e-03,1.329878659096245426e-02,2.204316151734726434e-02,4.484679147490298196e-02,6.446606840228615541e-03,2.278284546344274200e-02,5.419494971984845783e-02
8.930000000000000000e+02,5.000000000000000000e+00,3.321767695222699497e-03,6.342541559238648596e-02,3.842175736174826411e-02,8.357030918997802871e-02,5.393701044637065622e-03,6.854517829928717942e-01,2.682267109476011487e-03,5.511955112158814507e-02,3.941440624830246098e-02,2.319904164378904649e-02
1.616000000000000000e+03,9.000000000000000000e+00,1.900876394175195563e-02,2.847814678766241378e-02,2.429186814828408758e-02,1.078110663143189984e-01,2.290372229213437014e-03,5.225339114338809106e-03,8.267514664536217833e-03,5.485886886032236877e-03,2.311310848286800279e-02,7.760279334309938548e-01
8.150000000000000000e+02,9.000000000000000000e+00,4.051342659293240278e-02,6.633482679816640054e-03,5.126813311157981355e-03,5.790413689648039181e-02,1.848878277839621082e-03,3.353395651826156232e-02,2.722836728667222660e-03,6.922729164862619078e-03,5.328727040544002647e-02,7.915064694245415033e-01
1.033000000000000000e+03,4.000000000000000000e+00,1.792583914609910054e-02,6.557722487957536039e-02,2.161867016306254132e-03,4.000570680650812790e-03,6.654506742536089314e-01,4.113924082308551000e-02,1.899116812338432631e-02,5.683550221398599167e-02,4.856734586991755948e-02,7.935056699338610686e-02
1.718000000000000000e+03,2.000000000000000000e+00,1.440880069619769653e-03,2.766565421873450753e-02,8.812721038643761551e-01,3.484144100597052346e-02,9.595954777399990808e-04,1.843686447603863632e-02,1.065672479382600776e-02,2.844235952074235935e-03,1.718015920232441457e-02,4.702340939295790619e-03
1.479000000000000000e+03,4.000000000000000000e+00,1.419623753600120393e-02,1.831423938691087785e-02,7.915603957201347921e-03,2.007654057259027156e-03,8.075596074199414831e-01,1.777912862759295845e-02,7.384875044857365511e-02,3.803969086062360810e-02,1.770227284501425455e-02,2.636814860881449372e-03
4.050000000000000000e+02,9.000000000000000000e+00,4.465592578339395990e-02,2.914659245123226577e-02,4.855045446880460608e-02,1.165266428055385106e-01,4.167403070265125395e-03,1.379475693853451750e-02,2.834554754201349183e-02,1.460670621441559520e-02,6.265463246907178319e-02,6.375513382567301601e-01
1.750000000000000000e+02,3.000000000000000000e+00,3.319158824576696858e-03,2.074323537823655889e-02,3.421691762371342066e-02,7.887760958376157649e-01,1.395163059029505071e-03,2.124043545998447260e-02,1.184828823350503194e-03,4.554523487905839940e-02,4.032868166840224838e-02,4.325024844603257007e-02
1.410000000000000000e+03,8.000000000000000000e+00,4.529003450569814987e-02,1.230625892811928468e-01,1.103423171905076189e-01,1.876866539569972681e-02,3.178482356651179258e-02,6.023313784839964824e-02,2.323502435755542966e-02,6.507198223579775676e-02,4.876221910278900062e-01,3.458923459074707968e-02
3.890000000000000000e+02,3.000000000000000000e+00,1.621399625420140087e-02,1.680773756166304561e-02,2.546783769719303953e-02,6.033552290493194858e-01,1.611564611187529849e-03,2.799189072918029444e-02,3.081263782697833079e-03,4.948545126239300290e-02,6.439088502294249006e-02,1.915941440292219522e-01
1.105000000000000000e+03,0.000000000000000000e+00,8.667153593557532787e-01,1.518747432489593379e-03,1.404303512022317402e-02,9.318536615086196045e-03,7.069678300433146489e-03,5.711311867914336919e-03,4.891670129054153521e-02,3.251196245560454383e-03,9.823597344015095809e-03,3.363183642798330680e-02
1.685000000000000000e+03,8.000000000000000000e+00,1.364799718704626935e-02,8.872473292459215344e-02,6.321626990993130246e-02,4.094480533925434762e-02,2.989292457003480882e-02,5.323038807185574706e-02,1.725679063605444277e-02,1.904814144892819777e-02,6.465287663643075611e-01,2.750918354799524249e-02
1.308000000000000000e+03,1.000000000000000000e+00,3.670740225464911438e-02,2.697521447234106917e-01,3.131304989082597627e-03,7.843889846389888454e-02,4.721252596191410217e-02,1.325649203952741079e-02,1.219765123256881696e-02,3.310464436465907628e-02,4.992385861172567857e-02,4.562750773585635411e-01
4.850000000000000000e+02,1.000000000000000000e+00,2.486893022047243808e-03,7.315913581592351500e-01,1.104810942706432528e-02,4.251407228881009387e-02,2.878715013742536716e-02,3.037497847848324647e-02,1.366733225721723441e-02,8.068137531552489056e-03,5.695811806140453626e-02,7.450385063676033537e-02
1.475000000000000000e+03,3.000000000000000000e+00,7.343600593414678981e-03,1.258046696668495973e-02,1.445269926208044564e-01,6.966325401227723146e-01,1.232697869580761611e-03,1.286821032483267610e-02,2.479376662733702441e-02,8.995512746030880080e-03,2.082521141390108674e-02,7.020100071464099867e-02
1.468000000000000000e+03,8.000000000000000000e+00,3.225046929190496930e-02,1.842149359013071919e-01,1.077705414942681066e-02,7.148405645399458219e-02,1.192985328696124642e-01,1.063149252391674265e-01,6.830727439166354997e-02,5.135403471760625199e-02,9.901489535301165323e-02,2.569838216323051538e-01
1.543000000000000000e+03,9.000000000000000000e+00,1.692668029616189174e-01,9.790161521016060506e-03,3.063427071139785893e-02,1.777299349976781961e-01,2.906565543276165217e-03,5.073945641327118339e-02,2.069927474669396288e-03,2.988870295276889466e-02,5.674266177327356303e-02,4.702315156510297744e-01
4.360000000000000000e+02,2.000000000000000000e+00,3.736033142965391411e-03,8.386416838883582747e-02,7.099359453784623852e-01,1.139078620762436073e-01,4.724763205851333255e-03,2.485585972757473408e-02,1.680961732731084401e-02,8.303594065450517481e-03,1.775050217418884871e-02,1.611165451311650024e-02
5.690000000000000000e+02,8.000000000000000000e+00,1.810832585375058909e-02,1.090520454834933706e-01,9.023376397473895083e-02,4.570403371791344205e-02,3.902189561657365413e-02,8.076041746156900972e-03,2.202295697098296257e-01,8.110307414305631402e-02,3.082293596292367543e-01,8.024189012525044518e-02
1.720000000000000000e+02,1.000000000000000000e+00,3.356561303158848378e-03,5.684118285379484714e-01,2.514314413504746201e-03,1.039007464743852138e-01,4.252508458838294425e-02,6.053758900775205523e-03,4.118184631688759888e-03,2.917794399073891931e-02,3.700054054782439539e-02,2.029410366115925457e-01
1.566000000000000000e+03,3.000000000000000000e+00,3.273842627950878693e-03,3.822235657301520373e-02,3.976236193303182148e-02,7.181639060752466053e-01,1.242926089435034782e-03,3.206637729026387551e-02,1.078906444171701725e-03,1.216614227015490497e-02,7.221203405691822841e-02,8.181114663981188528e-02
2.480000000000000000e+02,8.000000000000000000e+00,1.737977659549175616e-02,2.499078026884254400e-01,8.526290976902528573e-02,5.076488603062163235e-02,3.203222374142685597e-02,6.745840699591788489e-03,3.038844297249407994e-02,4.674185929316139465e-02,4.307986027827069297e-01,4.997765542705483871e-02
1.472000000000000000e+03,2.000000000000000000e+00,2.557138868001409496e-03,4.685807099799125380e-02,7.474682066066665742e-01,1.023662328414535333e-01,2.547182086553866336e-03,3.781289339009698269e-02,1.369615119045294177e-02,9.770784590425404120e-03,2.873731132081137202e-02,8.186028107546539090e-03
9.700000000000000000e+01,4.000000000000000000e+00,8.797556920345273729e-03,1.548748585487718654e-01,2.152452593391282303e-03,3.551994938632460543e-03,7.029410386025422008e-01,1.455019737022201533e-02,6.749113727534614138e-02,1.431507165752241711e-02,1.659434157965690437e-02,1.473135051356942032e-02
1.469000000000000000e+03,2.000000000000000000e+00,2.842682814709382010e-03,2.510328908704042780e-02,8.176680082429549357e-01,7.601596011981087697e-02,1.743250395447027128e-03,3.852489450993075437e-02,7.415386682764753962e-03,6.817351690075454385e-03,1.689358239044619694e-02,6.975594066819997344e-03
1.769000000000000000e+03,5.000000000000000000e+00,2.470117669151669290e-02,4.189767905515552789e-03,6.000896971362011147e-03,4.798472735453386540e-02,1.157110623640989801e-02,6.639122834879601642e-01,1.899498450243818082e-02,9.176375234438484754e-03,2.078941240000196228e-02,1.926792692158231235e-01
1.063000000000000000e+03,6.000000000000000000e+00,3.374079662388485522e-03,3.746868584416547521e-02,9.103485262916854656e-03,4.271120810686667747e-03,2.484259916392982451e-02,3.970893425695424736e-03,9.017943217805129974e-01,3.486134244593056854e-03,9.200887935796823319e-03,2.487791869314372704e-03
1.210000000000000000e+03,8.000000000000000000e+00,2.461872748175639516e-02,4.916985397473002534e-02,1.356560089348710640e-01,3.272725912058689623e-02,2.026657956106502068e-02,1.667012560879077288e-01,1.534345182756484925e-02,3.122840857253137981e-01,1.997698190708942501e-01,4.346295821530989784e-02
1.529000000000000000e+03,8.000000000000000000e+00,2.600579550419174213e-02,6.796527951870852402e-02,1.695157175584439263e-02,9.050514085863060887e-02,4.961805997515664896e-02,2.675141355169661228e-01,4.931005386457267686e-02,1.063375636669741525e-01,1.046763914656969469e-01,2.211160078732581635e-01
1.382000000000000000e+03,6.000000000000000000e+00,5.096714339103448899e-03,1.087690884600656521e-01,2.073500414342036718e-02,1.705585556663393593e-02,2.582454785268880823e-02,8.364409840988464365e-03,7.579708691334949844e-01,1.053835100867754615e-02,3.111210207811327885e-02,1.453305757681359021e-02
5.350000000000000000e+02,9.000000000000000000e+00,1.429027525039469337e-01,9.873118848185737095e-03,1.641842314149908125e-02,5.373909471527422987e-02,6.343070241518447734e-03,5.735150993894179428e-02,3.005734154777218656e-02,3.902976313559228944e-02,1.349195815055527214e-01,5.093653444217166593e-01
1.640000000000000000e+03,1.000000000000000000e+00,6.310722565602209762e-04,7.049785396803227577e-01,7.650490011788409206e-02,3.054578082651429605e-02,5.943826810565813051e-02,8.629328027565250775e-03,9.936102582347918627e-03,7.223865783412777852e-02,3.160169701973947892e-02,5.495653549279977054e-03
3.450000000000000000e+02,3.000000000000000000e+00,2.384595477516137079e-03,9.779860005745145274e-03,1.905199943992403472e-02,8.289152056906884392e-01,4.779286531755835214e-04,1.643738355072189850e-02,1.453987829490036889e-03,2.128212372785426298e-02,2.825073963152830228e-02,7.196617599335594639e-02
1.074000000000000000e+03,3.000000000000000000e+00,1.492449813936314561e-02,8.662755776421294726e-03,3.710450991591292963e-02,6.519743539021399803e-01,1.494323795392234590e-03,3.145369094316669001e-02,1.930542441720298511e-03,3.162797388771867307e-02,3.551529026023752394e-02,1.853120609379269312e-01
1.040000000000000000e+03,1.000000000000000000e+00,2.394021591913887779e-03,6.866948280309245201e-01,5.598199139018389392e-02,1.475292149561630191e-02,5.488903927206201239e-02,9.867871997255084349e-03,2.750200154520087911e-02,3.992900261586820182e-02,9.555438163579169086e-02,1.243394042518364100e-02
1.586000000000000000e+03,7.000000000000000000e+00,2.699546854216826330e-03,1.108882870009555294e-02,1.459756477451124371e-02,1.655639560827519910e-02,1.446795168465844598e-02,4.945236833116422627e-03,4.231825241312695343e-03,8.857533700235258323e-01,3.794711230026864140e-02,7.712167980019276475e-03
1.660000000000000000e+02,0.000000000000000000e+00,8.785240643923427628e-01,1.196591592270994505e-03,5.895986071823057680e-03,4.647535391845255409e-03,1.957529780947156461e-02,1.539508659950278996e-02,1.706893489168829006e-02,7.096144192530458132e-03,1.673467261458877475e-02,3.386568644393605360e-02
7.920000000000000000e+02,6.000000000000000000e+00,2.546194411291552440e-01,1.407117045878704571e-02,7.433433007799267016e-03,9.888085694367387823e-03,1.374859479728275657e-01,1.650597911248735672e-01,1.589422720315009918e-01,6.465552779278078976e-03,8.359814574356345951e-02,1.624361600578473896e-01
4.100000000000000000e+02,4.000000000000000000e+00,5.780230662767511796e-03,2.336107558183996846e-01,3.206518006665997830e-03,4.910473238126175297e-03,6.693780018759436512e-01,3.119570655610624278e-03,2.326915298447414238e-02,2.436793856336817374e-02,2.758177428991456098e-02,4.775583904729443184e-03
1.600000000000000000e+03,2.000000000000000000e+00,9.394881431218637946e-03,2.595907051636990939e-02,6.961602688191582677e-01,9.697798118182412996e-02,1.775484710450590635e-03,1.903908303612843536e-02,3.834053378186043359e-02,1.082861623364827358e-02,8.984859704131657743e-02,1.167548324802484237e-02
9.210000000000000000e+02,6.000000000000000000e+00,8.102765246346226025e-02,5.722192507094920819e-03,2.421737542799612744e-02,4.845716347722734199e-03,6.567644709940105574e-02,1.873171891999425229e-02,7.597194226403124473e-01,3.516135182665223319e-03,3.213502077234734605e-02,4.408318639003688116e-03
8.290000000000000000e+02,8.000000000000000000e+00,4.599126173067591417e-02,1.044357067474748768e-01,1.843515604762308718e-02,7.049961844391837429e-02,6.555398461938995169e-02,9.261621757300247948e-02,6.766058693092305565e-02,5.852314857206217247e-02,1.799599771053962127e-01,2.963243422295339657e-01
9.260000000000000000e+02,1.000000000000000000e+00,5.868310933008577361e-03,3.013226607873203955e-01,2.082889541835352132e-01,6.891054444792542831e-03,4.271352327263866488e-02,2.107446655915808376e-01,1.332504055808362009e-01,3.489205424556085164e-03,6.501949289538984378e-02,2.241172688634160068e-02
1.048000000000000000e+03,9.000000000000000000e+00,1.315533694143596576e-02,2.120620761681579758e-02,1.536117265653692311e-02,1.297847361159852608e-01,9.683399472957413337e-03,8.661386957800946973e-02,4.122919666515312276e-02,3.012099220518092355e-02,6.489437494253670613e-02,5.879507138053884363e-01
8.180000000000000000e+02,1.000000000000000000e+00,1.487405944254784236e-02,4.261121346783775521e-01,4.994122659738895603e-02,8.052847094487700780e-03,8.377859116322068644e-02,1.593409662401066088e-02,5.702754041040322686e-02,2.637062168687904010e-02,3.004436865338773188e-01,1.746519576880695493e-02
1.035000000000000000e+03,6.000000000000000000e+00,2.200881579328693716e-02,2.316542750469657332e-03,1.417200286005537366e-02,3.809913833590440873e-03,1.540161125082294136e-02,1.695078952851750143e-02,8.886724664091457671e-01,2.610587912590910109e-03,2.899711650686927211e-02,5.060153154651279156e-03
9.990000000000000000e+02,3.000000000000000000e+00,1.123183760745517096e-02,1.489875095870467868e-02,4.722798084778420669e-02,6.853173471030129527e-01,3.081170425188452418e-03,2.204656339824673933e-02,1.765834194200129048e-02,2.243238250449273649e-02,6.580788377994088723e-02,1.102977414331731548e-01
5.160000000000000000e+02,0.000000000000000000e+00,7.829344397994492111e-01,2.169700731708920985e-03,1.012584452361208441e-02,1.745079371333389806e-02,1.148969694864634961e-02,1.772947232868584203e-02,1.397152028676815899e-02,7.308915362267637793e-03,2.326332406916361770e-02,1.135562922363642369e-01
1.059000000000000000e+03,0.000000000000000000e+00,8.245523044504846633e-01,1.569742429584055016e-03,2.325269526372702317e-02,1.416088812536779248e-02,6.376612303250426758e-03,1.259611415137180945e-02,3.875631968422645068e-02,4.674199076297411506e-03,2.635017075699842490e-02,4.771095375869189442e-02
4.700000000000000000e+01,1.000000000000000000e+00,2.593883959271316413e-03,8.181309544593209360e-01,7.463784571125300915e-03,3.364441076273209930e-02,4.382883245966313207e-02,1.216780510559917379e-02,3.258204196434798770e-03,1.066732335174691571e-02,3.364557094133004828e-02,3.459923019277620637e-02
4.670000000000000000e+02,7.000000000000000000e+00,1.146592073361871605e-01,3.813190385789923947e-02,7.070712058603240147e-03,1.300730276901187511e-02,1.699657674736302637e-01,2.164419114491311635e-01,1.318198693441238051e-02,3.389391567235295333e-01,1.425754710654733234e-02,7.434450429104760838e-02
7.370000000000000000e+02,3.000000000000000000e+00,1.446408479930090703e-02,5.778721883505091861e-02,6.196818022785099273e-02,4.322267635350607318e-01,3.315078845502934801e-02,1.379953881301272112e-01,4.899074956409157217e-02,9.315425712819497273e-02,6.108636088911578721e-02,5.917620843617768522e-02
2.070000000000000000e+02,2.000000000000000000e+00,6.405988571138516302e-03,1.300016552369020473e-01,6.481782154059421153e-01,6.087560473402076761e-02,7.009639085470425676e-03,3.206700090383210466e-02,2.125164509330338194e-02,2.690253551226133230e-02,5.259118262079874595e-02,1.471653283633052832e-02
1.003000000000000000e+03,5.000000000000000000e+00,1.452830774647492253e-02,1.403086187865752212e-02,1.311233209843422169e-02,7.823587456117964134e-02,4.356387305323046119e-03,7.546005734585145008e-01,4.430875220576456323e-03,7.969631301423803910e-03,2.512942424995258731e-02,8.360573217946343227e-02
5.740000000000000000e+02,6.000000000000000000e+00,1.409447086392489890e-01,5.662650556139424418e-02,7.012627164669986424e-02,1.849590667522637774e-02,8.634910482014138133e-02,1.341673667841334072e-01,3.551280410320594716e-01,9.214403740216160418e-03,1.192340343745802861e-01,9.713656726299958744e-03
4.870000000000000000e+02,0.000000000000000000e+00,7.894804949780472869e-01,6.888967038468785629e-03,2.335540123893461995e-02,1.407454915986053844e-02,3.557769253614556648e-02,1.518632685892872848e-02,3.716093242964798454e-02,5.636516415868767643e-03,1.326410839694240444e-02,5.937501094715535999e-02
5.810000000000000000e+02,6.000000000000000000e+00,1.055246551954067552e-01,1.209818717580760442e-02,2.314014732904376079e-02,1.390570374725172594e-02,4.029468142270303116e-02,6.345518037855341076e-02,6.376099774660709540e-01,6.564953596739244931e-03,8.793369121653767106e-02,9.472822471885819148e-03
1.749000000000000000e+03,6.000000000000000000e+00,3.111468220654098338e-02,2.477399154360519426e-02,2.560350762312022313e-02,1.256437933687447241e-03,4.531173891979009549e-02,1.709279065598478045e-02,8.132531462989203153e-01,1.170835942191311143e-03,3.845306378839106337e-02,1.969805087768923893e-03
1.129000000000000000e+03,5.000000000000000000e+00,5.081966292253581839e-03,7.440597410443413814e-03,7.490466813150501238e-03,1.992063017786892265e-02,1.319990534034350994e-02,8.712704967011316581e-01,1.775694754654796870e-02,8.644918303724422048e-03,3.812134254393285265e-02,1.107272887060315944e-02
1.422000000000000000e+03,7.000000000000000000e+00,8.857349732966729450e-03,2.129129637071174377e-02,6.392808947664386024e-03,1.336993518072818535e-02,5.254435437319601720e-02,2.578854983783299484e-02,7.616277657391760242e-03,8.072978835783019003e-01,3.445560459095428629e-02,2.238593973025206421e-02
1.683000000000000000e+03,6.000000000000000000e+00,4.585400170272620202e-02,7.199026102682777074e-03,1.041427580891859939e-02,5.654995775267845047e-03,4.887375773899699238e-02,4.084714365127772168e-02,8.022090292103988274e-01,4.524473781035039804e-03,2.684718701727412810e-02,7.576109211421921778e-03
1.131000000000000000e+03,6.000000000000000000e+00,6.425132052770000934e-02,6.446325341994385560e-02,5.764957179513327534e-02,2.588354981372647818e-03,4.248270005074116645e-02,3.485073778720859661e-02,6.740047036407483816e-01,2.434717889141894531e-03,5.329157304355690294e-02,3.983066864453395535e-03
1.950000000000000000e+02,6.000000000000000000e+00,7.112936797299011793e-03,3.869733071864932261e-02,7.675307280487965456e-03,2.009861193260762801e-03,4.297100978960419898e-02,7.176087506994159593e-03,8.611862725829089182e-01,2.672018351303505346e-03,2.888706380074222702e-02,1.612111978749801748e-03
1.250000000000000000e+02,9.000000000000000000e+00,2.392809165938986418e-02,4.000582860358881804e-02,7.767247998450328705e-02,1.879982803923301860e-01,1.200221784174204664e-02,1.004406252764453444e-01,3.667608570039944654e-03,2.506085682202989842e-02,1.191568740232642198e-01,4.100671368266663452e-01
6.430000000000000000e+02,8.000000000000000000e+00,3.896624628541539570e-03,3.855953146840389034e-01,4.054924309709561497e-02,4.698033951244323658e-02,1.359027823429726986e-02,5.206244635292479710e-03,8.703202250409979024e-02,2.829985851891957463e-02,3.556068188767918525e-01,3.324325530847969251e-02
7.850000000000000000e+02,9.000000000000000000e+00,1.972644163726007885e-02,1.119790115174274306e-02,1.994320908756173905e-02,7.008336666316898611e-02,1.240374813315069840e-03,1.691902051739431825e-02,6.548376159294860138e-03,4.434104648609152842e-03,1.655436538075059916e-02,8.333528399409024789e-01
1.592000000000000000e+03,0.000000000000000000e+00,5.932424377352178979e-01,1.534678847448745116e-02,1.259660828560162614e-02,4.906135107860228745e-02,3.790487505279323266e-02,5.979201348557828394e-02,3.459929522900100779e-02,2.357483610777061367e-02,7.811434375805680064e-02,9.576745079289081253e-02
6.100000000000000000e+01,7.000000000000000000e+00,1.508315595054419284e-02,1.177698875900234053e-02,1.746022783704375900e-02,2.313056885157713585e-02,7.352667749741657877e-02,5.175214518081036434e-03,4.642746362684087302e-03,8.078275647332061604e-01,2.972508751468817476e-02,1.165176797575620538e-02
3.530000000000000000e+02,4.000000000000000000e+00,3.505301343802273706e-02,1.337548612847494489e-02,1.927132545061984717e-03,3.740848652668154507e-04,8.806361154694949400e-01,4.233184771701580321e-03,5.088656371944832307e-02,6.774772419875966546e-03,4.820706836878156307e-03,1.918939805774629026e-03
1.453000000000000000e+03,8.000000000000000000e+00,4.292381144517174590e-02,3.668236951247279276e-02,2.815510269651921166e-02,5.598888131259264350e-02,1.792638672950698162e-02,5.620248715133566164e-02,3.938742752799025137e-02,4.591204669540382283e-02,3.852455728946808655e-01,2.915759140343259781e-01
1.554000000000000000e+03,9.000000000000000000e+00,1.963739475071344873e-02,1.452542684556057673e-01,1.322328592875618393e-03,1.582374178968420572e-02,4.913548112215821578e-02,5.443383108405241283e-02,6.344376818830378163e-03,3.234590638050868772e-02,5.204091176195484864e-02,6.236617592436163315e-01
5.090000000000000000e+02,8.000000000000000000e+00,2.373869224742885739e-02,6.418858571103404353e-02,3.461698007492916562e-02,2.549589547660581143e-02,2.335434893906743192e-02,3.907587781184232445e-02,1.153124027948288464e-02,1.033549134758506849e-01,6.156533363667150427e-01,5.899012961704370311e-02
2.790000000000000000e+02,3.000000000000000000e+00,4.706380450135072904e-03,1.739207625924588455e-02,3.048391013638955885e-02,7.478860949516933365e-01,1.203569967181018687e-03,3.809881555266979303e-02,5.113190396368843225e-03,1.237276319228068633e-02,2.751400664947738911e-02,1.152291924445584953e-01
2.700000000000000000e+02,4.000000000000000000e+00,7.397097595699146308e-03,3.617967882819750347e-02,2.091418469425405935e-03,7.994352448750448618e-04,8.374692093216564714e-01,2.234751198099333563e-02,4.470416421597896844e-02,3.109464686693432303e-02,1.164311415231777079e-02,6.273723323921918948e-03
1.236000000000000000e+03,0.000000000000000000e+00,6.563110233354677581e-01,2.770969684694612502e-03,1.125218424854239167e-02,2.977565629300115216e-02,2.391895715850853033e-02,8.966064387642157241e-02,1.079763045362007456e-02,2.508096599123044862e-02,4.050269873862380465e-02,1.099292702198896160e-01
1.100000000000000000e+02,4.000000000000000000e+00,2.271668008876517181e-02,2.438933764878320129e-02,1.023007765469416581e-02,7.699777373182163653e-03,5.345888478470552929e-01,1.669875033254169527e-01,9.072613448772107181e-02,1.074205375257453049e-01,1.896704338527957848e-02,1.627406066335711221e-02
1.338000000000000000e+03,2.000000000000000000e+00,1.220341296396647290e-01,1.859793914448637855e-02,2.085388478274008695e-01,2.342874828892279881e-01,1.044134421698299404e-02,4.747182023207845852e-02,8.219531406903020365e-03,5.743645378667760343e-02,2.341858598955792736e-02,2.695538648670199322e-01
1.530000000000000000e+02,3.000000000000000000e+00,1.033502828174389168e-02,2.910103313490882554e-02,4.065430552864632979e-02,5.857241075560983834e-01,9.012473585666799791e-03,2.943455218233062207e-02,1.431522874751465233e-03,1.317352183670513210e-01,7.551671138224312629e-02,8.705504710655925793e-02
1.031000000000000000e+03,2.000000000000000000e+00,2.551737842910779472e-03,2.065658258246799717e-02,8.868557361822195784e-01,2.092543846399929838e-02,7.208196938403593377e-04,1.856485458202036809e-02,1.820112413521797132e-02,1.967778035202420728e-03,2.070753350295221479e-02,8.848394979168906424e-03
6.550000000000000000e+02,9.000000000000000000e+00,1.956886912872282669e-02,1.201781731149583615e-01,1.628136149489800609e-03,2.143415944710356374e-02,8.822803900300986435e-02,6.994014837112608185e-02,5.742553323013601177e-03,5.686363681812895560e-02,6.116796643460090110e-02,5.552483182098459924e-01
1.397000000000000000e+03,4.000000000000000000e+00,2.693212730457178461e-02,5.235836463318650769e-02,2.245046503768024365e-03,4.553173511955121294e-03,6.327871421744958313e-01,1.317243199673041876e-02,2.416241009736303513e-01,5.904285562371481416e-03,1.597985949273487624e-02,4.443467846555683616e-03
4.200000000000000000e+01,1.000000000000000000e+00,2.979906735228362614e-03,7.610154941965943109e-01,5.507787831606669911e-03,4.468128510965292677e-02,6.417793595329890355e-02,7.815735712610178201e-03,4.689319567895099822e-03,1.105180936781733313e-02,5.438798114891605501e-02,4.369274437638030056e-02
5.170000000000000000e+02,1.000000000000000000e+00,1.564515352686199302e-03,4.731798051663369531e-01,2.166397599233451376e-01,1.002509149878580280e-01,9.743157633189543018e-03,1.779327111358430108e-02,1.209889169065510028e-01,3.405656333308927728e-03,4.202009000120319332e-02,1.441391258193684514e-02
1.324000000000000000e+03,9.000000000000000000e+00,6.389710091699359051e-02,2.079810497808954814e-02,1.920892025554917990e-02,6.081184897127635269e-02,4.378551466357966625e-03,1.822357324769110012e-02,7.556504286532772681e-03,1.011754616655105750e-02,5.350186689566895082e-02,7.415059828152895660e-01
6.980000000000000000e+02,7.000000000000000000e+00,3.918970647289923837e-03,1.513812962515777120e-02,2.992141145961046446e-03,1.059289210923362347e-02,3.205688936647061588e-02,6.187742351725078298e-03,1.648667971577292288e-03,8.837178073166266357e-01,2.898989554372964628e-02,1.475686392222823502e-02
7.190000000000000000e+02,9.000000000000000000e+00,1.249252383814380800e-02,3.549999902704833454e-01,2.874237926489719985e-03,1.751782212642085182e-02,9.227576348055063771e-02,4.034386471007847530e-02,1.335954923483430139e-02,5.321481213895851853e-02,1.250835818705927360e-01,2.878378544034476683e-01
1.564000000000000000e+03,1.000000000000000000e+00,1.398342891988580035e-02,3.507102104480933069e-01,4.059712880698693183e-02,4.537434216775820296e-03,1.631806543144379007e-01,8.480819924136355492e-02,1.109659182627301260e-01,6.413972238719663210e-02,1.559534368122728887e-01,1.112386659025710323e-02
5.150000000000000000e+02,8.000000000000000000e+00,2.742588762715480327e-02,3.558874253852482156e-02,4.103553128201505723e-02,8.605450082591058203e-02,9.624614112121804982e-03,4.648234714249291355e-02,1.779453233951411306e-02,1.057462416113315040e-01,4.742953137519735907e-01,1.559522887689608617e-01
2.400000000000000000e+01,4.000000000000000000e+00,2.127667125816850788e-02,1.981808769355859479e-01,3.345506530006944410e-03,9.927371770757907957e-03,5.751994541664641192e-01,1.064098980256745347e-02,8.745216420267830360e-02,2.233352552145446979e-02,3.335773115213787332e-02,3.828570866017846908e-02
1.331000000000000000e+03,7.000000000000000000e+00,4.704423226001686227e-03,1.699266592106460014e-02,5.229947348453505701e-02,8.621395696413462761e-02,9.388458806144361901e-03,2.032268088029898570e-02,1.643334087911247493e-03,7.203463679803876474e-01,3.119760800453025978e-02,5.689103064499147211e-02
1.232000000000000000e+03,2.000000000000000000e+00,1.995814423696000428e-03,1.385801672394513552e-02,7.809951962887859978e-01,1.033897882105567351e-01,5.625563290010245293e-04,5.207497074234685407e-03,3.311051729368941730e-03,3.270873766126451698e-02,4.161976305800087900e-02,1.635157850114603642e-02
6.790000000000000000e+02,5.000000000000000000e+00,3.502919690119432258e-03,8.969585741373971299e-03,8.689293294236321782e-03,4.510444338432346122e-03,1.357903048050245962e-02,8.329502671210814446e-01,1.023093673340345899e-02,9.540362703541868661e-02,1.793668191358550532e-02,4.227213651846519968e-03
5.440000000000000000e+02,8.000000000000000000e+00,1.061829515372583570e-02,8.812697821674211895e-02,7.264779026968973263e-02,5.943987373286355874e-02,5.442682081299974467e-03,8.856715095780606783e-03,6.837585918260906392e-02,2.149917269189680416e-02,6.046829091890886243e-01,6.030972438630367860e-02
1.219000000000000000e+03,3.000000000000000000e+00,1.242075067573272795e-02,7.756914190128782680e-03,5.390633423600436208e-02,6.993408888536495338e-01,1.189106845926803536e-03,3.609319424418096917e-02,1.241295092522399796e-03,5.098066974660182826e-02,8.069111288332234122e-02,5.637973323193038594e-02
1.760000000000000000e+03,1.000000000000000000e+00,3.982943995923637903e-03,6.241258100426692046e-01,4.103903874794963963e-02,4.847574781387073428e-03,7.678738180741759289e-02,1.142390316613921611e-02,8.356564736923839665e-02,2.009516673590257263e-02,1.296225351634770762e-01,4.509998189895549243e-03
2.390000000000000000e+02,4.000000000000000000e+00,1.220437215434876750e-03,4.656235397693581635e-01,3.160606612582500616e-03,6.721253400719232919e-03,4.124019577797747860e-01,4.387640676912083620e-03,3.130220082268639348e-02,3.805317661184783734e-02,3.441272503272774924e-02,2.716462077956257552e-03
1.636000000000000000e+03,6.000000000000000000e+00,7.933944267023851013e-03,2.899808257433499764e-02,1.455610167433441134e-02,3.055089787459554576e-03,4.474760105040886948e-02,4.984766797627201984e-03,8.777339925743626869e-01,5.227606051187733832e-03,9.344119552882331620e-03,3.418695670378452643e-03
9.900000000000000000e+01,1.000000000000000000e+00,3.407187837162628172e-03,6.585337048699951845e-01,3.099523093868589846e-02,4.669388693376579254e-03,1.426266891334342646e-01,1.622737658889287712e-02,5.695216707355847674e-02,2.682237197781901783e-02,5.703886671892934718e-02,2.727016168145675410e-03
1.362000000000000000e+03,2.000000000000000000e+00,4.283341367351528074e-03,1.785618646301947651e-02,8.256914805935721136e-01,9.464006863464405339e-02,1.468690537617840580e-03,1.581873575039658211e-02,2.565081678909029560e-03,1.204533650176294220e-02,1.156088831959757590e-02,1.407019015312881843e-02
1.195000000000000000e+03,8.000000000000000000e+00,2.375817461515965581e-02,4.767684132920929629e-02,5.959996900492250949e-02,6.200006397302315619e-02,2.086505153046391836e-02,2.702567947249933100e-01,1.595079523483701814e-02,7.383175826704498068e-02,3.782587787597255780e-01,4.780177256062061869e-02
2.830000000000000000e+02,7.000000000000000000e+00,2.578503620546724467e-03,1.943782058606241840e-03,2.568920564153941155e-03,3.278340576966608851e-03,9.984674381262836212e-03,2.689736727008731291e-03,1.853961599622484585e-03,9.677276532513725549e-01,5.715703495896090613e-03,1.658723724563862436e-03
1.350000000000000000e+02,5.000000000000000000e+00,8.173308549756366087e-03,1.041587173746453751e-02,5.402634819492653506e-02,8.358770476120160400e-03,6.488312513965622218e-03,8.045709927319133481e-01,7.034883609002805238e-03,5.384662279074199642e-02,3.922153013096957991e-02,7.863359265139086354e-03
8.590000000000000000e+02,3.000000000000000000e+00,3.931935438461483384e-03,1.507938023720367497e-02,3.147815406195998006e-02,8.408947956473289409e-01,8.508050219447746074e-04,1.454693134827540757e-02,3.760511858878471617e-03,1.650880126723175759e-02,2.467841100715944744e-02,4.827027411155613429e-02
1.890000000000000000e+02,3.000000000000000000e+00,9.202762972765735766e-03,5.549816158394683605e-03,2.853982113821231306e-02,7.764732810333874191e-01,1.275156595104385854e-03,8.618300051373600432e-03,8.292308956126865803e-04,2.778764284063517387e-02,9.093909770125809325e-03,1.326300785443882135e-01
2.690000000000000000e+02,3.000000000000000000e+00,5.271567623824760518e-03,7.014775660907174304e-02,3.205700746500667053e-02,6.326059400052367332e-01,3.258153591910743687e-03,8.499048460328004206e-02,1.001952610075208111e-02,1.490096401706957410e-02,3.992322844446802299e-02,1.068253715393796544e-01
1.709000000000000000e+03,1.000000000000000000e+00,3.692031451626904843e-03,6.360398564163365354e-01,7.298336527887713809e-02,1.565803775445233706e-02,2.478889511110756241e-02,1.522943656026774437e-02,6.841416791517257456e-02,1.602100287423161365e-02,1.376220696445763780e-01,9.551136993351250215e-03
1.430000000000000000e+03,5.000000000000000000e+00,2.970929964705937981e-02,8.754108789321183096e-03,1.225128731995343660e-02,9.453714545570385264e-02,3.471268240144603431e-03,5.682339892436921724e-01,1.989592673510093973e-02,8.032045305627786777e-03,2.489708620682255097e-02,2.302178430565742506e-01
1.209000000000000000e+03,7.000000000000000000e+00,2.322734884915583862e-03,1.960757235323801195e-02,1.652867353940292924e-02,1.332278410276732834e-02,1.111791327089364095e-02,1.075389926407725738e-02,2.527825643695250785e-03,8.712468566348168242e-01,3.647976010989655016e-02,1.609198019629675194e-02
7.060000000000000000e+02,3.000000000000000000e+00,5.177896183451517406e-03,1.514333144293008616e-02,3.125578106165260994e-02,8.153433317916781720e-01,1.108771923126284547e-03,2.258761817747496556e-02,2.573567918779295829e-03,1.983469279903766688e-02,1.475369087042354213e-02,7.222131783144589146e-02
9.750000000000000000e+02,9.000000000000000000e+00,8.567238572902280760e-03,8.375479126372710817e-03,3.550793600816185697e-02,1.293502686447138561e-01,1.406957555146160724e-03,2.310827036386223915e-02,1.406612783026064094e-02,8.934235914949992946e-03,3.783859502216804782e-02,7.328448909614622142e-01
3.180000000000000000e+02,3.000000000000000000e+00,3.709306048900286919e-03,1.191260745871386938e-02,2.598111666600613767e-02,7.714688340022058943e-01,6.608856027086109372e-04,3.365219747883988616e-02,2.505172044323232972e-03,1.562572191859276996e-02,1.195892024407533595e-02,1.225252385356338097e-01
1.713000000000000000e+03,5.000000000000000000e+00,2.032500660552860605e-02,1.248675922495053568e-02,3.355407935570813883e-03,2.747039317969327682e-02,3.670582526897064879e-02,7.145265883665803397e-01,3.205047915091670252e-02,5.447720570231872478e-02,2.392045717423835205e-02,7.468187739123183233e-02
2.570000000000000000e+02,1.000000000000000000e+00,3.547131155359531472e-03,6.289158530689680227e-01,6.435871453825355026e-02,1.494889751933264031e-02,3.190202261810703988e-02,4.777685955146607905e-03,2.562411305538804876e-02,5.147914532057715903e-02,1.708081351096633893e-01,3.638301659203952310e-03
8.720000000000000000e+02,8.000000000000000000e+00,1.184781365226483980e-02,2.194565932164879718e-01,1.762234740534947552e-01,7.211006110459408647e-02,3.113721269480254628e-02,8.332000704321521067e-02,1.913764625392077590e-01,2.505681769446203855e-02,1.420497729286176736e-01,4.742178507285308570e-02
5.780000000000000000e+02,3.000000000000000000e+00,4.253091519434870627e-02,5.865422175975705532e-02,1.493036440277916987e-01,1.990313922046315909e-01,6.632483210959524804e-03,2.293812263747345773e-02,4.975528384702700840e-02,3.370233191010364032e-02,1.287006213346614247e-01,3.087509838732459544e-01
1.157000000000000000e+03,0.000000000000000000e+00,7.524773194915911345e-01,3.099533203379078571e-03,9.899662806911133442e-03,1.298027993295934254e-02,1.780712637547889748e-02,4.719346382469692680e-02,3.257442644450563723e-02,6.374941791190305400e-03,3.213793726624782077e-02,8.545530886303968898e-02
3.690000000000000000e+02,2.000000000000000000e+00,1.076448428025840280e-02,2.103122099585886737e-02,6.850289896196827266e-01,8.386909094292867295e-02,1.815932807241809558e-03,1.293250726737684569e-02,1.509875860175560400e-02,2.379757646743801969e-02,1.203785933185347601e-01,2.528284569892440964e-02
1.481000000000000000e+03,6.000000000000000000e+00,1.310952351538362537e-01,4.092122098632144239e-03,2.420277928623435285e-02,1.061588492982752305e-02,3.747612463259530902e-02,3.750628074429376152e-02,6.906220482587980269e-01,3.117001365342356081e-03,5.124584288371484414e-02,1.002668064672547488e-02
2.850000000000000000e+02,9.000000000000000000e+00,1.643911943455490451e-02,8.852399169054192898e-03,1.691637971670512108e-02,1.307020856059253056e-01,1.331356959993736750e-03,1.332759876835138552e-02,2.118596137317959455e-03,8.088859039915480970e-03,5.891946980110407406e-02,7.433041353670779561e-01
7.280000000000000000e+02,6.000000000000000000e+00,2.176731531481140847e-02,4.692778586455984349e-03,7.078111312951280119e-03,2.358310555540925075e-03,4.085939362296010097e-02,9.271759248612123153e-03,8.938085120687729868e-01,3.731712149335711208e-03,1.215698764024037391e-02,4.275119500318906932e-03
9.930000000000000000e+02,9.000000000000000000e+00,3.211369581507144549e-02,1.206627962535433175e-02,2.786630653726196449e-02,8.535610894746784028e-02,3.542587480348705076e-03,2.027077319431169408e-02,3.991574531116425656e-02,1.108678066851416684e-02,9.217197226471925131e-02,6.756097501557863927e-01
1.333000000000000000e+03,5.000000000000000000e+00,1.917305226813312627e-02,6.169827374346135811e-03,1.269991794086977946e-02,4.819240609955053461e-02,5.549800156341120304e-03,8.025697665120585800e-01,2.831715127864684739e-02,9.497987673916128901e-03,4.575712846285837077e-02,2.207296223327936610e-02
6.540000000000000000e+02,8.000000000000000000e+00,1.636153147175856484e-02,2.142458332865710899e-02,5.907946301280964790e-02,4.307140712810049454e-02,7.690288123036555755e-03,1.786975579166911673e-02,4.291257302577158872e-02,2.686438671996356498e-02,6.441046698174971441e-01,1.206213415807361328e-01
1.589000000000000000e+03,5.000000000000000000e+00,7.740104251548238223e-02,3.077711218077576732e-03,3.892548760687490617e-02,4.881714264212605459e-03,6.525789993835504933e-03,7.341118701658055912e-01,2.687549309593424002e-02,6.375769653117474567e-02,3.370356170104520099e-02,1.073963290755719849e-02
1.781000000000000000e+03,8.000000000000000000e+00,2.794820008681218534e-02,1.215600547968682943e-01,7.280705119299955841e-02,1.672982486802097601e-01,3.836315793488883491e-02,1.280735134164226185e-01,9.580473097912228786e-02,2.007284779923908941e-02,2.832949999217735382e-01,4.477719519166380169e-02
3.120000000000000000e+02,1.000000000000000000e+00,2.229552438823432983e-03,5.901836052405818878e-01,6.265790551021763188e-03,4.691996303844812866e-02,6.537413489193739935e-02,1.943082366350745802e-03,1.165994301933676730e-02,7.005745791139336709e-02,1.765581664112433058e-01,2.880830413086335473e-02
5.620000000000000000e+02,5.000000000000000000e+00,4.371939589335118587e-02,5.754418896068163973e-03,7.327945193371760216e-03,7.396626529192393273e-02,6.750918330889595954e-03,5.813819167278004851e-01,5.255749877447767754e-03,1.084988367745447907e-02,2.046904540511741352e-02,2.445244607065751030e-01
7.040000000000000000e+02,6.000000000000000000e+00,6.068817363481322086e-02,7.554323607419519138e-03,3.116660999513297045e-02,8.272400773474910055e-03,3.131327635708168466e-02,1.743085070001940476e-02,8.166213922130579617e-01,2.444330133125129177e-03,1.780248828257091978e-02,6.706154303304259941e-03
1.029000000000000000e+03,0.000000000000000000e+00,8.220589731543348488e-01,2.451601660015027308e-03,8.512863902865090704e-03,1.596378469304841202e-02,1.684451596016962524e-02,3.191617818216575114e-02,2.599745300739244105e-02,7.813776543281152412e-03,2.690081748326517141e-02,4.154003541346245471e-02
7.080000000000000000e+02,3.000000000000000000e+00,1.269210195741263258e-02,8.653255720766226539e-03,3.374747367166771456e-02,6.589468314259326887e-01,1.186296086120565202e-03,1.614892654095921934e-02,2.945199092847325222e-03,2.432011899623908943e-02,1.411565022433160926e-02,2.272441462837231085e-01
7.740000000000000000e+02,9.000000000000000000e+00,6.348675709488548445e-03,3.740346649624005648e-01,2.277887840331331137e-03,1.051307877775370034e-02,1.376792402252443037e-01,6.635430215812851418e-02,5.085172687773220970e-03,1.291707266390417497e-01,1.092658679321428239e-01,1.592703830676952814e-01
3.770000000000000000e+02,4.000000000000000000e+00,2.640491224416974259e-02,8.506814868195535992e-03,3.412456536000613161e-03,3.692233528994624857e-04,8.391712948919880510e-01,1.392650463667860841e-02,6.761062641816426022e-02,3.106311225479852986e-02,7.237838386126536037e-03,2.297216410978664657e-03
1.198000000000000000e+03,4.000000000000000000e+00,2.732275049593765881e-02,2.557147457067720717e-02,9.320868766370167145e-04,9.705097659840328629e-04,8.768566132032024063e-01,2.831429501545818656e-03,4.956876265934630210e-02,5.451942063316463603e-03,6.167200687842560106e-03,4.327230175510720159e-03
7.240000000000000000e+02,0.000000000000000000e+00,8.874728787840190369e-01,2.703981867695181163e-03,1.049350811708550830e-02,6.344336062791789028e-03,2.037189203375306193e-02,1.511449886660012898e-02,1.401367484663216048e-02,1.155659424344149429e-02,1.565980858838676021e-02,1.626882658959494937e-02
1.660000000000000000e+03,4.000000000000000000e+00,8.581014449181528433e-03,5.143456276158833718e-02,8.017377430912192571e-02,1.796393945986278495e-02,1.328082356509076127e-02,1.021618298430281430e-01,8.898198764164359786e-03,1.548907275322042587e-01,3.910022529859543683e-01,1.716128763298035709e-01
6.560000000000000000e+02,0.000000000000000000e+00,6.447363267441282852e-01,5.507539471014739896e-03,2.718270846343763189e-02,2.646517931337773882e-02,3.988898975168866240e-02,1.016499248708702952e-01,1.041786935302478623e-02,4.890484585837039100e-02,3.583677298713550119e-02,5.940984318695197164e-02
5.840000000000000000e+02,4.000000000000000000e+00,1.434982510574497362e-02,5.051331877071733173e-02,2.398467634273605126e-02,4.939612702610786735e-03,4.955299645530756858e-01,5.024355921966727062e-02,5.639729888141726405e-02,2.336464861579969077e-01,4.737080652953006704e-02,2.302445173650370658e-02
1.340000000000000000e+03,8.000000000000000000e+00,1.602446034116428164e-02,1.426858095876653576e-01,9.583126361634933255e-02,2.547009794745998604e-02,2.364226339804486113e-02,5.453774230477319990e-02,9.382286184735686915e-03,4.932663086202486447e-02,5.374835548625566117e-01,4.561589089522583018e-02
4.080000000000000000e+02,2.000000000000000000e+00,4.217087764090817967e-03,8.336754449528584188e-02,7.555829107311091697e-01,4.048826378433644652e-02,5.543206792282814183e-03,3.229423649258181261e-02,3.358393634613606599e-02,5.762224506470945730e-03,2.611401525002803037e-02,1.304657383767798134e-02
1.088000000000000000e+03,7.000000000000000000e+00,5.052827670677416567e-03,2.810625807620276834e-02,6.116850414273094366e-02,3.109973956506594667e-02,8.089091053448205573e-03,4.562780538532881097e-02,6.274594000137917980e-03,6.114435601808363430e-01,1.912186087146483526e-01,1.191901121092341261e-02
1.552000000000000000e+03,7.000000000000000000e+00,7.814754670716036675e-03,1.434258054966201235e-01,1.822520256419361551e-01,4.044109117050086188e-02,1.132614445767575126e-02,3.722603756486271565e-02,8.495802949235886289e-03,1.762868312116112335e-01,3.100863586366002234e-01,8.264514820024106145e-02
1.675000000000000000e+03,8.000000000000000000e+00,2.037576494866815899e-02,5.928349933597327343e-02,6.374352218433509965e-02,3.317628052086001311e-01,1.135841471132750975e-02,2.707111218605778163e-02,1.884782073470304270e-02,5.568623849867876396e-02,3.244066338874100341e-01,8.746418830424618207e-02
1.223000000000000000e+03,6.000000000000000000e+00,6.969048811901508086e-03,1.183876391241713184e-02,7.382742618958386578e-03,2.216494654383126088e-03,1.194022036095739731e-02,5.343027085599508577e-03,9.398775164180338537e-01,1.019159728197426788e-03,1.157098882776429541e-02,1.842037581787190617e-03
8.000000000000000000e+02,4.000000000000000000e+00,2.820719131271377453e-02,8.570745233424147472e-03,4.129221246939982111e-03,8.503273536507007435e-04,8.573130146730084666e-01,1.468367974521554188e-02,4.713549355897424936e-02,2.777814410735281875e-02,8.825487134155873825e-03,2.506695634564222539e-03
6.150000000000000000e+02,1.000000000000000000e+00,4.222576774028878772e-03,6.227237842375183963e-01,7.949960092872937478e-02,1.659801519121432978e-02,3.137467861201480301e-02,1.799748846665068930e-02,5.891155809342651928e-02,1.635665779976520559e-02,1.366917365456085109e-01,1.562390335104346141e-02
3.400000000000000000e+02,2.000000000000000000e+00,1.247558674412684553e-02,2.870250579719329370e-02,6.139495294443131357e-01,1.399909251647184494e-01,7.232398400654625921e-04,1.773518752492611941e-02,1.145761310382619781e-02,1.836842556565157838e-02,1.315326053806288309e-01,2.506438143455019807e-02
6.920000000000000000e+02,5.000000000000000000e+00,1.076116656800515936e-02,2.322187832300766364e-02,1.702735137855685907e-02,1.089032465248610491e-02,1.313370104293492234e-02,8.231740013695800773e-01,1.138355386772770157e-02,4.661713172028845303e-02,3.567853083234798217e-02,8.112360245065088765e-03
3.220000000000000000e+02,6.000000000000000000e+00,2.785455410623974976e-02,4.488742781122511717e-03,1.469305043597917033e-02,4.524665486369259734e-03,1.854756402301233065e-02,1.277181217726164504e-02,8.906061035582450991e-01,3.714124104174216633e-03,1.871884946099597671e-02,4.080533866599895046e-03
6.380000000000000000e+02,8.000000000000000000e+00,1.891509163613800878e-02,2.661151952055316183e-01,4.090557706703993462e-02,1.304335645607102578e-01,3.628008245292459188e-02,6.692836631466012910e-03,8.686287547580261170e-02,8.222934312951168945e-02,2.731930012195461499e-01,5.837243262132916360e-02
2.500000000000000000e+01,5.000000000000000000e+00,3.601356080264273007e-02,2.845145933970971361e-02,4.567479643549810647e-02,1.388966911406467469e-02,3.890234149126031021e-02,6.984732731291594110e-01,2.971605758407768264e-02,4.235713016642293771e-02,5.337917908503313907e-02,1.314253285213138472e-02
6.440000000000000000e+02,9.000000000000000000e+00,5.069370681383281868e-02,2.523386962555183508e-02,3.637612284248587652e-02,6.475076714688070278e-02,3.291823773859582029e-03,9.356730245360699375e-03,1.600313881083409440e-02,1.831976934996891460e-02,4.394789373740577709e-02,7.320261776538196097e-01
9.180000000000000000e+02,3.000000000000000000e+00,2.259584195433076911e-02,3.023225234408921658e-02,4.399683556225065378e-02,6.486430499997339894e-01,4.078181932381928776e-03,3.639764930823913974e-02,1.147426880670347066e-02,8.386052639488867852e-03,3.575150480178265755e-02,1.584443626509992042e-01
3.460000000000000000e+02,1.000000000000000000e+00,1.736048609244481055e-03,6.688128154880960130e-01,7.419164814940165664e-02,1.576058950096125358e-02,4.982665673218231867e-02,1.679609100129465359e-03,1.813656224042196896e-02,5.748922909849787238e-02,1.091815031876933184e-01,3.185337893371596209e-03
5.470000000000000000e+02,9.000000000000000000e+00,3.170110020889410629e-02,8.995301549458822876e-02,3.226619340456984841e-02,8.468730493136197857e-02,2.071747689842180773e-02,1.314686255060626141e-01,7.825752487469391297e-03,6.710588128353085768e-02,3.428644381227677895e-01,1.914102116623332961e-01
8.690000000000000000e+02,1.000000000000000000e+00,2.098852211148016182e-03,6.988999053868883982e-01,7.167274709264062627e-02,1.746705050458794914e-02,3.357573272310207524e-02,2.059927342321017305e-02,2.180903732374801784e-02,4.218421328773330758e-02,8.669537636314890439e-02,4.997811683792518708e-03
6.590000000000000000e+02,3.000000000000000000e+00,3.300503657672227559e-02,1.983817159150592577e-02,7.850965513822934227e-02,4.903175630725291056e-01,4.146380108460205952e-03,3.604655074848917007e-02,8.401435299152878317e-03,2.639557472971758995e-02,1.449389028138640782e-02,2.888457424538072305e-01
1.142000000000000000e+03,2.000000000000000000e+00,2.942925574868367200e-03,5.604354023676450663e-02,8.447843478057184274e-01,2.494909934568348420e-02,2.368309042210121115e-03,2.800059784657997573e-03,1.554000548668312692e-02,1.358480602604561667e-02,3.060555480213042814e-02,6.381351895238032527e-03
9.870000000000000000e+02,1.000000000000000000e+00,5.267073306696627016e-03,2.720815501948172788e-01,3.276733372701881586e-01,1.182151894231273613e-02,1.974286967929323594e-02,1.411876650509682751e-01,1.329661974792478996e-01,3.055380438546836334e-03,6.352905900027885910e-02,2.267534863765003836e-02
1.207000000000000000e+03,2.000000000000000000e+00,3.054438609202864401e-03,1.646549455695794570e-02,7.556105108210467991e-01,1.225098559228851441e-01,8.334856480389427318e-04,9.262781654379973265e-03,3.748221861029378370e-03,3.174238805303601640e-02,3.834931905616670994e-02,1.842350381725617672e-02
2.250000000000000000e+02,4.000000000000000000e+00,2.150650378447629615e-03,2.445523258585068915e-01,2.668063868392160295e-03,3.180309064193599308e-03,6.171789470726525284e-01,8.460265317127887985e-03,7.297941912782195117e-02,2.486757963926647733e-02,2.116268008465110526e-02,2.799759588939776042e-03
3.900000000000000000e+01,9.000000000000000000e+00,5.917983200647754238e-02,1.736707090372163059e-02,3.783128594894020341e-02,1.836835005592878378e-01,1.958205995774440957e-03,5.345280145568323538e-02,6.039484023218175991e-03,7.640697974781437106e-03,3.146187734655853108e-02,6.013852437855569111e-01
5.300000000000000000e+01,8.000000000000000000e+00,2.756999983229686466e-02,1.157405205842374496e-01,9.897047248128491848e-02,5.551448290761572951e-02,7.504549077240964261e-02,3.261065118060961499e-02,2.141250738087180708e-02,1.982944538025146752e-01,3.249721550040987617e-01,4.986926605406051538e-02
6.950000000000000000e+02,0.000000000000000000e+00,7.806771478277083620e-01,5.275743623235354222e-03,2.979224531483313371e-02,2.916455014830666992e-02,1.765535924941131346e-02,4.351453475263523940e-02,1.559053617723328566e-02,2.504136304831347526e-02,2.458690361273999786e-02,2.870161624558324742e-02
9.080000000000000000e+02,3.000000000000000000e+00,2.332778211610081476e-02,2.043949685962574009e-02,8.521463313210402013e-02,6.017615970037059059e-01,1.860582635872988977e-03,6.882930412545858363e-03,2.365655918173157138e-02,1.675241884280763774e-02,4.427510733563624901e-02,1.758288924798691311e-01
1.758000000000000000e+03,3.000000000000000000e+00,4.804367822337353953e-03,7.238204766194032691e-02,3.344902387042859165e-02,6.445855262899626847e-01,6.547001341412780201e-03,2.571216085272520768e-02,3.223740392721973630e-02,2.398386929994445957e-02,5.208159688873506554e-02,1.042170020452938828e-01
1.405000000000000000e+03,7.000000000000000000e+00,4.156587873452230464e-03,3.356043081743181195e-02,2.279827817561362255e-02,3.218306456295923212e-02,1.589933386527113066e-02,1.734792390001457796e-02,1.995203483447019043e-03,7.115384967706350761e-01,8.787645815430117358e-02,7.264422239687405580e-02
1.620000000000000000e+03,0.000000000000000000e+00,8.871305804187183952e-01,8.421429879470614414e-04,5.582296694075695835e-03,5.192634935252269518e-03,8.960602947595940754e-03,1.453961360660268286e-02,3.040529193411196929e-02,2.520532933750303881e-03,1.287945078928493144e-02,3.194685275266066771e-02
1.761000000000000000e+03,7.000000000000000000e+00,1.801071930051637276e-03,2.052928114245679281e-02,1.035480354189400112e-02,1.801775588141756382e-02,1.133944166056527481e-02,6.522487551212623712e-03,1.784947208537985544e-03,9.004137404238501396e-01,2.034484461133166319e-02,8.891626048682607988e-03
1.203000000000000000e+03,5.000000000000000000e+00,3.723172691006461366e-02,2.334279283375425423e-02,4.752129216956536839e-03,5.332824747849521790e-02,6.191395119544770148e-02,4.491487035043634224e-01,2.433437457710176666e-01,4.319285565717025099e-02,4.538594684900928294e-02,3.835990058372114320e-02
9.810000000000000000e+02,0.000000000000000000e+00,6.848235993336002636e-01,3.417262130495648045e-03,5.228409674630044718e-02,3.096361945687245432e-02,7.233168161954142694e-03,3.150327290556979853e-02,3.760882630104197405e-02,3.459647845060180842e-03,2.580094581792164582e-02,1.229055613011833248e-01
7.840000000000000000e+02,8.000000000000000000e+00,1.322022125376256033e-02,1.120052145453742376e-01,1.031071826092957167e-01,4.512380605440811238e-02,2.643833998133706537e-02,1.104612912330190794e-01,4.473782490818210000e-01,1.298352062481663953e-02,8.875081183186402101e-02,4.053136278430171519e-02
6.960000000000000000e+02,2.000000000000000000e+00,1.692543502503986164e-02,2.669108356634645324e-02,5.170318141051861716e-01,1.993396295652984096e-01,2.927713919649337342e-03,1.682269872016594822e-02,9.449443121252218414e-03,6.493567690670727643e-02,9.453427564311982223e-02,5.134222942723455640e-02
5.180000000000000000e+02,2.000000000000000000e+00,1.877215370625203578e-02,2.498467237175364675e-01,3.620671870954111915e-01,4.701145610020927151e-02,3.441334302096929476e-02,2.347127132926948162e-02,3.079894575606140564e-02,3.783363714856907006e-02,6.386219003809120998e-02,1.319230920876307001e-01
1.172000000000000000e+03,5.000000000000000000e+00,1.254455436926929859e-02,2.416635563656315076e-03,7.283154084922354755e-03,7.447897710747868050e-02,5.078167207074306237e-03,7.983172521669165134e-01,4.989068935257300746e-02,8.384329661722833907e-03,1.128988237757451094e-02,3.031635810881240511e-02
5.070000000000000000e+02,4.000000000000000000e+00,1.509000234556324808e-02,1.507167060182352802e-01,3.524561418275938898e-03,4.632260182098504701e-03,6.907279035992501814e-01,6.222848939090594791e-03,3.481108349399571200e-02,3.190274753769597321e-02,4.453924824821529904e-02,1.783263821757929968e-02
3.130000000000000000e+02,2.000000000000000000e+00,4.928897859601277971e-03,1.807660000231790104e-02,8.510332801152783455e-01,3.480202533084023747e-02,6.988358810519415543e-04,1.638303673525728574e-02,1.843870455960560858e-02,3.432158355771717899e-03,4.265368466107463674e-02,9.552776499201096061e-03
4.400000000000000000e+02,2.000000000000000000e+00,5.458701306904885885e-03,4.121309020258873135e-02,8.076559692993428019e-01,7.614925525382916505e-02,4.557702666142843424e-03,1.824266508828423228e-02,6.678261156351942250e-03,1.021908827880644785e-02,1.140021287552623469e-02,1.842505387222296079e-02
9.730000000000000000e+02,5.000000000000000000e+00,2.959980660423146628e-02,1.461917853079255404e-02,2.223066574465130604e-02,1.134255844660254503e-01,3.726029769006054641e-03,5.840774075264452136e-01,1.201812062174183703e-02,6.100395294339322656e-03,2.383620752188773950e-02,1.903666039208790073e-01
1.050000000000000000e+02,9.000000000000000000e+00,6.092079734169726646e-02,3.774687648550440616e-02,7.037989841527135526e-02,1.973017077734426361e-01,4.424232319101437279e-03,1.377949337117385410e-02,1.457862319195383019e-02,1.170396378916252651e-02,1.526123067093367210e-02,5.739031766417589386e-01
1.635000000000000000e+03,7.000000000000000000e+00,1.081371241522595221e-02,2.491079112966889178e-02,5.979823494703943865e-02,3.167360756184959408e-02,7.891023308036355585e-03,2.308168065035625521e-02,3.109227279497792096e-03,5.062874888204360602e-01,2.404749771028115990e-01,9.195925678507806122e-02
1.268000000000000000e+03,4.000000000000000000e+00,2.960121473881102347e-02,4.389225096072606538e-03,8.451810827191314282e-04,3.759799050411507734e-04,9.099944252191212168e-01,7.089499670230056325e-03,3.252791403689209854e-02,1.034042737210000805e-02,3.190762507126543215e-03,1.645370371886082641e-03
1.281000000000000000e+03,4.000000000000000000e+00,5.029336071799025976e-02,1.054537720943799460e-02,9.231055220108919102e-03,3.932272219139736416e-03,5.817710349123672575e-01,9.650399891771443972e-02,5.439446414074049219e-02,1.566361217570280129e-01,1.443075698700416881e-02,2.226155791846870860e-02
1.653000000000000000e+03,7.000000000000000000e+00,5.897804542501293434e-03,3.122383829850109913e-02,5.245805072260877749e-02,1.011944259712345591e-02,4.570119925453728499e-02,5.404529992590647626e-03,7.181823576974877971e-03,7.621981646324674786e-01,6.799208658814666351e-02,1.182305979454839964e-02
1.744000000000000000e+03,2.000000000000000000e+00,8.283428633067973709e-03,1.556391512109757923e-02,7.786454963259961115e-01,9.617556740418194139e-02,1.699039235595062834e-03,1.361352296122304330e-02,5.012163714798295241e-03,3.025458870678816511e-02,3.903951553939123686e-02,1.171276235786056913e-02
2.910000000000000000e+02,5.000000000000000000e+00,2.576362339114702041e-02,1.525310855195220576e-02,2.833418420309822758e-02,1.212216784421180221e-01,7.044611361569453299e-03,3.590502754561208931e-01,1.415703966172573991e-01,6.200794921393648802e-03,2.835959140650919433e-02,2.672017356488340933e-01
1.610000000000000000e+02,9.000000000000000000e+00,2.996636922588084145e-02,1.201174267433222503e-01,2.773548544772164171e-02,2.726319851247279158e-01,1.043984862640273160e-02,6.961593130368665810e-03,9.499649390192045975e-03,1.123940531612623028e-02,2.606769504831366047e-02,4.853405419469440374e-01
1.443000000000000000e+03,8.000000000000000000e+00,1.571718120673859173e-02,8.051575292142862383e-02,6.752956751876684760e-02,1.809917368073218902e-01,9.622388351110153920e-03,4.450012879352150535e-02,7.610975856952707785e-02,5.199390450866529789e-02,1.689090210768572908e-01,3.041105602460626445e-01
1.273000000000000000e+03,2.000000000000000000e+00,3.111980599314981624e-03,1.354227102618970474e-02,6.972983313352069112e-01,1.615241525485936747e-01,3.847502105541712129e-04,6.989925903820167277e-03,3.097462137848699514e-03,2.845141266284182541e-02,6.601953204711770440e-02,1.958018152851210072e-02
3.310000000000000000e+02,2.000000000000000000e+00,4.033985406738868629e-03,1.510617336650202369e-02,8.426647739169634832e-01,5.375074261921301833e-02,4.796220503335081641e-04,9.244212422421549044e-03,6.737289848958308638e-03,8.234906440581146389e-03,5.003212221246286506e-02,9.716171715825413710e-03
7.000000000000000000e+02,2.000000000000000000e+00,1.971976662042928749e-02,1.027616101191299453e-01,3.217142435777105569e-01,1.170810074161376668e-01,5.270760723073779005e-03,4.086965140870452151e-02,1.367959437046536650e-02,9.658236902098611687e-02,1.992998954029641390e-01,8.302110134039859812e-02
1.164000000000000000e+03,7.000000000000000000e+00,3.094365276147277750e-03,2.801893348569413009e-02,1.420399336528205270e-02,2.121483906420118526e-02,8.302040719204036717e-03,3.233136472126894173e-02,2.056626022693758965e-03,7.580910454010816313e-01,7.471307341897744092e-02,5.797371852544952464e-02
5.460000000000000000e+02,0.000000000000000000e+00,8.373083229799475058e-01,1.941684860444442638e-03,7.267880876807428746e-03,1.185260935328088031e-02,1.640203227098809349e-02,1.717040872982108710e-02,1.488369334644001722e-02,1.115951218183446232e-02,2.124106092051514585e-02,6.077279447992096906e-02
1.574000000000000000e+03,9.000000000000000000e+00,4.559210566084211103e-02,1.775135937457770763e-01,5.794020492488411583e-03,3.703281841363201266e-02,4.610326588040176976e-02,3.009034793809807137e-02,1.480814251495719868e-03,6.715497081640058041e-02,3.504827612202479625e-02,5.541897866788394467e-01
1.570000000000000000e+02,7.000000000000000000e+00,4.031890656770108564e-03,3.137671721949659293e-02,4.165608433007395028e-02,1.812262121279483926e-02,5.513105225102425677e-02,1.014906127030709357e-02,7.747062784362589508e-03,7.937668719551157492e-01,2.825696731119087257e-02,9.761671008863957721e-03
1.260000000000000000e+02,0.000000000000000000e+00,7.639366218939304121e-01,1.069349857629408283e-02,1.096946272933435780e-02,5.080775482780392101e-03,3.167008197823058951e-02,1.486816516185957698e-02,6.079497133532951736e-02,5.300720156453657406e-03,2.863005214901321455e-02,6.805565053677406495e-02
4.440000000000000000e+02,6.000000000000000000e+00,2.952521863356968521e-02,1.722147790993037650e-02,4.712624361798468942e-02,4.582798479911126543e-02,4.004508972240235914e-02,9.724409827419525087e-03,7.315491079972783472e-01,2.569808356759901644e-02,4.847706234837199923e-02,4.805321576332806550e-03
7.800000000000000000e+01,0.000000000000000000e+00,6.806449644443200997e-01,3.955361313073221981e-03,5.471593050952281573e-02,1.557899297993598810e-02,1.091767630051328555e-02,2.385842864086815118e-02,5.302831414961507728e-02,7.360107043749469606e-03,2.042805070155364125e-02,1.295121739168481612e-01
8.420000000000000000e+02,6.000000000000000000e+00,1.829394424687531828e-02,7.792443799124510080e-03,9.349360312956333727e-03,3.112196383415128872e-03,2.928732334556019903e-02,2.919656199208860506e-02,8.480697190056520895e-01,2.443799528049103980e-03,4.175265573038407230e-02,1.070199565589445567e-02
3.160000000000000000e+02,3.000000000000000000e+00,7.185042615838846056e-03,2.387565083958782461e-02,2.741355584727422218e-02,7.612083736987537153e-01,1.727394718066154649e-03,2.544757111276293310e-02,2.183053671943709778e-03,3.706066317263741888e-02,2.220954830143040057e-02,9.168914602170470662e-02
9.100000000000000000e+02,5.000000000000000000e+00,1.317994996860656458e-02,1.612016211411355579e-02,9.830247199590967308e-03,6.970584259884086975e-02,4.952987602625712193e-03,7.504342741109160109e-01,1.026213591513870822e-02,1.068233877515474724e-02,3.670388135073568425e-02,7.812818036427719715e-02
6.500000000000000000e+02,4.000000000000000000e+00,3.103784893896401401e-03,1.795426758346105045e-01,1.989791620128464073e-03,4.299126816816299830e-03,7.235542517020849829e-01,8.079597519551588378e-03,2.229003517887072003e-02,3.732175425395310026e-02,1.651746745426281582e-02,3.301514725825108968e-03
1.000000000000000000e+02,4.000000000000000000e+00,1.705715555922323462e-02,1.058146149807033254e-01,1.667741820057208049e-03,3.126751157515722350e-03,7.617921308954546111e-01,9.913848545552050862e-03,6.566046716444794151e-02,1.171123737126783179e-02,1.036414850288475305e-02,1.289190400289330803e-02
1.762000000000000000e+03,6.000000000000000000e+00,5.006037907355211092e-02,1.132102335952889054e-02,2.204099581107570385e-02,2.102607411925935029e-03,2.499808050575905508e-02,2.198137661145246891e-02,8.235736702312821400e-01,1.736111232895324154e-03,3.767332740073961461e-02,4.512428361788783579e-03
7.230000000000000000e+02,2.000000000000000000e+00,1.856460003911226259e-02,1.478943601508911632e-01,4.022004677525155558e-01,9.428535097914537977e-02,5.193084776162556690e-03,5.074711140549675870e-02,5.157060776433559229e-02,1.813406060170709433e-02,1.680351326464205597e-01,4.337522388421304054e-02
2.750000000000000000e+02,9.000000000000000000e+00,5.207309081576035233e-03,3.397002391653620307e-02,1.497279820853283754e-02,1.448748672602398133e-02,1.780098935672378216e-02,1.092827854698331935e-01,2.507334602600052274e-03,5.318891412304229682e-01,1.444635187051174774e-01,1.254186127026334641e-01
3.650000000000000000e+02,5.000000000000000000e+00,4.501569106251018804e-03,1.066353202979769023e-02,6.965738083285597133e-03,4.170261637949453093e-02,4.007328938989861665e-03,8.833237008130159218e-01,3.473767547761671525e-03,5.913830168130188719e-03,1.607792808804541645e-02,2.336998884522814221e-02
6.990000000000000000e+02,8.000000000000000000e+00,2.586598987662779708e-02,7.938586914317914689e-02,4.537364340550138070e-02,4.908267553081898521e-02,1.675594291823900156e-02,5.836034665621191858e-02,3.022753655842921189e-02,5.594908767568718827e-02,5.922464238066371678e-01,4.675248442866817428e-02
1.639000000000000000e+03,3.000000000000000000e+00,6.097032977492615989e-03,6.152368382867703933e-02,6.769437553029797328e-02,7.003302859589597418e-01,1.519843967693978440e-03,1.526259592592743748e-02,1.866685167963380489e-03,1.701376214345209567e-02,6.501043539700004925e-02,6.368129910253544912e-02
1.159000000000000000e+03,2.000000000000000000e+00,3.304307216436313133e-03,2.566068222300147902e-02,8.438879498090293696e-01,4.539268096184218004e-02,8.019258016951133885e-04,1.920186482618315912e-02,1.854760876559071944e-02,4.409867054605135991e-03,2.930268103449490055e-02,9.490432307121453304e-03
1.299000000000000000e+03,2.000000000000000000e+00,1.801762706313843679e-02,2.089683955049953523e-01,4.740530312922149880e-01,1.718945697808696438e-01,1.379599287664116415e-02,1.138531356121426710e-02,1.733973552100136206e-02,1.415662411757786891e-02,1.263588999246369887e-02,5.775282028988332206e-02
9.800000000000000000e+02,0.000000000000000000e+00,5.719029964635420349e-01,3.879737625910257073e-03,3.697495451806937644e-02,7.200313065503111121e-02,1.201149795213480101e-02,1.308935899760828303e-01,2.819420014566122526e-02,1.201594766033198605e-02,4.034985122532018520e-02,9.177409377791621858e-02
2.310000000000000000e+02,3.000000000000000000e+00,1.570367617485140393e-02,2.749180922325853219e-02,5.174223648311929158e-02,3.515541203706357143e-01,1.011488762332701449e-02,5.784219001297858515e-02,1.619365238968317137e-03,3.451509731624043398e-01,6.257348996119048434e-02,7.620725174926615275e-02
8.940000000000000000e+02,7.000000000000000000e+00,3.263644352923423565e-03,9.345569494747540951e-02,4.254625120032189817e-02,4.723937251408286131e-02,1.560981832673196366e-02,3.795015761150936917e-02,2.705877740803778325e-03,6.275062669198776533e-01,4.228173139534147779e-02,8.744118499093206376e-02
8.880000000000000000e+02,7.000000000000000000e+00,2.338676889810703020e-03,4.057227550339371352e-02,1.853884949084134981e-02,7.357877614134276933e-02,2.546798699720364406e-02,1.217267489896609566e-02,4.310359335652038000e-03,7.803417321627262870e-01,2.491801018543300661e-02,1.776065839463048662e-02
1.071000000000000000e+03,1.000000000000000000e+00,7.797367481709270055e-03,3.962223507445862269e-01,8.086056367349565843e-02,1.412199390598333978e-02,6.560247071194262591e-02,1.243489139785992383e-02,1.978788392257821438e-02,1.132503018360698083e-01,2.788205419060612034e-01,1.110163441971361367e-02
1.091000000000000000e+03,4.000000000000000000e+00,2.465671975980492092e-02,2.382941793409063674e-02,3.862391314643753501e-03,3.204016452265173297e-03,7.136286475657831474e-01,5.993226260124799587e-02,3.362744834074378464e-02,6.789642278405254305e-02,2.875954690955407830e-02,4.060312633781394676e-02
1.431000000000000000e+03,6.000000000000000000e+00,5.174731454941617487e-02,5.017670742953939805e-03,1.128559845291289034e-02,1.058572903873541450e-02,2.709391359016515705e-02,3.894114221126226266e-02,7.920817847410074330e-01,2.752419716063501769e-03,4.231127290553261117e-02,1.818315405195059659e-02
1.127000000000000000e+03,4.000000000000000000e+00,2.504653052976568359e-02,1.207293227748284896e-02,2.872611359345285907e-03,1.249179548314457208e-03,8.398163107163000296e-01,2.570970281586604234e-02,3.930007752732837811e-02,3.363882881302875105e-02,1.184704517883629696e-02,8.446781233732297833e-03
5.100000000000000000e+02,4.000000000000000000e+00,6.284972090347173967e-03,4.110786638435364737e-01,1.388957241807870988e-02,1.413616167328763870e-02,4.137796510835487496e-01,4.678773302550297969e-03,5.436538363746300923e-02,1.911367211577879449e-02,5.897754347973185179e-02,3.695606355677179267e-03
7.420000000000000000e+02,8.000000000000000000e+00,2.513426858785531778e-02,1.228085283460464139e-01,1.371605226540525413e-01,3.340090592088124088e-02,3.256743052014829387e-02,5.011935625486713120e-02,2.772705111980161563e-02,5.430490350660988064e-02,4.487612776861877317e-01,6.801575540354984351e-02
5.580000000000000000e+02,1.000000000000000000e+00,4.148579914048802254e-03,3.772779220975471248e-01,1.807646828856650512e-01,1.244247346022789476e-02,2.385631571554743674e-02,6.503038954062070887e-02,2.463938239634388683e-01,2.909855868344897976e-03,6.810906300156353843e-02,1.906689355299571662e-02
1.005000000000000000e+03,6.000000000000000000e+00,1.753265612276760227e-02,2.198508518665774885e-03,9.974673957945648026e-03,3.084951117890221296e-03,1.887369935947636954e-02,9.226504979057071482e-03,9.178320705054381357e-01,2.860859835137950433e-03,1.571841816878956008e-02,2.697657434831726622e-03
8.660000000000000000e+02,1.000000000000000000e+00,1.959948876922559292e-03,6.274129506354305663e-01,5.993949512102732941e-02,1.790266048540131369e-02,4.321270518096543417e-02,2.450259574493962589e-02,2.435289524905772870e-02,9.793413318220531294e-02,9.923910363527919942e-02,3.543511888770863386e-03
8.060000000000000000e+02,0.000000000000000000e+00,8.439556901715137283e-01,1.936894893321386034e-03,7.927502107488458571e-03,6.326088282640435038e-03,1.215940903206806645e-02,1.747943033598895260e-02,4.825156981735067435e-02,3.981946268220905652e-03,2.432934530977962431e-02,3.365212378162787954e-02
4.780000000000000000e+02,9.000000000000000000e+00,3.479472098716617640e-02,3.832823877255173844e-02,3.496012022017094822e-02,1.075925752948090480e-01,7.373893873093837099e-03,5.431211158149108764e-02,2.106401493941179037e-02,1.651249227441971973e-02,4.498349347462770459e-02,6.400783385822580440e-01
9.980000000000000000e+02,4.000000000000000000e+00,1.874732010751379782e-02,1.300136110434938763e-01,1.632245176363828539e-03,3.338099268250942220e-02,5.529984064419100065e-01,3.418181938922949803e-02,8.259884783006916920e-02,2.819188002383826372e-02,2.734576931804456185e-02,9.090910798702757367e-02
1.756000000000000000e+03,3.000000000000000000e+00,2.784357965567646129e-03,4.418634320226418749e-02,2.526797338147775129e-02,7.544351597219367545e-01,1.580786864730401474e-03,1.576129063062780070e-02,1.812681702862146320e-03,3.110748071299947876e-02,6.655056984134739839e-02,5.651335597618659112e-02
1.305000000000000000e+03,8.000000000000000000e+00,1.666884185357444398e-02,1.855371904262002880e-01,1.690848921400984195e-01,2.217691564593950518e-02,3.194844589851950079e-02,6.663147754696653602e-02,1.948221055846374034e-02,4.074122934580821226e-02,4.114255601699751685e-01,3.630323641445417499e-02
5.720000000000000000e+02,1.000000000000000000e+00,5.419501085869042958e-03,2.417640010230928393e-01,2.272613735492713671e-01,7.724480659889521213e-03,2.298243178980676968e-02,6.742943758940886378e-02,3.557302546500515916e-01,2.839658044282038218e-03,5.815736593227273377e-02,1.069149567605517936e-02
1.070000000000000000e+03,4.000000000000000000e+00,2.720167809552061222e-02,4.401983668247517328e-02,1.112770148170227512e-03,6.681744123981762234e-03,6.818647230587288055e-01,6.662965131103955330e-02,3.160764658192510845e-02,3.521307911772652427e-02,1.909633935869408175e-02,8.657253152173811916e-02
1.860000000000000000e+02,1.000000000000000000e+00,2.068812071777351592e-03,6.834518752287832566e-01,1.657262568478017756e-03,2.937444688567977802e-02,5.016588076821393294e-02,9.068993600192217994e-03,3.859812027029752360e-03,2.502933415191390884e-02,6.346526575315022956e-02,1.318583169447816172e-01
4.300000000000000000e+02,7.000000000000000000e+00,8.828919006511800824e-03,3.503921165266569299e-02,3.480664845945294350e-02,1.128771437711013903e-02,9.328886129665805646e-03,7.838034122505718737e-02,2.404845853528740814e-03,6.916965680738592637e-01,6.750795996539392385e-02,6.071890525675452399e-02
1.497000000000000000e+03,6.000000000000000000e+00,9.276593576399923269e-02,6.243060275755355978e-03,6.162118516583979001e-03,7.070622620469409723e-03,5.429342591022519315e-02,3.696841522801114915e-02,7.538268447696536700e-01,3.170763170722861683e-03,2.485017429265399050e-02,1.464863945192517065e-02
7.070000000000000000e+02,7.000000000000000000e+00,2.125485675630106857e-03,1.401762471175139330e-02,3.905326097778932717e-03,1.014797120982233875e-02,2.060480841975376176e-02,6.772203642295070505e-03,1.093937277311732943e-03,9.033572793587345551e-01,1.771893936743583128e-02,2.025642423948618293e-02
1.727000000000000000e+03,3.000000000000000000e+00,1.688584517142243877e-02,9.007848447803792902e-02,1.457085769352914617e-01,8.138646244208030955e-02,9.727674823584941954e-03,2.341457919963858825e-02,6.359626908539069666e-03,2.999583392334314591e-01,2.930629759005874413e-01,3.341743490738642575e-02
1.022000000000000000e+03,4.000000000000000000e+00,1.050871860326277329e-02,1.049977326167571279e-01,2.159161214417593209e-03,7.706451441223146140e-03,5.509400986071749662e-01,7.477440687170525124e-02,1.633012965792660781e-02,7.380633100462789808e-02,4.315138269709765245e-02,1.156255872858069772e-01
8.020000000000000000e+02,6.000000000000000000e+00,3.882983772822603402e-02,8.133211884658342328e-02,7.262282617584796783e-03,1.324255498379560067e-02,7.467873086078920253e-02,4.327343993009194478e-02,6.471386806000396508e-01,8.156817698463198971e-03,5.434785168981633857e-02,3.173768504460978968e-02
3.930000000000000000e+02,7.000000000000000000e+00,5.520657666638636302e-02,8.095910470451048169e-02,3.019217295713358395e-02,1.612966843645324486e-02,7.671824160862616981e-02,6.379929934218890597e-02,5.669604489773152553e-03,5.382980126834897572e-01,3.503969723598973629e-02,9.798762187544864111e-02
4.550000000000000000e+02,9.000000000000000000e+00,3.334006999935632681e-02,1.050076555538266565e-02,1.797471606642373279e-02,1.493897644044810125e-01,1.890947878695480554e-03,4.189524240648658665e-02,3.446053016372831179e-03,9.102421643769210979e-03,3.398800273081173384e-02,6.984720162982205327e-01
1.356000000000000000e+03,9.000000000000000000e+00,4.060928385610282354e-02,3.537706623138989204e-02,2.060289528619541066e-02,1.206146077185436538e-01,3.408393987766625017e-03,8.016002266190253370e-03,1.362657268758411290e-02,1.316306891699205520e-02,5.635775421758586201e-02,6.882243548316493431e-01
1.107000000000000000e+03,1.000000000000000000e+00,4.999789090614031178e-03,5.045488795671734250e-01,9.101460105514865007e-02,8.892989973569583040e-03,8.108588861294541150e-02,5.373230377308332167e-02,6.175502972942616825e-02,5.049767964799295461e-02,1.366453972096614289e-01,6.827441340384873131e-03
6.500000000000000000e+01,6.000000000000000000e+00,1.049342857367073327e-02,1.192867751821923006e-02,8.628690407132086349e-03,1.387155092073174547e-03,2.343733331085708083e-02,5.421229225784685718e-03,9.215384394335827123e-01,1.773366345173727236e-03,1.348273202036595793e-02,1.908948073140612428e-03
1.304000000000000000e+03,7.000000000000000000e+00,2.612540660149879641e-03,7.952793066703973610e-03,1.397368021468399849e-02,3.592032490139345641e-02,7.130038947622452730e-03,1.219978321239390158e-02,9.152299138099580841e-04,8.760396956196697671e-01,1.863618357705878678e-02,2.461972988651384836e-02
1.383000000000000000e+03,8.000000000000000000e+00,9.420802273135062133e-03,1.563066747311712690e-01,1.240595361921865564e-01,9.492713637605848520e-02,9.220596423653613233e-03,4.792455618367472137e-02,7.434963247664410843e-03,8.324118456473525440e-02,4.333353305957086676e-01,3.412921941201201709e-02
5.630000000000000000e+02,1.000000000000000000e+00,4.921603432632794262e-03,3.265506524541819111e-01,1.019805037760707217e-01,1.558827907822673414e-02,2.274678219751855371e-02,1.387673337923566938e-02,4.450703317837186312e-01,3.640939861093045547e-03,6.005210735722005949e-02,5.572066680101802651e-03
1.318000000000000000e+03,9.000000000000000000e+00,7.140902834278492484e-02,8.137967746002311431e-03,9.315166512337765686e-03,5.712602239795157993e-02,1.680665297234521524e-03,2.445595641316986382e-02,2.372759821366547586e-03,8.008464957645457585e-03,4.421679016471288109e-02,7.732771783467942139e-01
5.970000000000000000e+02,7.000000000000000000e+00,2.054040933084397540e-03,2.062751204757682852e-02,1.853902324204421970e-02,2.046025370099189764e-02,7.686922018470679525e-03,9.080138833714111388e-03,1.688732370268307414e-03,8.718921583724763558e-01,2.865731103476500466e-02,1.931390744660809247e-02
3.050000000000000000e+02,0.000000000000000000e+00,8.491620318195666206e-01,1.432734709834160595e-03,1.327826052964035594e-02,1.028754858510584451e-02,5.770470153122982809e-03,2.414880973059442895e-02,3.467330636576201192e-02,4.008380679639484204e-03,2.223310158738545442e-02,3.500535583934869660e-02
1.478000000000000000e+03,3.000000000000000000e+00,7.023172264499269110e-03,5.252251850914707067e-03,3.027826931518280001e-02,7.915456889322227685e-01,3.699679834504499454e-04,1.581795943302702345e-02,2.384215394172046858e-03,1.012007388320927681e-02,2.122120528330651706e-02,1.159871956600151965e-01
1.090000000000000000e+03,3.000000000000000000e+00,4.041447750842723161e-03,4.022387792302893096e-03,2.758875833719365289e-02,7.669815492727938278e-01,3.401267265035840741e-04,1.588958426126394624e-02,1.805521346799095986e-03,1.086571507336121616e-02,1.851553441396352681e-02,1.499493750249758228e-01
1.255000000000000000e+03,3.000000000000000000e+00,2.022615147293480974e-03,1.330245018011102197e-02,2.539785676885284241e-02,8.691427598374984465e-01,6.338824285538019292e-04,1.021696877478064230e-02,3.617379237046560760e-03,9.681362120867250884e-03,1.594093438009857450e-02,5.004379112489723558e-02
1.730000000000000000e+02,7.000000000000000000e+00,1.384266217718574605e-03,7.564878569443211909e-03,2.771429415162748530e-03,9.485244365307421779e-03,1.052026066923628794e-02,8.316756679517563547e-03,6.672847917021856650e-04,9.403483109574511944e-01,1.020849220271759054e-02,8.733076131743346474e-03
1.312000000000000000e+03,5.000000000000000000e+00,2.285462331106759976e-02,1.931381500712585353e-02,7.286913571329997966e-03,5.007584687275060814e-02,1.929040993813294774e-02,7.647513887375021469e-01,3.891230713052465373e-02,1.598498762588636962e-02,3.611322745809390083e-02,2.541648034758583682e-02
1.538000000000000000e+03,8.000000000000000000e+00,1.590336686225394050e-02,1.087836575537050737e-01,4.505844819017846420e-02,8.548101950513467551e-02,2.190720051454984538e-02,1.233179307886143050e-01,2.066458919479146825e-02,1.676984220228169287e-01,2.807065499019018584e-01,1.304788154660534161e-01
8.910000000000000000e+02,2.000000000000000000e+00,3.094468309324518995e-02,3.191771026836341674e-02,1.382058695774281698e-01,9.471313237585925193e-02,1.641538184320264979e-02,2.111246202991865981e-02,7.585855016598632046e-03,5.343276630292559393e-01,6.050220349545818582e-02,6.427503927066999245e-02
1.058000000000000000e+03,9.000000000000000000e+00,2.044869457418350620e-02,3.625760298644199742e-02,2.749498688996518739e-02,1.841715037059487026e-01,1.035792751574511963e-02,1.364955892428054707e-01,3.240089530629964437e-02,1.457431888006582681e-02,5.663639083744075736e-02,4.811620900611038310e-01
1.021000000000000000e+03,5.000000000000000000e+00,9.987603757816309116e-03,7.348487366201604531e-03,1.437716767895746463e-02,1.577220720559384393e-01,1.259306278516743706e-03,5.787768266311208443e-01,2.321195241637063339e-02,3.783878937608720332e-03,3.339904268223956030e-02,1.701336621952296291e-01
8.230000000000000000e+02,1.000000000000000000e+00,4.808411998182757219e-03,4.592668405422022371e-01,1.074204168219548700e-01,1.188674073720616051e-02,3.705471143121285421e-02,1.833585138437953191e-02,2.813709725873134865e-02,5.870011122126699704e-02,2.605000033917255764e-01,1.388981521313762714e-02
1.707000000000000000e+03,8.000000000000000000e+00,1.327447145426137801e-02,2.658565763125681977e-02,1.222534653526497067e-01,1.185323312992465905e-02,3.200695260373428996e-02,8.815751958794344756e-02,1.782015149935704118e-02,3.492142888122548583e-02,6.123227238791913996e-01,4.080439598045582789e-02
7.770000000000000000e+02,1.000000000000000000e+00,8.692702530464541284e-04,6.552950358044979939e-01,1.159657818925512451e-01,3.979325269607220106e-02,2.674853703635961602e-02,1.020272465268150935e-02,9.666064123905299468e-03,7.663853958720702464e-02,5.699213193126198562e-02,7.828662022416669336e-03
1.146000000000000000e+03,9.000000000000000000e+00,1.628547359465645772e-02,5.660240759600888849e-02,4.687001739333272049e-02,2.830915709239704703e-01,6.257077000687556560e-03,2.518934437062767331e-02,4.916508383070309837e-03,2.937130819590171721e-02,8.415389407997991844e-02,4.472623984617642434e-01
2.010000000000000000e+02,5.000000000000000000e+00,3.792717470301487561e-03,9.578891585291553906e-03,2.427562197109791112e-02,8.907627256237003396e-03,6.357032585845290990e-03,8.767563860848675006e-01,6.219051472781763137e-03,3.154397265723088428e-02,2.641193556852457214e-02,6.156763347821835562e-03
1.540000000000000000e+03,9.000000000000000000e+00,1.563684601450475442e-01,2.761486180278691777e-02,2.916872096320879959e-02,2.372215653807493996e-01,7.032484593445998376e-03,3.884742028119531065e-02,1.693880779641276924e-03,7.007877333722969948e-02,3.523814911745500739e-02,3.967356835992399966e-01
1.336000000000000000e+03,0.000000000000000000e+00,8.814832469921627389e-01,3.052856905676071091e-03,4.025167216580626331e-03,3.949624898551118597e-03,1.944620867970157235e-02,1.331728085433261585e-02,2.383317552820260823e-02,2.324905399882032375e-03,1.028684943276761236e-02,3.828068409214274714e-02
1.097000000000000000e+03,1.000000000000000000e+00,1.014841841851170856e-03,7.634702049848589578e-01,6.601918813090600080e-02,2.115080377273266879e-02,3.001164504647387335e-02,9.669451235623864951e-03,1.120495419968674591e-02,3.872271609325173697e-02,5.377594542459869509e-02,4.960249270016194208e-03
1.020000000000000000e+02,5.000000000000000000e+00,8.651579500752388727e-03,1.828205632148187376e-02,1.556568252225955934e-02,4.004547965996534814e-02,1.530215385610817977e-02,7.860512478049360707e-01,2.297912993635289544e-02,2.206898885051014614e-02,4.935393699462869294e-02,2.169974455300515553e-02
7.500000000000000000e+02,6.000000000000000000e+00,1.942908566564317124e-02,3.479751148419599205e-02,1.230741689160608048e-02,1.817593677078239989e-03,5.386713456484917839e-02,5.251604551702351333e-03,8.583483160859255445e-01,2.145804001580278730e-03,9.855640822384000022e-03,2.179892255035254748e-03
3.470000000000000000e+02,3.000000000000000000e+00,3.167136985747343644e-03,3.696291161522684970e-02,7.352115019283808617e-02,7.289334064173879080e-01,2.166636145091557254e-03,4.389703174759613385e-02,1.807309218674849408e-02,1.039982948297641166e-02,4.210273796317413886e-02,4.077606726321335306e-02
1.366000000000000000e+03,0.000000000000000000e+00,6.278053586707159628e-01,7.665985091066280545e-03,1.316887984625168297e-02,1.787280178871268263e-02,1.291265445157448351e-02,3.179470773317810001e-02,6.079328303651780618e-02,4.342294803662093486e-03,5.943016357201076627e-02,1.642138710063102414e-01
1.546000000000000000e+03,1.000000000000000000e+00,9.099073275429399831e-04,7.638848604947533483e-01,2.180706924359385873e-02,9.002682280836095396e-03,7.437649193691399374e-02,1.276400849709019396e-02,1.045696648866531638e-02,5.498410782120789764e-02,3.924719161758586511e-02,1.256671429181054588e-02
1.441000000000000000e+03,6.000000000000000000e+00,4.652803182294869971e-02,2.215776288859038282e-03,1.411921409971680398e-02,8.160063306814751075e-03,2.868755750276562669e-02,2.602696997057248746e-02,8.355087640617496758e-01,3.712297845531482322e-03,2.718267617324524044e-02,7.858648927796033773e-03
1.052000000000000000e+03,3.000000000000000000e+00,4.778632019986108793e-03,8.469999015519520322e-03,2.178018593402265141e-02,6.047086169781830112e-01,7.229192014333503955e-04,2.611733521607563849e-02,4.103264388059626663e-03,1.797816302334282260e-02,5.286297185475206939e-02,2.584779123686251068e-01
1.341000000000000000e+03,2.000000000000000000e+00,6.323885958040369182e-02,8.547303661290646393e-02,3.335720903519051594e-01,2.676237935396830192e-01,1.210302838183237480e-02,1.460739949654675691e-02,8.345725088922268872e-03,7.389312119035565396e-02,1.803460869947592568e-02,1.231083370579686004e-01
1.182000000000000000e+03,5.000000000000000000e+00,1.317224346138237516e-02,9.587384577715088452e-03,7.492843523553309459e-02,1.024352062482020154e-02,4.158535929934931673e-03,7.141313479004802733e-01,1.055367352322174497e-02,1.151016270389684515e-01,3.120499432633354678e-02,1.691823738161025298e-02
5.640000000000000000e+02,0.000000000000000000e+00,6.662231730316329203e-01,5.498740047950565618e-03,1.616250122752676405e-02,2.329702505326841297e-02,1.362969290900584510e-02,8.422396824730568957e-03,4.368197852234158990e-02,6.418182111653917589e-03,4.414644290822845180e-02,1.725198673636607893e-01
1.513000000000000000e+03,3.000000000000000000e+00,1.802491866725533520e-02,9.032681044949182267e-03,8.502727376098737078e-02,5.909843317547963659e-01,2.165614615316472855e-03,1.570884073062325456e-02,2.058840991674000184e-02,2.886809739363108140e-02,3.726278423910535376e-02,1.923370478765955294e-01
1.590000000000000000e+02,9.000000000000000000e+00,3.668861957709089461e-02,2.643800005550415305e-02,2.562429285024887468e-02,1.116700048208418838e-01,4.549098644037689182e-03,1.918405140804666648e-02,6.326852452130263781e-03,7.955986532759862229e-03,2.491456570791776917e-02,7.366485279514219942e-01
1.412000000000000000e+03,9.000000000000000000e+00,2.031145386042519096e-01,2.481524414075453322e-02,2.536250277352621041e-02,8.879728211609910771e-02,8.759970608085530450e-03,9.304501996696570854e-02,1.886788372718705559e-02,2.751556625613932675e-02,1.120142510601195018e-01,3.977077407468710413e-01
1.171000000000000000e+03,4.000000000000000000e+00,3.067754022778330578e-02,3.823708525298689237e-02,1.120112455364757550e-03,1.022918906674536712e-03,8.659109424249170628e-01,4.688745734821021978e-03,4.049576389244937541e-02,6.490530334201075231e-03,7.158588254472891127e-03,4.197772516329046147e-03
1.275000000000000000e+03,7.000000000000000000e+00,9.331292141550312632e-04,1.389821608566068484e-02,7.813800042198448814e-03,1.753705874464339676e-02,7.140492787229605308e-03,2.849740576118291180e-02,7.662373970121249059e-04,8.766224783242878571e-01,1.792798340673693036e-02,2.886319823689304301e-02
1.110000000000000000e+02,4.000000000000000000e+00,2.408233838489702919e-02,2.679929057127863543e-02,5.018416104711369286e-03,4.301279119656119081e-03,6.924158735791540176e-01,1.003741083397934192e-01,6.794751520226970098e-02,4.008833180501937543e-02,1.858443984742518679e-02,2.038840704579514967e-02
2.620000000000000000e+02,6.000000000000000000e+00,4.118594555524129203e-02,3.111895483177872217e-03,1.662213475277152935e-02,5.103076310717854017e-03,2.731109802045832841e-02,1.970961745343132593e-02,8.557067584677212624e-01,4.511357069639289688e-03,2.276669437872484020e-02,3.971422508116421828e-03
1.682000000000000000e+03,5.000000000000000000e+00,1.691524718513840939e-02,1.337618436770822081e-02,3.265543284173927970e-03,3.112027069728414905e-02,3.182667155097759076e-02,7.234098480512669571e-01,2.373779358973760953e-02,4.995044914849255252e-02,3.210905491601440814e-02,7.428893720920616561e-02
2.080000000000000000e+02,0.000000000000000000e+00,6.900337086547285725e-01,2.154729590731901609e-02,7.549656442073240069e-03,3.407194006133373431e-03,1.530508703540753579e-01,1.290184366254405399e-02,4.729735871060065239e-02,9.968993545157761593e-03,2.113415318823452793e-02,3.310892552913347747e-02
4.070000000000000000e+02,1.000000000000000000e+00,3.404539000306127782e-03,7.234168739155343308e-01,4.936533347799157423e-03,2.876376965246700557e-02,6.737829382819653101e-02,7.997632118860027034e-03,6.591825871948588794e-03,3.452680497269439153e-02,4.104600114243901754e-02,8.193772614975476654e-02
1.697000000000000000e+03,0.000000000000000000e+00,8.739986703251113598e-01,1.384541423692744067e-03,1.187713480099457028e-02,9.652639015059047076e-03,8.531958250346308864e-03,2.382753500181247763e-02,1.955801881615606974e-02,2.953257419895411774e-03,2.042388746070261316e-02,2.779235748622931393e-02
1.007000000000000000e+03,6.000000000000000000e+00,4.614199546533127166e-02,4.975304985714464751e-03,9.186998530249830194e-03,5.096866115744456797e-03,4.667321563016593039e-02,1.634440790994025686e-02,8.359883848687889030e-01,5.519509753041562834e-03,2.308074807275859938e-02,6.992568668264809162e-03
2.630000000000000000e+02,7.000000000000000000e+00,4.523316359186630407e-04,4.468317872593196780e-03,3.467592401514211012e-03,7.808639306096806787e-03,2.581746743205111383e-03,4.077020277421881250e-03,3.781982535902172929e-04,9.608623938460687519e-01,7.056484063843329949e-03,8.847275599747718433e-03
1.092000000000000000e+03,6.000000000000000000e+00,1.509550783704219357e-02,8.905864318641787750e-03,2.019193981676934216e-02,2.898052629230725170e-03,1.767571565123014429e-02,9.680492489398419970e-03,9.068834162064173254e-01,2.620167982557722319e-03,1.202760090569868906e-02,4.021242163013521477e-03
6.510000000000000000e+02,5.000000000000000000e+00,4.320848436843753582e-02,1.268977609092576848e-02,7.998224252476586471e-03,3.993923177608607600e-02,4.248415990800578912e-02,5.838749003254765091e-01,4.451088957751136305e-02,1.567919995822492363e-01,3.970582698832546276e-02,2.879650713050559835e-02
1.456000000000000000e+03,4.000000000000000000e+00,1.035323301629840001e-02,2.585505879457252604e-02,9.292952901208321017e-04,6.580961652161196980e-04,9.147167378660662207e-01,2.366253175854715358e-03,1.617898821479703611e-02,1.419744276830880308e-02,1.028959099207260933e-02,4.455303716692842093e-03
5.700000000000000000e+01,2.000000000000000000e+00,1.456137766637905645e-02,4.347337924265914366e-01,2.165358561556943451e-01,2.325454488764425870e-02,3.378828176091697166e-02,1.619174019154681881e-03,3.312732028608258300e-02,7.093106342192372071e-02,1.627044963832764424e-01,8.744092992336475328e-03
6.190000000000000000e+02,3.000000000000000000e+00,1.939475572905707476e-02,3.239012438962057816e-02,1.499581404571500576e-01,4.910405006146194018e-01,1.979474669992694301e-03,2.994636948140154062e-02,4.277109887752578166e-02,1.791858213221961954e-02,6.666790302433833748e-02,1.479330506240748855e-01
9.860000000000000000e+02,2.000000000000000000e+00,7.582045310777377287e-04,2.651047844990180730e-02,9.082015198951491897e-01,2.428792018829123781e-02,8.342060319755855791e-04,1.273382052977738849e-02,7.559640613291888044e-03,2.835965099622263751e-03,1.190551691089472390e-02,4.372727750018156820e-03
3.360000000000000000e+02,1.000000000000000000e+00,9.884682906346974572e-04,7.345804595934273262e-01,4.493507982136587392e-02,1.406419512751943234e-02,2.218138232675731167e-02,1.898071939306217315e-03,9.324424742010131717e-03,5.227514087487403205e-02,1.169901566968572643e-01,2.762620587247728229e-03
1.054000000000000000e+03,5.000000000000000000e+00,1.762171566718897381e-02,1.494436172978600048e-02,2.257235263454708367e-03,2.431591686734063326e-02,1.483993894830537043e-02,7.263463912876219064e-01,6.580243711352745314e-03,1.880730851938903353e-02,1.429445082918417639e-02,1.599924371763764008e-01
1.500000000000000000e+02,0.000000000000000000e+00,6.903118199056008653e-01,8.589457070934858676e-03,2.645425672262801883e-02,3.916957556194490195e-03,2.530763092462414224e-02,1.758981451193492723e-02,1.473919847514805759e-01,3.683061853783049962e-03,2.199714711665620714e-02,5.475786958616302158e-02
3.600000000000000000e+01,0.000000000000000000e+00,7.748290800080531726e-01,5.802415767905451036e-03,9.041028934551649174e-03,5.130290561320584655e-03,3.313845050146742299e-02,3.334950291774094883e-02,2.205423657818104261e-02,1.760077064741134845e-02,4.097300690688732844e-02,5.808121717648109111e-02
1.480000000000000000e+02,8.000000000000000000e+00,2.924361001418030251e-02,8.301270468626323340e-02,5.781575985152630909e-02,2.073815451864634285e-02,2.262851841940963921e-02,1.998756789807878964e-02,9.546560488067960815e-02,1.750422555061256769e-02,6.043080822858837298e-01,4.929577189471951587e-02
1.351000000000000000e+03,4.000000000000000000e+00,1.036492490615659456e-01,1.158590509846120220e-01,7.305724006906329226e-03,5.636185794567148341e-03,4.799461183083881255e-01,1.554560105990631519e-02,2.413345269131250692e-01,6.473717855805860566e-03,1.778849856878567115e-02,6.461327446337592102e-03
4.180000000000000000e+02,5.000000000000000000e+00,4.196890336081748191e-02,6.609447792930867038e-02,8.318494673244486437e-02,2.157387901838346000e-01,5.457911876694797673e-03,3.298937482237677687e-01,5.705718172685431307e-03,1.908791644515529448e-02,7.798081565061291964e-02,1.548867714246780491e-01
5.270000000000000000e+02,1.000000000000000000e+00,5.538777961030496438e-03,3.257454664027852886e-01,3.944211159137595013e-01,3.544772253963206915e-02,1.107556349615797069e-02,4.652458059680131958e-02,9.928358058687385135e-02,3.204050399900411350e-03,5.896262124949498001e-02,1.979652085356405425e-02
3.840000000000000000e+02,9.000000000000000000e+00,1.797054032439208623e-02,6.813219615499085946e-02,1.068283318645193818e-02,2.149224437440036203e-02,6.979715134741187876e-02,1.390439668184039745e-01,6.193122695937235481e-03,2.706960090370645333e-01,1.449716699039155510e-01,2.510202661570316574e-01
2.300000000000000000e+02,5.000000000000000000e+00,2.336802180918198801e-02,1.981100826925753441e-02,9.774780039572233958e-02,1.184928942075937248e-02,9.590084654982984971e-03,6.316779924637632160e-01,1.762154915119159768e-02,1.223201709757700401e-01,4.833917651942520877e-02,1.767490633994571458e-02
1.280000000000000000e+03,8.000000000000000000e+00,1.193186118892082016e-02,1.471084000443866613e-01,5.105714566979107499e-02,1.330673237096861306e-01,1.145170565232359397e-02,1.432284967012248111e-01,1.002266208607304962e-02,5.057931036548602571e-02,4.193105428472665430e-01,2.224255173484123230e-02
1.424000000000000000e+03,9.000000000000000000e+00,4.318868219149187698e-02,1.356664064954259119e-02,1.829208734567168773e-02,1.674468360367892816e-01,1.550142639887880759e-03,3.108945956464963939e-02,3.212893179328063769e-03,1.160028172541017338e-02,3.448451776208153602e-02,6.755684589051471622e-01
1.072000000000000000e+03,7.000000000000000000e+00,5.349442470122428225e-03,1.088267450508557249e-02,4.279477880221647934e-02,4.044412904869962994e-02,7.069378552474032962e-03,1.427481286799504173e-02,6.140487918198800008e-03,7.579029351849628782e-01,1.040744887882666669e-01,1.106687186197859336e-02
6.810000000000000000e+02,5.000000000000000000e+00,4.051454480280781978e-02,1.750413657737161580e-02,4.532533994380248676e-02,1.573283095102409948e-02,6.431148288411053793e-02,5.805611553836571570e-01,3.066320774473457050e-02,1.408027273267087320e-01,5.788860100886530219e-02,6.695973376917741839e-03
9.830000000000000000e+02,7.000000000000000000e+00,2.151857843354849573e-03,1.152573711511694840e-02,8.052787643176999993e-03,2.513292245217734616e-02,9.254191175309395626e-03,7.250082460305848700e-03,1.971226362304507110e-03,9.071834067212325436e-01,1.563627797087540489e-02,1.184151025614588008e-02
4.680000000000000000e+02,6.000000000000000000e+00,1.455824637184626943e-02,2.230475300537355585e-02,1.359815906934011727e-02,2.808680695500487962e-03,3.920923596163899960e-02,1.082059045730520384e-02,8.640061357668891162e-01,3.058969072472051721e-03,2.750858886219422622e-02,2.126640737440147963e-03
1.385000000000000000e+03,3.000000000000000000e+00,2.180808001157979667e-02,1.374733892670930088e-02,4.713650442985727745e-02,6.043456912387289437e-01,1.013617358392565702e-03,2.653076182062188634e-02,7.448861393491077593e-03,1.337967430451725802e-02,1.752308542072164924e-02,2.470663850953803142e-01
3.010000000000000000e+02,3.000000000000000000e+00,4.685952623051333789e-03,2.350183440115406405e-02,5.293276761577717787e-02,7.230471483079943251e-01,1.072922778169054393e-03,2.468274946263181863e-02,7.523615400813822227e-03,2.227921548316263642e-02,2.985144414117558639e-02,1.104223497860701286e-01
1.114000000000000000e+03,4.000000000000000000e+00,1.613195856392468652e-02,5.775369996204789136e-02,2.834641468286360801e-03,3.817998067542482856e-03,6.940644942879229395e-01,7.141685468847022711e-02,2.523373557982200657e-02,4.445921320072925009e-02,3.243988047908852312e-02,5.184752370216565848e-02
4.500000000000000000e+02,4.000000000000000000e+00,1.019594188274376700e-02,7.198600656863593517e-02,3.638779180778813332e-03,3.265600147731722701e-03,8.254198834916929295e-01,4.550957464572269982e-03,2.593802594474845999e-02,2.913356994888801135e-02,2.148947562531928340e-02,4.381759744888854419e-03
6.340000000000000000e+02,7.000000000000000000e+00,1.412711349939360997e-03,1.793183284593834192e-02,9.382398922995105819e-03,1.426377587651765123e-02,5.874423334333284293e-03,9.330148588274160201e-03,7.090969877309553915e-04,8.782578826849003484e-01,3.419194469929462410e-02,2.864578471007603669e-02
9.100000000000000000e+01,3.000000000000000000e+00,3.946660930846916313e-03,4.845061128482379409e-02,9.081605124826871989e-02,6.840036154091311271e-01,2.379819722382635078e-03,3.421011059556720163e-02,5.834918453266405014e-04,7.198330273408447277e-02,3.577907013019643312e-02,2.784726609937211370e-02
9.620000000000000000e+02,3.000000000000000000e+00,2.036502353365777715e-02,1.364401414932132559e-02,3.610730483669445656e-02,7.381991986766109903e-01,2.660488833229578132e-03,2.553750635757797913e-02,7.710854019268271499e-03,1.004003574600763164e-02,3.769176111813814234e-02,1.080438127294936490e-01
1.563000000000000000e+03,0.000000000000000000e+00,7.858207007384888643e-01,5.659890632881635873e-03,1.227226072830360504e-02,7.493107623338512470e-03,3.662507827231622354e-02,3.194467688262583871e-02,4.598733997985913341e-02,8.869586022147716436e-03,2.927967138437024414e-02,3.604768773566812551e-02
7.750000000000000000e+02,8.000000000000000000e+00,4.195090793480629743e-02,4.219532281541211322e-02,3.239300553453673681e-02,1.097837595584265011e-02,2.686298817610547479e-02,4.041694436998786305e-02,2.296205225511139744e-02,3.941651302543653507e-02,6.860180777853877032e-01,5.680581214737318724e-02
1.741000000000000000e+03,5.000000000000000000e+00,5.819481474980042757e-02,1.304016271435440820e-02,3.318952508648692623e-03,2.456917132022468434e-02,1.096860473704688310e-01,4.346176717532163059e-01,1.126201703059894893e-01,3.307176206057169804e-02,7.353400220678853183e-02,1.373472450099369746e-01
2.110000000000000000e+02,7.000000000000000000e+00,2.903573452146529423e-03,2.256503980796324693e-01,4.336545136763740593e-02,1.523693324347075856e-02,4.551456778560242916e-02,1.614519632469401528e-02,5.347011833116590944e-03,5.146716560695155929e-01,6.916441700605667486e-02,6.200079483812753062e-02
5.020000000000000000e+02,2.000000000000000000e+00,3.649475752500046244e-02,2.901697870747930175e-01,2.237038710039384315e-01,2.726971293716977385e-02,4.125181616056414202e-02,1.483199282981240673e-02,2.012562856814177625e-02,9.465788222836753196e-02,2.233415644348351325e-01,2.815298723737744147e-02
1.169000000000000000e+03,2.000000000000000000e+00,1.182596398771408640e-03,2.694388132615283329e-02,8.517776979339808374e-01,5.752627855737193346e-02,7.021706325392757398e-04,3.421496762030176372e-03,5.135360320446785698e-03,1.641494832513350211e-02,2.373301280161423457e-02,1.316255694195922650e-02
7.650000000000000000e+02,9.000000000000000000e+00,1.698163613195580526e-02,1.476035814752719444e-01,2.124169590612101730e-03,1.048268080531010449e-02,2.130132858042408373e-01,1.152619589228769809e-01,1.824875050377591790e-02,1.063019031234129358e-01,7.347705740429423538e-02,2.965049762382492293e-01
6.820000000000000000e+02,0.000000000000000000e+00,8.823956768689730223e-01,1.670678346152272304e-03,1.016980598408456782e-02,9.223158269387772903e-03,1.033436469328003100e-02,1.197237925443613189e-02,1.600463940763492340e-02,4.137653671145914702e-03,8.168760157555805812e-03,4.592288334734954958e-02
1.364000000000000000e+03,2.000000000000000000e+00,1.623824022508560394e-01,2.600436634696927027e-02,1.973152159533630989e-01,3.035510084913892737e-01,1.115418689926825704e-02,1.641702055572378735e-02,1.549300644178430199e-02,4.305754084620767169e-02,1.592214803414497559e-02,2.087031041802934195e-01
1.290000000000000000e+02,8.000000000000000000e+00,2.167730954896766871e-02,4.259741809279666835e-01,1.442323546747462382e-01,2.653846664389885104e-02,2.631708233901693117e-02,5.958170946902399678e-02,2.974115369540824422e-02,7.761643600041094604e-02,1.690707152789679979e-01,1.925059142159252570e-02
4.000000000000000000e+02,4.000000000000000000e+00,6.241559678935505728e-03,1.235448070904808515e-01,8.796219102766305101e-03,5.246214497610143974e-03,7.105207071296334442e-01,8.948102256408371410e-03,5.567823092243882888e-02,4.635756390043734715e-02,3.142292431042683493e-02,3.243671110862394839e-03
4.560000000000000000e+02,1.000000000000000000e+00,1.141259391247501781e-03,8.224321541409712610e-01,5.789134151982143484e-03,3.124652382228716718e-02,1.786052785522235231e-02,6.308725789970139920e-03,4.597306361456596213e-03,8.709658675584340537e-03,3.617532940792632379e-02,6.573938040335214339e-02
1.082000000000000000e+03,0.000000000000000000e+00,8.612407192556974511e-01,7.616195186476817144e-04,2.036981194614954568e-02,1.779639179411711750e-02,4.022168569958798484e-03,1.278338991116788337e-02,2.251188929119518276e-02,3.527126949768665844e-03,1.243559274972926183e-02,4.455129001356838980e-02
4.200000000000000000e+02,6.000000000000000000e+00,9.964939875861222873e-02,4.619696748985157447e-02,9.582019407061725252e-03,2.407316810793325851e-02,7.568504377229839930e-02,1.597005117672114505e-01,3.552868083704084912e-01,2.968573408322383589e-02,1.284127108791339178e-01,7.172763736426508718e-02
1.640000000000000000e+02,6.000000000000000000e+00,3.091029942628256352e-02,4.047298498348983996e-03,1.380549879329794408e-02,2.520104618578243322e-03,3.794136555984751330e-02,1.634442749483651716e-02,8.701593929878257416e-01,2.131931292072205934e-03,2.016374099150493662e-02,1.975940337405094130e-03
1.243000000000000000e+03,7.000000000000000000e+00,4.952549529759627325e-03,5.389599798404307723e-02,5.181917319826048057e-02,2.775418431756438570e-02,3.296194206029674084e-02,4.199205187189877786e-02,9.327986521370023459e-03,6.743729383682551815e-01,4.520110578721207861e-02,5.772207036133954888e-02
1.790000000000000000e+02,0.000000000000000000e+00,6.281744406263216618e-01,3.300844969111940003e-02,2.037937611178887790e-02,7.696268044790120430e-03,8.549849874708591313e-02,1.348865668773917281e-02,9.661341532316518321e-02,1.574135392123217000e-02,2.901514533289125536e-02,7.038439551386622972e-02
1.674000000000000000e+03,7.000000000000000000e+00,1.064957809179571929e-03,1.216773027892924068e-02,4.611181245689956014e-03,9.706138654309748315e-03,5.743414586880209866e-03,7.141316057822419579e-03,8.825969791687376595e-04,9.312647925041854791e-01,1.334811503547047098e-02,1.406975684836432768e-02
3.070000000000000000e+02,2.000000000000000000e+00,1.510334274245001690e-02,5.670157119232002024e-02,6.093924749330436041e-01,9.698815904887027328e-02,2.342876960001257121e-03,2.828986546342562164e-02,3.326153582802966746e-02,1.981314115300439327e-02,1.082898081270383950e-01,2.981722455181687673e-02
1.235000000000000000e+03,0.000000000000000000e+00,5.732847955023847586e-01,4.112862652066076596e-03,2.649180368147565842e-02,4.107273954626828455e-02,3.477015600098259940e-02,1.386796304534335667e-01,8.875772039007263220e-03,5.606695293782361367e-02,3.680936513274685878e-02,7.983592205381126461e-02
2.160000000000000000e+02,7.000000000000000000e+00,3.160907077520585997e-03,9.477740016116811828e-02,6.996993153349713446e-02,2.573294939074406359e-02,8.524809020763171596e-02,1.231482151747850286e-02,2.266207585254776183e-02,6.449242316353415161e-01,3.131132993338753279e-02,9.898262690682915060e-03
8.110000000000000000e+02,5.000000000000000000e+00,2.079977948786126702e-03,5.656955124425559756e-02,7.179101258329470547e-02,2.376536278046071163e-02,6.152095736127775709e-03,6.107545618296017498e-01,5.406511047599184272e-03,1.544738663146027202e-01,5.529630169934767608e-02,1.371075881592361510e-02
1.613000000000000000e+03,1.000000000000000000e+00,1.453412509644862833e-03,7.608762216774881404e-01,4.976589280511443253e-02,8.136878131591069804e-03,6.249361807155464493e-02,8.695809319007562210e-03,2.967211655096078579e-02,2.491772691751484997e-02,5.154149193426493802e-02,2.446832082858581021e-03
1.017000000000000000e+03,2.000000000000000000e+00,1.039722705099749940e-03,2.113155489119847991e-02,9.117104876376348477e-01,2.806498312234767187e-02,6.457160158652606660e-04,1.292384864053407016e-02,4.758801339734081148e-03,3.184286066223452651e-03,1.255776161329401168e-02,3.982837968068557964e-03
5.260000000000000000e+02,0.000000000000000000e+00,6.742726787920858555e-01,5.872637602970226696e-03,2.054468217726138773e-02,2.674445431418801325e-02,1.948668408463944193e-02,2.497634774594149551e-02,7.405308120576478692e-02,1.360733743386972720e-02,3.561491036556153900e-02,1.048271862777177404e-01
3.090000000000000000e+02,8.000000000000000000e+00,1.830168925731407575e-02,3.594173207557281591e-02,2.660636773123501927e-02,8.959494973902809578e-02,8.905417326101771128e-03,1.040712686994299946e-01,5.365762879622867215e-02,3.666585503612106861e-02,2.923993517460558578e-01,3.338557395929127036e-01
6.830000000000000000e+02,9.000000000000000000e+00,5.065645290004885254e-03,4.705546214940499183e-01,2.070301851683589624e-03,2.417316657228533311e-02,4.343237289185213068e-02,2.782578548986470307e-02,4.152556545361010647e-03,3.817387093807941140e-02,7.855431494753845056e-02,3.059973639792804567e-01
1.228000000000000000e+03,5.000000000000000000e+00,3.146901014349822584e-02,1.374385947636315615e-02,4.337018331084770140e-02,9.663615555982820945e-03,3.419673407469392412e-02,7.436812578854022915e-01,1.957825426172695935e-02,7.255346430336465091e-02,2.767027629800678651e-02,4.073344690113602125e-03
1.231000000000000000e+03,5.000000000000000000e+00,2.178344733540111752e-02,1.066289796603038000e-02,1.146562402048509344e-02,1.196924799347000162e-01,9.286526543585669341e-03,6.764587354810813746e-01,2.785186919427597163e-02,8.607663247254156158e-03,5.215673057191986400e-02,6.203402570526633103e-02
4.420000000000000000e+02,1.000000000000000000e+00,4.416215674154780856e-03,4.341383452040826763e-01,1.916283936692007583e-01,5.713191922217351892e-02,2.334820486319680310e-02,8.874775955360665602e-02,9.033526875644731780e-02,3.201931441896188352e-03,7.016265439313071339e-02,3.688930722211031243e-02
3.750000000000000000e+02,9.000000000000000000e+00,1.977685537968337445e-02,5.337804455023006239e-02,2.925709885205916242e-03,1.863108647323703099e-02,8.371323857973098082e-02,1.992876919901386268e-01,4.831898788022198979e-03,1.281028171033100072e-01,5.999423165925182877e-02,4.293584255911899183e-01
8.210000000000000000e+02,3.000000000000000000e+00,8.419388142800195152e-03,1.431700587203900595e-02,4.084325707191600180e-02,6.208081184601756952e-01,1.306490235847424701e-03,1.741942439101023393e-02,6.266011599973930930e-03,2.702817444541473491e-02,1.353986498951524342e-01,1.281934798856703694e-01
3.760000000000000000e+02,5.000000000000000000e+00,5.045573067267331707e-03,1.293179542107518454e-02,4.925826042313191655e-02,8.294331583746327591e-03,3.620230496514709011e-03,8.022073292405094147e-01,7.889137419256576564e-03,6.766696322896031957e-02,3.321165497891893914e-02,9.874724140619241600e-03
1.215000000000000000e+03,6.000000000000000000e+00,1.700957752557210115e-02,2.496436609956390051e-02,8.199254731481243202e-03,7.043876491377699944e-03,1.849216400649535477e-02,1.588165497002694965e-02,8.769247787224881963e-01,1.584399572545956616e-03,1.873877117507987203e-02,1.116115670536877574e-02
4.320000000000000000e+02,5.000000000000000000e+00,2.629356426004007818e-02,1.487833512939283342e-01,1.423255283288434557e-02,5.215982387572545842e-02,2.435987281486386505e-02,4.543400381527362697e-01,1.270087563029519660e-02,8.242693616952358193e-02,6.566815611274406939e-02,1.190348288572586483e-01
3.700000000000000000e+02,8.000000000000000000e+00,1.581443477138663040e-02,2.268113356012457088e-02,3.582116638695230504e-02,5.549674422015038466e-02,4.750973973170636439e-03,3.236828850680325415e-02,2.283791461790819072e-02,1.507212031603781879e-02,7.270648191654289771e-01,6.809240448203712770e-02
5.670000000000000000e+02,2.000000000000000000e+00,7.260471581660384900e-03,1.371380406925597206e-01,6.771501604021441523e-01,4.878737295213296521e-02,9.120488397547091980e-03,2.953364798529694094e-02,3.520857633489342386e-02,1.157132574245738586e-02,2.058442982617699965e-02,2.364548608513087138e-02
1.010000000000000000e+02,0.000000000000000000e+00,5.666808020193102591e-01,2.830068084461504277e-02,1.434679564475378234e-02,7.180303865085206454e-03,4.548211863999848670e-02,1.164598892602426890e-02,1.826102265350729448e-01,2.964601463711560771e-03,2.884980093397523926e-02,1.119386811274531018e-01
1.414000000000000000e+03,8.000000000000000000e+00,2.026011532820297043e-02,5.424092534285177014e-02,4.424150787237175753e-02,4.897327183609218731e-02,1.411922981825315844e-02,1.048658444015601598e-01,8.914225381404048548e-03,9.459238238076618510e-02,5.688663102187804244e-01,4.092618741971725677e-02
9.650000000000000000e+02,3.000000000000000000e+00,4.170380301783944282e-02,2.634169632427061161e-02,1.243971858087226517e-01,4.606337235601658531e-01,2.744374958148844499e-03,8.504463656429660928e-03,3.929324765216333365e-02,9.819736287777984518e-03,4.258636010467163613e-02,2.439754086298100422e-01
3.500000000000000000e+01,5.000000000000000000e+00,9.308316610224855528e-03,5.033351047644341048e-02,2.016469550454015949e-02,2.890686445343890187e-02,1.609770246203846150e-02,7.426877985395706760e-01,6.034063205780241905e-03,4.794059147495741829e-02,3.662027824435720030e-02,4.190617902864862687e-02
7.710000000000000000e+02,9.000000000000000000e+00,2.031345728125305214e-02,1.192232964867866452e-01,9.013654060986319360e-04,1.248823248513972715e-02,5.407647282821683582e-02,2.699168522655068583e-02,4.243806476167336604e-03,4.569647593733485585e-02,6.007628912762436740e-02,6.559889187448278980e-01
1.060000000000000000e+02,6.000000000000000000e+00,1.395022543808998108e-02,3.830326734611424477e-01,7.330405618227507636e-02,4.640614135072798803e-03,4.709523012518924967e-02,8.386811317493676407e-03,4.042349127094376771e-01,4.270767226077947128e-03,5.674103352089772401e-02,4.343675884323422616e-03
2.240000000000000000e+02,8.000000000000000000e+00,3.242336131022676565e-02,2.104142223594859529e-01,2.991838007537015592e-02,9.251951649301798364e-02,2.151905326304302465e-02,5.419742174015971733e-03,1.334844343556983448e-01,2.575580895241980431e-02,3.556876547165478963e-01,9.285782630017400119e-02
7.360000000000000000e+02,1.000000000000000000e+00,1.688676675491939533e-02,2.547547376231897309e-01,7.040807437906732025e-02,1.037787477155125218e-02,6.018285463321568912e-02,1.038647425641163330e-01,3.299506763672540449e-02,1.086768404062836146e-01,3.288340091434257539e-01,1.301903208750557206e-02
1.377000000000000000e+03,1.000000000000000000e+00,1.253355976104407856e-03,6.386196812002048473e-01,1.186814545904575913e-01,4.426586552608179070e-02,3.653264460393084584e-02,1.115889204678640299e-02,8.576353398619635665e-03,9.620986962205516080e-02,3.588502219754243633e-02,8.816860838217002033e-03
4.400000000000000000e+01,7.000000000000000000e+00,1.755934903855816374e-03,5.171868780747735164e-03,5.380012880485691290e-03,7.237427990521152349e-03,6.230004244761529544e-03,1.016836603788994625e-02,9.363126201879649110e-04,9.302420597180162121e-01,1.787009813684905385e-02,1.500791468668491446e-02
1.241000000000000000e+03,2.000000000000000000e+00,6.560158735165561202e-03,1.851153017068247683e-02,4.951373398418144056e-01,2.804113619357976317e-01,9.912529386630695560e-04,1.539935195652026960e-02,7.965437099395164533e-03,3.534120953782828034e-02,1.068907946903394635e-01,3.279156309379361450e-02
1.301000000000000000e+03,4.000000000000000000e+00,3.444123718236564158e-01,3.628820951401186268e-02,1.009648610933620676e-02,4.939140361866155814e-03,3.058074100249953409e-01,2.454926864218797897e-02,2.446134352034317616e-01,3.662857791010357741e-03,1.543804873516205038e-02,1.019277179434192535e-02
8.800000000000000000e+02,6.000000000000000000e+00,7.345116888459488763e-03,1.364873762425088954e-01,1.074334772767328479e-02,9.445669651797855559e-03,6.307717882863067560e-02,1.192574381862413976e-02,7.196068928007806065e-01,7.507351000421618251e-03,2.846899804125007510e-02,5.392324999853390609e-03
4.370000000000000000e+02,2.000000000000000000e+00,3.102482484376788401e-03,4.158150729459109823e-02,8.376390253500279881e-01,6.505156976492358634e-02,2.966958289964409697e-03,9.756813602316007430e-03,7.014246617774165179e-03,1.119218401164431137e-02,1.223710024454168453e-02,9.458112339840150234e-03
8.200000000000000000e+01,6.000000000000000000e+00,1.370606218533524864e-02,5.188401870048806042e-02,2.817846053367293116e-02,2.001235795661118234e-03,2.866019722965095634e-02,1.114028841210663694e-02,8.349858756345104327e-01,1.326315017018696351e-03,2.637977132833536908e-02,1.737775163220616707e-03
9.000000000000000000e+01,1.000000000000000000e+00,2.207542977856692592e-03,7.369695134228378963e-01,3.565709817872083232e-03,4.108440858610699908e-02,6.548643262277382970e-02,9.041065185957210606e-03,3.155945929016862415e-03,3.873740256946341803e-02,5.282385998403772015e-02,4.692811890407726227e-02
5.480000000000000000e+02,5.000000000000000000e+00,1.152515805072353017e-02,8.276341966183842561e-03,5.589800983113062983e-03,3.285444174909409043e-02,5.251965351891397030e-03,8.070694173396802951e-01,1.313657500809919335e-03,1.667209933984885664e-02,9.435960242675432014e-03,1.020111574759796913e-01
1.464000000000000000e+03,0.000000000000000000e+00,7.991571816783457072e-01,4.289995035295618431e-03,4.111713141610928018e-02,1.900670967781206006e-02,6.176216967659429145e-03,1.291158355942371473e-02,2.603387092216569512e-02,6.385027329401987174e-03,2.192875910113891227e-02,6.299352431264770846e-02
1.490000000000000000e+02,9.000000000000000000e+00,1.804727513412986845e-02,2.154003274364787654e-02,6.168400232555006600e-03,8.885150538520171504e-02,2.405164787410249416e-03,1.730352952591418872e-02,2.101990800527594495e-03,3.796444480023229012e-03,1.517611342401497913e-02,8.246095434865752249e-01
1.724000000000000000e+03,2.000000000000000000e+00,4.457106660318118502e-03,3.333838383501908781e-02,7.680100961026564699e-01,4.191229992929920017e-02,3.903526458402121861e-03,2.641475608343755652e-02,7.347501688607245562e-02,2.889163914031737598e-03,4.084801487633293177e-02,4.751635254430230937e-03
9.460000000000000000e+02,4.000000000000000000e+00,1.772084624045562953e-02,2.164358120097513438e-02,1.122181556904330900e-03,3.269228121001192897e-03,8.244770222371990975e-01,2.166898354254535516e-02,5.222070019690893544e-02,3.142955274277768607e-02,1.392619995384746477e-02,1.252170420738528932e-02
8.890000000000000000e+02,2.000000000000000000e+00,1.371226818360579518e-02,6.377001532688711394e-02,5.932272927448315469e-01,4.508418693382715975e-02,4.521567155480462480e-03,4.370411793954992463e-02,9.362075460820874773e-02,5.812142412237843864e-03,1.212077260060867717e-01,1.533992868928462684e-02
1.242000000000000000e+03,1.000000000000000000e+00,5.461208726007788991e-03,4.985165778012463078e-01,1.229549670375893189e-01,3.193795642897657300e-02,3.894615374202890778e-02,5.750257650835823020e-02,6.126525817143132525e-03,9.969598808322907568e-02,1.034523703947990703e-01,3.540567546062156623e-02
1.771000000000000000e+03,6.000000000000000000e+00,9.064949269899343423e-03,1.905959055333290020e-01,1.604875608353751107e-02,3.219310841970308111e-03,7.430963097447550181e-02,9.953133805602037629e-03,6.559500559789741558e-01,3.335721588004893733e-03,3.588368227878074856e-02,1.638853645426462287e-03
1.363000000000000000e+03,8.000000000000000000e+00,1.623262545038621496e-02,2.933534164209089523e-01,9.656906325817313230e-02,2.396576672257386131e-02,2.545287596603791960e-02,2.385102295859133775e-02,5.501643803067079314e-02,2.380943089280856961e-02,3.850243301426818365e-01,5.672503015716739982e-02
6.200000000000000000e+02,6.000000000000000000e+00,2.235921859603854506e-02,1.455039393825383574e-02,1.349454315563539467e-02,3.295556125987048317e-03,1.814544200266982044e-02,1.770487032478967188e-02,8.712090011600380768e-01,1.956725652627385164e-03,3.380437358049123708e-02,3.479875463469249419e-03
3.410000000000000000e+02,1.000000000000000000e+00,1.177357954825524605e-03,6.361757995708308133e-01,5.722766353448175553e-02,1.994794885539369692e-02,2.413045127093780759e-02,1.397559695181702175e-03,1.408801507821639751e-02,3.714456379705738387e-02,2.052115969052149824e-01,3.499043337860105202e-03
4.110000000000000000e+02,5.000000000000000000e+00,1.386048734225055375e-02,4.648716990362412871e-02,1.293269149628557303e-02,3.133106178976561434e-02,1.434100245055773028e-02,7.138941255585669055e-01,1.181141837730065314e-02,4.821551556270801259e-02,7.498223501223481857e-02,3.214429250670585575e-02
1.539000000000000000e+03,4.000000000000000000e+00,4.287654149973373248e-03,4.850087833655736258e-02,1.530892283962035152e-03,1.045098072618846864e-03,8.685315974980009068e-01,6.303122683838402115e-03,3.252436389622726659e-02,2.367165669725522850e-02,1.076904936343528289e-02,2.835687018131424243e-03
4.720000000000000000e+02,7.000000000000000000e+00,1.032035272809784208e-02,3.273199206175284731e-02,4.009429293491473256e-02,2.294342620366032759e-02,1.079394557687839845e-02,3.718635790269887026e-02,3.845526987187059681e-03,7.479757438074264853e-01,3.946299210588227746e-02,5.464536969150116108e-02
1.588000000000000000e+03,3.000000000000000000e+00,1.448300632355032942e-03,1.779539294283625228e-01,9.299091267955844620e-02,4.102852048511138605e-01,3.842025519953397826e-03,4.899897257005477597e-02,8.595540002252240316e-04,1.351221591997999738e-01,9.700845063442792293e-02,3.149049048414888363e-02
1.018000000000000000e+03,5.000000000000000000e+00,6.135616053667503761e-02,1.314538424128180831e-02,2.724579749234226980e-02,7.802674459466624191e-02,6.405913449503568106e-03,1.687630095056346646e-01,4.175831866867622116e-02,4.393403363219548774e-03,2.842247127070032797e-02,5.704827968773003022e-01
1.611000000000000000e+03,4.000000000000000000e+00,5.517674279888230837e-03,1.274625775260109506e-01,1.380428920804356308e-01,2.997471033656460421e-02,1.965647352665689240e-02,7.509430049606405366e-02,9.684658805707652141e-03,1.835709720586506666e-01,2.752091216166884791e-01,1.357866192733328536e-01
9.660000000000000000e+02,4.000000000000000000e+00,1.630405739706237978e-02,1.145203122420197922e-01,1.825439203391589476e-03,1.719991950179010354e-02,5.701051090080051509e-01,2.855167603952742106e-02,1.325141695619551363e-01,1.949948223545926521e-02,3.763844520070169786e-02,6.184138961008728286e-02
4.990000000000000000e+02,2.000000000000000000e+00,5.779196179018191229e-03,3.845709635481784489e-02,8.371797707178449954e-01,1.802870301450201426e-02,2.817231344027170802e-03,3.460152040515236671e-02,2.618425962045671865e-02,3.658632645547238264e-03,2.290216639912908553e-02,1.039142331950444059e-02
9.400000000000000000e+01,7.000000000000000000e+00,2.785868368362848842e-03,1.403139489512551623e-02,1.919752207356233489e-02,2.018695081854629883e-02,2.191336057968700998e-02,1.016680318570430813e-02,3.801133148575353352e-03,8.756145331051726766e-01,2.096586064057059592e-02,1.133657318469313141e-02
1.448000000000000000e+03,5.000000000000000000e+00,2.097705575923432611e-02,4.796822995195575319e-03,1.250548131708749226e-02,1.126103121702077964e-01,2.585144619715270577e-03,6.616390913085737902e-01,1.768829106038290189e-02,9.433449244840064890e-03,1.987258074915200512e-02,1.378917707756107669e-01
8.000000000000000000e+00,8.000000000000000000e+00,2.336964227754707510e-02,4.099606283605151252e-02,6.693225376157592443e-02,6.693560212071106297e-02,9.108201996830721930e-03,1.249515264676650216e-02,4.329379870720153484e-02,2.334305925249734875e-02,6.156950406783385787e-01,9.783118572247957723e-02
8.400000000000000000e+02,4.000000000000000000e+00,8.961341610354250919e-03,2.056545834202510095e-02,1.289870430223963478e-03,7.243492953963263231e-04,9.179547146833652027e-01,3.918554302247635214e-03,1.889022150792676880e-02,1.657608595051601047e-02,8.322482589492141702e-03,2.796921288452527445e-03
5.280000000000000000e+02,2.000000000000000000e+00,9.346864584567567830e-03,1.631315358360513335e-01,6.029238799406967386e-01,4.929288142610922796e-02,9.632117925561551816e-03,5.052210732556429440e-02,2.496166399620802778e-02,1.507636156335519749e-02,4.325071523202549811e-02,3.186187216986060416e-02
1.452000000000000000e+03,9.000000000000000000e+00,7.320896021767175910e-02,1.257763091749017174e-02,2.158855922042448444e-02,1.242878775811023240e-01,1.858558170804856541e-03,3.323804332030735886e-02,2.725451464667488343e-03,8.172642899894590196e-03,4.727575991793044052e-02,6.750665162897064864e-01
9.600000000000000000e+02,6.000000000000000000e+00,7.216452932264628972e-02,4.948841280665340625e-03,5.912555890510644285e-02,1.276104148097611211e-02,3.445280897262438524e-02,2.448578492444834082e-02,7.360263766964761922e-01,4.841552078511628457e-03,4.370919039818145502e-02,7.484315940363891854e-03
1.900000000000000000e+01,9.000000000000000000e+00,1.745113150104504046e-02,9.940286137326968807e-02,1.503168347854295650e-01,2.355210197536048433e-01,5.846202537395739016e-03,3.328669634249584869e-02,5.370791965806651774e-02,6.586826698306434864e-03,1.644871346411038923e-02,3.814317938862759050e-01
7.990000000000000000e+02,3.000000000000000000e+00,3.887511047284211013e-03,9.641400379374579985e-03,3.448149600301805145e-02,8.203043085515898669e-01,1.150743870563549062e-03,1.221122056944446213e-02,4.943517147388289644e-03,1.416509713894604540e-02,2.143597817377288633e-02,7.777872711861806565e-02
1.291000000000000000e+03,4.000000000000000000e+00,1.275251887791270800e-01,7.532962292877437571e-02,7.489901191114082223e-03,5.670000241261631893e-03,5.229930317701495524e-01,2.026967531576325324e-02,2.114191890132823270e-01,6.173289852007885457e-03,1.726591183025170256e-02,5.864189078268028030e-03
1.614000000000000000e+03,5.000000000000000000e+00,3.469764607955813478e-03,8.883288223704297742e-03,1.850986928560897221e-02,3.259100671074727923e-03,5.224949558650918494e-03,8.817476178665412112e-01,8.202995344555801677e-03,4.267220526693332738e-02,2.067418821613896743e-02,7.356020958835998887e-03
1.672000000000000000e+03,5.000000000000000000e+00,2.090405247373539055e-02,3.753123678327836745e-03,4.507882222041685767e-03,4.299224065351710949e-02,1.814009699343434312e-02,7.308088466716907705e-01,1.324509191138534443e-02,3.623536687110587989e-02,1.438071680683354961e-02,1.150325817179279758e-01
1.372000000000000000e+03,1.000000000000000000e+00,7.848681986506318405e-04,6.862957942487306617e-01,1.123106384340668285e-01,7.855677401856973885e-02,2.569184393441232075e-02,6.808860785640498750e-03,1.389904388588724012e-02,2.984639466658968454e-02,3.750784540020218188e-02,8.297936427250173289e-03
7.410000000000000000e+02,6.000000000000000000e+00,1.513929952453153469e-02,2.586255467870934681e-03,1.196245176594597052e-02,2.843981076171872395e-03,1.873311729954014668e-02,7.811182151497057802e-03,9.207977838234910894e-01,1.908452145982560393e-03,1.531285402995710004e-02,2.904622715011555105e-03
1.238000000000000000e+03,7.000000000000000000e+00,4.093854540707124977e-03,1.770380190180209645e-02,2.186729587449592893e-02,2.647528445849747086e-02,8.488673288033078690e-03,2.873628923047742006e-02,2.713235269512112753e-03,7.568484223550349110e-01,7.738907834096492300e-02,5.568406474047488119e-02
5.430000000000000000e+02,7.000000000000000000e+00,3.660756204990177863e-03,2.041399926570908879e-02,5.215813113078671993e-03,3.447255758125087471e-02,1.935701375510251107e-02,1.569262890202925698e-02,1.038251409126950001e-03,8.508009109915102286e-01,1.839725860073714025e-02,3.095081017646503230e-02
1.139000000000000000e+03,7.000000000000000000e+00,5.248359187777804774e-03,2.929965994893788533e-02,2.439639429583074365e-02,3.033232141823743663e-02,1.646226604268884869e-02,8.354299149242154499e-02,1.105004676545713431e-02,7.138112693436904355e-01,5.501375884220740392e-02,3.084293266275062867e-02
3.860000000000000000e+02,0.000000000000000000e+00,8.166476153828847728e-01,2.094842518026785935e-03,3.192139901728009710e-02,1.856004479678325866e-02,8.697880993418938972e-03,1.931451499950623957e-02,1.610359487665792566e-02,2.858152743988916569e-03,1.190778757762602641e-02,7.189416709382717707e-02
1.321000000000000000e+03,6.000000000000000000e+00,6.764766188728187774e-03,1.918363292183804247e-02,1.679546473320695649e-02,5.558865156952993644e-03,1.481261002180463311e-02,9.343032755665215544e-03,8.958245887716376199e-01,5.482985873458612845e-03,1.329839238393787024e-02,1.293566119276996773e-02
6.030000000000000000e+02,4.000000000000000000e+00,2.879098737973244740e-02,5.067322885966232815e-02,1.961670954678548448e-02,5.944144003906121250e-03,4.998221559657805568e-01,1.805131594695455824e-02,8.440561023308407185e-02,1.509376054645816811e-01,1.246141342325063350e-01,1.714410836700646507e-02
1.025000000000000000e+03,0.000000000000000000e+00,4.633145208300374907e-01,2.915583529757278646e-03,7.894680758365420215e-02,1.126119812660558578e-01,5.350512006849581642e-03,5.868085089834808310e-02,4.097088141615231466e-02,1.576709925205212887e-02,4.174217596361037841e-02,1.796995872534827288e-01
1.726000000000000000e+03,3.000000000000000000e+00,8.614021831067630863e-03,1.177350471189847758e-01,8.737852820044253455e-02,2.865112089028287179e-01,9.996382371900838087e-03,2.473816335874474276e-02,6.825830649400120229e-03,1.150820889525179663e-01,2.811178633514958558e-01,6.200086526261692349e-02
1.606000000000000000e+03,3.000000000000000000e+00,3.077801250966091459e-03,1.854162843359354051e-01,8.073651119849047098e-02,3.301009082125914706e-01,3.957360115779552656e-03,4.061550660362164833e-02,2.203766529307581937e-03,7.033703661868190293e-02,2.388863311416420387e-01,4.466849399298399026e-02
1.297000000000000000e+03,0.000000000000000000e+00,7.490974173003739356e-01,1.259283085194635131e-02,5.001929188253474018e-03,7.346641110836232662e-03,5.063296282015235933e-02,1.466530403930078018e-02,6.157313041584276669e-02,3.416263757937689285e-03,2.439551728687586185e-02,7.127800322848042158e-02
6.400000000000000000e+01,4.000000000000000000e+00,2.776888289739456658e-02,4.153640798475632945e-02,1.153915434976254600e-03,1.428947010324379662e-03,8.074550139173860552e-01,1.418315828611610083e-02,8.955354563073396335e-02,7.117832129737328671e-03,6.212149648497180578e-03,3.590147060077822621e-03
6.300000000000000000e+01,3.000000000000000000e+00,5.151350328487822733e-03,5.176216239805368768e-02,7.412150199482367419e-02,7.598656426041539014e-01,1.248676344097510897e-03,1.956462731970358762e-02,1.027573380179001503e-03,2.026155669884406596e-02,3.302237637385779800e-02,3.397453255779873948e-02
1.788000000000000000e+03,4.000000000000000000e+00,2.166938964822204619e-02,4.983682081953904469e-02,1.514441388590513768e-03,9.961973062652658504e-04,8.412356041188044919e-01,4.282559666333284575e-03,6.276345910565515884e-02,5.693766785071248740e-03,8.696358308143569207e-03,3.311402853375365347e-03
9.060000000000000000e+02,1.000000000000000000e+00,5.023594028416553982e-03,2.226257921808813267e-01,3.910812710100755041e-01,1.278633423719804929e-02,1.626492014826989851e-02,1.253906713751023194e-01,1.262502794436479447e-01,4.405918222156851062e-03,7.348110730675713742e-02,2.269011204749453794e-02
