observation_id,label,p0,p1,p2,p3,p4,p5,p6,p7,p8,p9
4.300000000000000000e+01,7.000000000000000000e+00,1.257128417070829153e-02,5.990612981590421465e-02,5.530637213866463307e-03,3.326039459648256341e-02,1.484633032028288002e-01,5.221043316361525383e-02,1.139634152785729340e-02,5.318946712519490028e-01,9.459037475856479915e-02,5.017643029822321799e-02
4.650000000000000000e+02,0.000000000000000000e+00,7.498113698677508765e-01,3.863314672707119680e-03,3.494829338066967467e-02,8.605784259041300566e-03,1.079119127986297166e-02,1.375791630787009945e-02,7.945072052824500575e-02,2.227191647126433496e-03,2.624591714148116414e-02,7.029830091524530422e-02
1.369000000000000000e+03,6.000000000000000000e+00,1.273496764534545224e-02,4.594566511631875683e-02,1.385687189564026311e-02,1.500585226212597899e-02,6.296477242447708067e-02,2.745272627536412755e-02,7.139432762551638501e-01,1.498279331917208926e-02,8.133610019031499438e-02,1.177697461607742080e-02
1.395000000000000000e+03,7.000000000000000000e+00,5.222318927609141508e-03,1.147959914577830788e-02,5.929188720836212068e-02,2.008276888087745168e-02,2.329529327028811297e-02,2.179175157333266416e-02,4.856155719733905307e-03,7.503562198099723579e-01,8.625481053808421728e-02,1.736919492596168332e-02
1.410000000000000000e+02,1.000000000000000000e+00,4.197077622462224572e-03,6.350083644461875787e-01,2.238167290712782514e-03,3.618389285895090568e-02,9.059317442073047677e-02,6.756622843270038321e-03,3.369421429363641911e-03,3.122755334257851581e-02,1.120268140967906056e-01,7.839891164895329556e-02
9.340000000000000000e+02,9.000000000000000000e+00,1.100541628392575147e-02,8.105704639667050265e-03,2.815832609038210546e-02,6.677274480614968366e-02,1.118312035822751445e-03,3.154924207917726015e-02,6.069177094759655236e-03,7.785810948345456631e-03,5.914863696158791789e-02,7.802866290601824240e-01
8.310000000000000000e+02,0.000000000000000000e+00,7.842880803411049762e-01,1.727127667243750012e-03,4.559191525094916098e-03,6.175496269716120902e-03,2.500193129437197279e-02,4.970952156881294770e-02,1.922923799992150642e-02,6.917614762146667706e-03,6.463289101306289586e-02,3.775890755852437386e-02
1.327000000000000000e+03,8.000000000000000000e+00,7.902836517634952151e-03,1.851034751544543555e-01,5.738009197602308986e-02,1.330525645988035570e-02,2.649508680011940925e-02,1.388841167561248938e-02,1.074967254779202706e-02,3.196702089879148445e-02,6.301899939537989326e-01,2.301815401589281385e-02
1.714000000000000000e+03,1.000000000000000000e+00,2.362341881476449565e-03,5.322254912728889842e-01,4.910439861499351494e-02,4.266367380160268792e-03,3.192720929575185163e-02,3.708400290746780101e-03,1.427010920440459005e-02,2.227142035994305116e-02,3.345181718864485565e-01,5.346089813185871120e-03
1.220000000000000000e+02,8.000000000000000000e+00,5.574761533632803003e-03,3.486020075903539239e-01,6.420578290496162244e-02,3.268188285852835495e-02,1.624443208815274861e-02,1.180769467357715811e-02,5.578267837416586196e-03,3.404546604030220941e-02,4.675840681319792247e-01,1.367563634109554907e-02
1.310000000000000000e+03,3.000000000000000000e+00,1.164735231523602622e-02,1.747616190651818738e-02,7.756899074594200694e-02,5.418483584583690948e-01,1.619981413925262277e-03,6.947392950347638929e-02,1.798086389795112636e-02,1.115867234720252163e-02,9.631999650039062277e-02,1.549056929109888237e-01
2.490000000000000000e+02,8.000000000000000000e+00,8.623441584990903727e-03,2.753149313912405804e-01,4.665915518190673350e-02,6.524297219080332777e-02,1.081551059862783520e-02,4.139138958522216999e-03,2.556738318326299414e-02,1.330926680141521212e-02,5.338077542209314075e-01,1.652044588829871749e-02
1.516000000000000000e+03,0.000000000000000000e+00,7.779454469171475095e-01,3.726885003162987327e-03,3.771148329573563440e-02,1.119092563540803956e-02,8.745861086045417926e-03,8.761161336913288883e-03,3.885062211227087448e-02,4.622542250315828279e-03,4.002028925078568444e-02,6.842478311221472653e-02
8.100000000000000000e+01,7.000000000000000000e+00,3.923790141681347994e-03,3.155663246242696590e-02,8.314712722515779988e-03,1.238036525953642615e-02,2.931012544118355434e-02,1.641627232823610755e-02,2.201067224169075791e-03,7.924802666557685393e-01,7.965392452075104046e-02,2.376284324373132903e-02
1.218000000000000000e+03,7.000000000000000000e+00,4.630942991441822608e-03,7.617407361469227811e-02,2.238052970170350403e-02,2.010923461341468724e-02,1.619199262681399187e-02,5.081453563329652728e-02,4.004864880221694484e-03,5.598344192095056071e-01,1.678930432006056905e-01,7.796636352830438321e-02
8.480000000000000000e+02,0.000000000000000000e+00,8.739956826860549866e-01,2.728913569231547227e-03,4.731172245138118640e-03,3.085734120114150096e-03,1.920262630736869341e-02,8.564610858380486760e-03,1.962832194610458769e-02,4.550273652799531089e-03,3.846990674855096937e-02,2.504275786625707531e-02
1.153000000000000000e+03,0.000000000000000000e+00,8.222108028300667559e-01,1.826438744974619209e-03,2.144775101500063716e-02,1.009140585377270478e-02,8.307196407183975104e-03,1.786972409979978998e-02,5.223978635705669310e-02,2.194522516508398517e-03,3.134630908387779635e-02,3.246606309175866650e-02
7.900000000000000000e+01,0.000000000000000000e+00,8.825565012772706996e-01,1.340941272034956852e-03,2.455609270601900179e-02,7.052461497965052326e-03,6.893237695113269003e-03,1.207311708422521314e-02,1.811877270897421441e-02,2.563050994817330820e-03,1.935515553907523126e-02,2.549066922450498457e-02
5.040000000000000000e+02,7.000000000000000000e+00,3.081576576156899727e-02,6.777171191087884294e-02,4.896501046565962523e-02,1.758843230003086927e-02,2.751645635275807092e-02,8.770005139648930081e-02,7.539126304447618318e-03,5.039547713879115598e-01,1.178936157051426320e-01,9.025505841511248517e-02
4.910000000000000000e+02,9.000000000000000000e+00,1.077800448584739085e-01,1.985831235084904028e-02,1.090890150595707625e-01,5.318525082832950557e-02,1.500702274298810167e-02,3.796969549494546431e-02,8.259245175652822624e-02,3.229378316875878424e-02,2.237210154582311983e-01,3.185034082813250622e-01
9.000000000000000000e+00,9.000000000000000000e+00,8.068978317471071915e-02,4.147830461101924965e-02,2.408221039454659651e-02,4.883231187925993200e-02,3.023576868303720286e-02,7.811175286666191542e-02,2.478976119423307450e-02,2.881767454414265253e-02,1.405242368337379921e-01,5.024381958186506791e-01
1.151000000000000000e+03,4.000000000000000000e+00,2.199118651028930671e-02,4.507559867867016318e-02,8.884567298602250029e-03,2.720367602506261907e-03,6.160810416654559640e-01,3.228003539336080779e-02,2.048451676896936163e-02,1.302524183891431153e-01,9.742405557737825184e-02,2.480621211562466372e-02
1.194000000000000000e+03,9.000000000000000000e+00,7.037203064036906541e-02,4.567496739856420802e-03,1.157639992239226437e-02,6.618826887159653949e-02,5.088657317315430778e-03,5.313005142145421633e-02,5.347640570562466923e-03,1.778760061014597604e-02,1.437009705143399430e-01,6.222408833919677029e-01
8.330000000000000000e+02,2.000000000000000000e+00,3.168736175120485509e-03,4.923651725227547876e-02,7.612527230761233499e-01,2.440843841932535327e-02,2.362118969280675544e-03,4.248153026092341134e-02,1.921133535163103284e-02,3.816865663865782240e-03,8.708031142568219141e-02,6.981423405772234879e-03
9.120000000000000000e+02,7.000000000000000000e+00,3.257470676186971503e-02,2.143148359060345620e-02,1.873162968203077178e-02,1.211184958344159283e-02,8.590048580679340851e-02,2.689109204658490793e-02,9.741871842840919490e-03,6.375910093043969384e-01,1.189688413386333216e-01,3.605703004280508966e-02
1.530000000000000000e+03,2.000000000000000000e+00,5.445859978463898389e-03,2.225821946808219723e-02,7.628938017897153312e-01,9.613329589421376609e-02,1.297742355756531171e-03,1.795853376403056673e-02,2.635161451815084925e-03,1.598901771445625924e-02,5.902529864095001216e-02,1.636306894251633032e-02
8.980000000000000000e+02,8.000000000000000000e+00,1.577892099318290928e-02,1.697635083978721315e-01,4.050774588020356060e-02,5.425792879258953955e-02,3.713461329953613582e-02,7.870167024179965110e-02,2.467242646909832693e-02,7.749690777174210454e-02,3.215954688622182922e-01,1.800908092917573589e-01
7.910000000000000000e+02,5.000000000000000000e+00,1.116234665213181043e-02,6.557139142219704786e-03,3.897706579034208169e-02,4.898730162434171594e-03,3.222049296133827363e-03,7.678189112268700711e-01,1.413076487682756767e-02,4.954320926241540662e-02,9.082421469351383003e-02,1.286556889711143285e-02
5.980000000000000000e+02,6.000000000000000000e+00,1.053117713110843928e-01,2.128024413129285530e-02,1.708936799377817548e-02,1.012412485815711478e-02,5.258386969797227556e-02,7.135719743402173243e-02,5.028134871540520523e-01,8.120132074126087604e-03,2.035336348548787699e-01,7.786170490636408481e-03
7.550000000000000000e+02,5.000000000000000000e+00,7.898002733229044642e-03,2.217506898413557775e-02,2.630970266273529451e-02,8.636378244681927607e-03,7.147812348315781515e-03,8.097409891404235838e-01,6.777405992800533858e-03,4.002390351058661422e-02,6.106435139406505425e-02,1.022638498902664686e-02
1.733000000000000000e+03,6.000000000000000000e+00,1.713564536194376459e-02,7.228024995522120896e-03,1.174760609360753910e-02,2.663208678615019889e-03,3.270709776008574876e-02,2.649422020277602055e-02,8.205068960551377133e-01,2.231334088730819315e-03,7.653955733879438950e-02,2.746409424786947374e-03
1.010000000000000000e+03,5.000000000000000000e+00,3.901526602191835585e-02,1.759016869674343703e-02,2.447548415549319345e-02,8.585698794876894802e-02,4.827537475759239964e-03,2.937397145928395403e-01,3.428678814090716648e-02,5.365781481052132179e-03,6.028838653553978549e-02,4.345538849509780754e-01
3.340000000000000000e+02,0.000000000000000000e+00,8.318042997431216445e-01,2.423791801702800293e-03,6.055094123209522027e-03,7.011364803299451227e-03,1.268391812893943094e-02,2.156768337773520838e-02,3.584936525959753206e-02,4.684414214239775685e-03,4.243967230035732702e-02,3.548039624779724538e-02
8.930000000000000000e+02,5.000000000000000000e+00,2.999167617195320091e-03,6.178176485659030159e-02,3.831487406146882879e-02,5.902082106300270831e-02,4.870877810014689023e-03,6.918220750239675310e-01,2.322832385327502913e-03,3.786922695315544929e-02,8.257336386682326279e-02,1.842499636245429478e-02
1.616000000000000000e+03,9.000000000000000000e+00,2.453812837518870235e-02,3.180776982184733981e-02,2.940189353334009964e-02,9.390990738815367667e-02,2.697648041392030401e-03,6.845651726743011596e-03,8.897544881295484792e-03,5.361779448046415618e-03,5.599198015578291110e-02,7.405476966282101836e-01
8.150000000000000000e+02,9.000000000000000000e+00,5.333347474788977666e-02,7.168832750056705096e-03,6.232522823414308848e-03,5.145442326719842918e-02,2.223182187201210892e-03,4.270224299814471408e-02,2.943030932980141186e-03,6.419089398524917278e-03,1.368481487263718266e-01,6.906750521682178956e-01
1.033000000000000000e+03,4.000000000000000000e+00,1.755711703020780903e-02,6.267173591625525841e-02,2.153465970499721192e-03,3.136728498083457377e-03,6.580479195738296871e-01,4.477740985309559135e-02,1.721840874775258309e-02,4.667520455130066276e-02,8.128039436610036417e-02,6.648161549287509575e-02
1.718000000000000000e+03,2.000000000000000000e+00,1.200058140324288588e-03,2.433013259201104866e-02,8.891356981587134056e-01,2.191115261416100302e-02,8.227720409763125556e-04,1.672513233624600693e-02,8.161781755667899679e-03,1.968705259780388888e-03,3.223909929251059930e-02,3.505467809609012168e-03
1.479000000000000000e+03,4.000000000000000000e+00,1.358717955874776291e-02,1.666656822095792176e-02,8.175494185540704492e-03,1.573470058296272530e-03,8.157011506769979992e-01,1.902816340733616204e-02,6.308450973170651177e-02,2.871377568230345373e-02,3.131930291532983301e-02,2.150385562783289038e-03
4.050000000000000000e+02,9.000000000000000000e+00,5.421543761332110745e-02,2.995090872232034074e-02,5.642479640142261665e-02,9.361939646908562507e-02,4.675018877078909903e-03,1.693862382902144512e-02,2.857758064632665365e-02,1.288367221313470659e-02,1.604250636967438914e-01,5.422895015315446487e-01
1.750000000000000000e+02,3.000000000000000000e+00,4.277027754202212921e-03,2.547276199509288658e-02,4.529580295118298960e-02,7.004924376155821086e-01,1.709506473932884216e-03,2.933136081885032512e-02,1.352543521020910765e-03,4.116117161101565808e-02,1.064883364866571758e-01,4.441905077246278283e-02
1.410000000000000000e+03,8.000000000000000000e+00,2.956053281874169991e-02,7.007470915673782996e-02,7.946100512763625001e-02,9.214342418474049182e-03,2.133512604539648805e-02,4.215249628555882422e-02,1.382357761894261947e-02,3.209803676672128708e-02,6.831700176057501350e-01,1.911015615604060719e-02
3.890000000000000000e+02,3.000000000000000000e+00,1.992094327470137968e-02,1.795659640255637540e-02,3.098974984080959255e-02,5.102902494806081934e-01,1.897385015110753274e-03,3.538203495744777355e-02,3.300918996827205323e-03,4.344836963814917991e-02,1.647637687558372865e-01,1.720499836379523750e-01
1.105000000000000000e+03,0.000000000000000000e+00,8.864132265429207624e-01,1.184265825045856388e-03,1.328172621112068755e-02,6.337298475830161620e-03,6.682849119976876778e-03,5.736811408912207561e-03,3.827126161550678529e-02,2.356322629091767065e-03,1.832547428460194056e-02,2.141076388699307206e-02
1.685000000000000000e+03,8.000000000000000000e+00,7.753730685933840454e-03,5.358045741691620095e-02,3.987280347576559192e-02,1.890262301976401715e-02,1.844582089165111918e-02,3.410311054516036722e-02,9.047992287150852936e-03,8.855100077310858533e-03,7.948883423264283543e-01,1.455001927391884678e-02
1.308000000000000000e+03,1.000000000000000000e+00,4.004299608195999866e-02,2.564578961765667242e-01,3.236997680487002389e-03,6.909313697519700592e-02,5.233122249245624608e-02,1.485045598378640502e-02,1.220068296503755943e-02,3.015230548619428699e-02,9.846847670880466696e-02,4.231658294495102002e-01
4.850000000000000000e+02,1.000000000000000000e+00,2.384066399467340072e-03,6.879230326762845182e-01,1.109285911305297155e-02,2.914757378332052257e-02,2.776448953761474076e-02,3.313439094491898995e-02,1.195402099631086464e-02,6.000597769662031032e-03,1.327918542714566219e-01,5.780711450791142098e-02
1.475000000000000000e+03,3.000000000000000000e+00,9.488429533691781353e-03,1.512365073565743318e-02,1.930616567703290487e-01,5.988152710135777879e-01,1.515198207759829458e-03,1.754261857687940476e-02,2.764319118635134159e-02,9.579090958070959547e-03,5.601950532893149731e-02,7.121138768875093228e-02
1.468000000000000000e+03,8.000000000000000000e+00,3.291634008061764677e-02,1.749301879926787318e-01,1.081288019229986914e-02,5.423895627982378009e-02,1.191903113476919379e-01,1.179908111864195197e-01,6.290759635654341597e-02,4.348666399536123967e-02,1.792825387264537773e-01,2.042437138421101250e-01
1.543000000000000000e+03,9.000000000000000000e+00,2.027183222335852686e-01,9.611679331279212105e-03,3.454337822252059181e-02,1.499099688006202413e-01,3.135206850343247396e-03,5.933311417091129830e-02,2.067856840217611493e-03,2.462829791819211994e-02,1.272155057330374150e-01,3.868366698992929398e-01
4.360000000000000000e+02,2.000000000000000000e+00,3.434796509070725621e-03,8.714860221015041652e-02,7.341149255596033374e-01,7.673773583728010772e-02,4.375476844613127372e-03,2.520579900996462036e-02,1.379054192901527261e-02,6.038126976781472977e-03,3.630908669688132778e-02,1.284490842663954524e-02
5.690000000000000000e+02,8.000000000000000000e+00,1.549941348849656793e-02,8.868625040795280468e-02,7.834137055502336799e-02,2.917067726224503374e-02,3.335045410296734458e-02,7.469656965611470856e-03,1.692808967443783230e-01,5.323414200853585770e-02,4.718718029066530928e-01,5.309533555813605865e-02
1.720000000000000000e+02,1.000000000000000000e+00,3.616098546914966322e-03,5.679949587253649845e-01,2.670030133585331918e-03,8.202897535221642666e-02,4.637402604263168165e-02,7.540513902452600052e-03,4.061038349101764311e-03,2.460445523558887557e-02,8.376541369700454820e-02,1.773444900151388559e-01
1.566000000000000000e+03,3.000000000000000000e+00,3.909760602963871512e-03,4.473915447123238964e-02,4.914393840201214392e-02,5.738555400355549452e-01,1.420425276201493000e-03,4.160287954045475273e-02,1.135353463608814936e-03,1.071281123388860383e-02,1.958829209656853532e-01,7.759721600839762645e-02
2.480000000000000000e+02,8.000000000000000000e+00,1.249811003875157291e-02,1.625624293539942589e-01,6.204926464065868563e-02,2.679764891857493864e-02,2.330576085584824819e-02,5.202710644037432039e-03,1.907485971285449375e-02,2.387870113052344839e-02,6.378665151141801326e-01,2.676399959057686184e-02
1.472000000000000000e+03,2.000000000000000000e+00,2.177047748483729953e-03,4.140106145569469320e-02,7.710159034304624459e-01,6.842270086672562479e-02,2.266208632702095601e-03,3.519531367363708252e-02,1.086232781375859324e-02,6.713930345311989838e-03,5.546547185516399747e-02,6.480034178059627774e-03
9.700000000000000000e+01,4.000000000000000000e+00,8.243422611638889091e-03,1.395987181867831828e-01,2.078109792503190535e-03,2.834878143789475863e-03,7.204956698659792380e-01,1.516285014822483027e-02,5.888578652050509288e-02,1.210960588863147988e-02,2.794072450704604763e-02,1.265023433489839526e-02
1.469000000000000000e+03,2.000000000000000000e+00,2.424737750762219913e-03,2.231944806797823283e-02,8.410384085756498207e-01,5.087925640699458157e-02,1.523865501875407884e-03,3.535583546639658320e-02,5.860763362717911866e-03,4.768986215534606887e-03,3.035025499810526523e-02,5.478443653985431289e-03
1.769000000000000000e+03,5.000000000000000000e+00,2.514226708495280460e-02,3.963825452986301928e-03,6.247322246339398130e-03,3.652960369978118516e-02,1.136062704518286080e-02,6.831022481214474862e-01,1.690543137565951592e-02,7.691321955940814449e-03,4.111485537921899525e-02,1.679424976384905899e-01
1.063000000000000000e+03,6.000000000000000000e+00,3.624901842737263038e-03,3.905825785517495763e-02,1.063988089284846790e-02,3.629841680854572344e-03,2.849242119577164237e-02,4.828037325474115841e-03,8.828795063571153179e-01,3.307683652178246801e-03,2.118937839189393574e-02,2.350090805951520791e-03
1.210000000000000000e+03,8.000000000000000000e+00,2.242247350713042625e-02,4.040540193830070154e-02,1.377423756714947212e-01,2.344921732858316205e-02,1.790115821330043669e-02,1.620063894796825998e-01,1.324009217453201055e-02,2.084278041932828007e-01,3.400676722397990570e-01,3.433741525389417959e-02
1.529000000000000000e+03,8.000000000000000000e+00,2.575294704045451646e-02,6.077396707391458791e-02,1.707426355590770800e-02,6.570729772038209904e-02,4.708618858634386339e-02,2.846240428988189852e-01,4.320632312283945869e-02,7.754379423303704721e-02,2.138120526964534807e-01,1.644191230718482222e-01
1.382000000000000000e+03,6.000000000000000000e+00,5.278850837701536472e-03,1.096021021131366319e-01,2.272492313584768484e-02,1.366951037317763046e-02,2.772894038070107883e-02,9.681949725301394055e-03,7.231746285960335419e-01,9.754833020732392446e-03,6.487111746780843680e-02,1.351314434955963768e-02
5.350000000000000000e+02,9.000000000000000000e+00,1.566696623480381412e-01,8.594756686278737234e-03,1.738396350001819926e-02,3.921788235556254026e-02,6.329128483213470810e-03,6.353637316758953268e-02,2.727337244168631311e-02,2.991390650382191180e-02,2.830318340641385100e-01,3.680491204496526558e-01
1.640000000000000000e+03,1.000000000000000000e+00,5.781603939154049410e-04,7.074256250108561517e-01,7.904442210885870290e-02,2.415874762193669784e-02,5.826073836008959644e-02,9.180956644214000387e-03,9.193567593573927568e-03,5.432093357554342028e-02,5.294965277982963819e-02,4.887195911182489264e-03
3.450000000000000000e+02,3.000000000000000000e+00,3.321407845988519000e-03,1.241629760570219822e-02,2.699432318903449007e-02,7.399721435178757689e-01,6.202374190880687640e-04,2.449241709523954091e-02,1.749322744495268589e-03,2.090511239346396280e-02,9.399233152683825199e-02,7.553640666227399991e-02
1.074000000000000000e+03,3.000000000000000000e+00,1.954782019596229201e-02,9.739011027180133687e-03,4.899797571517056777e-02,5.655007040993257350e-01,1.797288809624732892e-03,4.277010053043155124e-02,2.184916865682835167e-03,2.990570834185829474e-02,9.263433427856897218e-02,1.869221401361949586e-01
1.040000000000000000e+03,1.000000000000000000e+00,2.118035890895139228e-03,6.168751851262677111e-01,5.533013696338382609e-02,1.056160469609253132e-02,5.244607332212347650e-02,9.991578526192333720e-03,2.329201535023833758e-02,2.815055108809613738e-02,1.915026545675118375e-01,9.732164469198775064e-03
1.586000000000000000e+03,7.000000000000000000e+00,3.435180188760480254e-03,1.173706624291050854e-02,1.984423351715893999e-02,1.683662424998456225e-02,1.807503166709258091e-02,6.631612935600510531e-03,5.138516984035647328e-03,8.253958701593591130e-01,8.425072044544182348e-02,8.655143609655802095e-03
1.660000000000000000e+02,0.000000000000000000e+00,8.852659886252935983e-01,8.951706441482725190e-04,5.531530531150930310e-03,3.355520362307774784e-03,1.880012784551274296e-02,1.472272943193315108e-02,1.344279256769323125e-02,5.017902801424718555e-03,3.023857643249902583e-02,2.272966075803662181e-02
7.920000000000000000e+02,6.000000000000000000e+00,2.460632173382952814e-01,1.241143821056355824e-02,7.220813183483727749e-03,7.380285618536183527e-03,1.380836636823158659e-01,1.619945929769957826e-01,1.288747415417759168e-01,5.122431275990993287e-03,1.668716917633740193e-01,1.259771244086687059e-01
4.100000000000000000e+02,4.000000000000000000e+00,5.332524522139682997e-03,2.016646073170036413e-01,3.111636743315663017e-03,3.789680579733504823e-03,6.909049916765779287e-01,3.269126112155440987e-03,1.988047727872586934e-02,1.857533774269645374e-02,4.936278329584886659e-02,4.108834731803162783e-03
1.600000000000000000e+03,2.000000000000000000e+00,7.930023330684571325e-03,1.978249256423236097e-02,6.757883298070579414e-01,6.029688601927702535e-02,1.525997756828595311e-03,1.692661581926931808e-02,2.867907918094919628e-02,7.121424504659899270e-03,1.735227926889288674e-01,8.426358328112370719e-03
9.210000000000000000e+02,6.000000000000000000e+00,9.087217957532472967e-02,5.919867754996960447e-03,2.848192993514031546e-02,4.276466337932509701e-03,7.636149580634288281e-02,2.169520684516414166e-02,7.018049661444204501e-01,3.227187427983634494e-03,6.344942500816756759e-02,3.911275164526887421e-03
8.290000000000000000e+02,8.000000000000000000e+00,4.454193485284672210e-02,9.365750710551451474e-02,1.749520269913103568e-02,4.914789569814868170e-02,6.026328618849376845e-02,9.610692867781484017e-02,5.670807547112298452e-02,4.212608663463884157e-02,3.332928296871324747e-01,2.066602529851561398e-01
9.260000000000000000e+02,1.000000000000000000e+00,4.885848832264830764e-03,3.186498582748689690e-01,1.983018422529120028e-01,4.673115746227035280e-03,3.748522891038282706e-02,1.969274877922407296e-01,1.045512768723678848e-01,2.693651023030993377e-03,1.141536378626216708e-01,1.767805243308303437e-02
1.048000000000000000e+03,9.000000000000000000e+00,1.395326844426342770e-02,2.146423533715369203e-02,1.654523866217446140e-02,9.448249406039559151e-02,9.714122903778770954e-03,9.758175814442240914e-02,3.859932864893967502e-02,2.581284182043348113e-02,1.540198009039556171e-01,5.278269110744827630e-01
8.180000000000000000e+02,1.000000000000000000e+00,1.047600661811625734e-02,2.772876186052355418e-01,3.846944329812611307e-02,4.299695121548548216e-03,6.283203029035673570e-02,1.256782326945510460e-02,3.600575668682538116e-02,1.388395997717509385e-02,5.343607268748286065e-01,9.816939258332640222e-03
1.035000000000000000e+03,6.000000000000000000e+00,2.492660710526353393e-02,2.486464002367479338e-03,1.730777972824562236e-02,3.149987252521241256e-03,1.763404303766456446e-02,2.032317147361858631e-02,8.423284537897988145e-01,2.580413485651995766e-03,6.440010163518418429e-02,4.862978489684081050e-03
9.990000000000000000e+02,3.000000000000000000e+00,1.365267575357617148e-02,1.637302540698079220e-02,5.726227128997832261e-02,5.786357698939600391e-01,3.598210726125634570e-03,2.753076841904669378e-02,1.854363244635189034e-02,2.123415292716228364e-02,1.616566649193454386e-01,1.015128282174726504e-01
5.160000000000000000e+02,0.000000000000000000e+00,8.111628158506052344e-01,1.685866375559591729e-03,9.555916743398213883e-03,1.260543857853127156e-02,1.109025084356863450e-02,1.717589581947590038e-02,1.132584019545622087e-02,5.389303279638055569e-03,4.313754312714729311e-02,7.687112918661942462e-02
1.059000000000000000e+03,0.000000000000000000e+00,8.392232275397040198e-01,1.222077206251796257e-03,2.176515064376458378e-02,1.024586511656961837e-02,6.006610103677261121e-03,1.201939153368369005e-02,3.077185287180321180e-02,3.619256335996631074e-03,4.154604758668421077e-02,3.358052106186484864e-02
4.700000000000000000e+01,1.000000000000000000e+00,2.527794499275017037e-03,8.069999834051171383e-01,7.402300296928575156e-03,2.604346389722157415e-02,4.381807890738442790e-02,1.334543749974975192e-02,3.038463413609577505e-03,8.679656570342877964e-03,5.822079107011744747e-02,2.992403044025357742e-02
4.670000000000000000e+02,7.000000000000000000e+00,1.244726013200153913e-01,3.833096721148544078e-02,7.617299360076878155e-03,1.206567873453595445e-02,1.794354370916040609e-01,2.436811983078346899e-01,1.320318506379156501e-02,2.887577283471576273e-01,2.519814760330454234e-02,6.723775696019376746e-02
7.370000000000000000e+02,3.000000000000000000e+00,1.529149896702481151e-02,5.723151766670612345e-02,6.934822362870683710e-02,3.462577144494664583e-01,3.447810190547281189e-02,1.562061529263421567e-01,4.774984165701622041e-02,8.388297718587599261e-02,1.345848672103636956e-01,5.496910440302492373e-02
2.070000000000000000e+02,2.000000000000000000e+00,5.907412883291580409e-03,1.148934811097112596e-01,6.565442280655672258e-01,4.372957194051997620e-02,6.287129990239743310e-03,3.081080836891655905e-02,1.800150424770917412e-02,1.941370563463556964e-02,9.315204770339867435e-02,1.126011005601012041e-02
1.003000000000000000e+03,5.000000000000000000e+00,1.425161162807847375e-02,1.365164256766327432e-02,1.366108420703047305e-02,5.789266721934709786e-02,4.265464900943452715e-03,7.623808674370965432e-01,3.943479874019897857e-03,6.301856285575931603e-03,5.300098407608097584e-02,7.065034180416369936e-02
5.740000000000000000e+02,6.000000000000000000e+00,1.342440521272184051e-01,5.129444983119336304e-02,6.763199279771171801e-02,1.318808341691935469e-02,8.279974369751533225e-02,1.345853608281638858e-01,2.873384493605527501e-01,7.175707206263628492e-03,2.148812444773528507e-01,6.860916257108684926e-03
4.870000000000000000e+02,0.000000000000000000e+00,8.101839993984879529e-01,5.467715352525074832e-03,2.256818398927810942e-02,1.050996828165288305e-02,3.549039851583551952e-02,1.490213444368789809e-02,3.025756707920628646e-02,4.343178900788278660e-03,2.367704492397898833e-02,4.259980911455912844e-02
5.810000000000000000e+02,6.000000000000000000e+00,1.105824700913833475e-01,1.123291434338903085e-02,2.440923594578906994e-02,1.067899199159041621e-02,4.115530161150278421e-02,6.819532635847314062e-02,5.612821946924866356e-01,5.725405202983103667e-03,1.593146136511200128e-01,7.423546111282495856e-03
1.749000000000000000e+03,6.000000000000000000e+00,3.313079865256832873e-02,2.600148650003668641e-02,2.985313927721084878e-02,1.082134215300735577e-03,5.254084805049755169e-02,1.962561563718506416e-02,7.528841978436651150e-01,1.055378129852223420e-03,8.210718754403960318e-02,1.719214149643838929e-03
1.129000000000000000e+03,5.000000000000000000e+00,4.440937438747916306e-03,7.001594783890108947e-03,7.420556147499603704e-03,1.372798732903940735e-02,1.199142371062971411e-02,8.516538871212258055e-01,1.461607848690032845e-02,6.620526651561436590e-03,7.344854779090169428e-02,9.078460539603946597e-03
1.422000000000000000e+03,7.000000000000000000e+00,1.163308638020170774e-02,2.419737302952548047e-02,8.552604447455688930e-03,1.376731419002322557e-02,6.515640981957129818e-02,3.754283817708769372e-02,9.186803070313488001e-03,7.232175580985480412e-01,8.348519607663021369e-02,2.326081671064312781e-02
1.683000000000000000e+03,6.000000000000000000e+00,5.053730410370987913e-02,7.133993770355968184e-03,1.217031399428255764e-02,4.676670779559286874e-03,5.488205187030078397e-02,4.773921426859730616e-02,7.496823983848246442e-01,4.171909283043864075e-03,6.230810182397701624e-02,6.698041721348676168e-03
1.131000000000000000e+03,6.000000000000000000e+00,6.644380294673178644e-02,6.492279357853412980e-02,6.330173564810512299e-02,2.205995578699400123e-03,4.767884511312280721e-02,3.735450553384205008e-02,5.975779620651148205e-01,2.040866703344833017e-03,1.152050695819730186e-01,3.268423250532124028e-03
1.950000000000000000e+02,6.000000000000000000e+00,7.509984236051355476e-03,3.978626657140483386e-02,8.757049909617892550e-03,1.703839517101925476e-03,4.928471752225512675e-02,8.417350331992095799e-03,8.152109583455537933e-01,2.399847408947439805e-03,6.549270824882014175e-02,1.437277908255279405e-03
1.250000000000000000e+02,9.000000000000000000e+00,2.485632615893314246e-02,4.075213877215755343e-02,7.994371758010146434e-02,1.443378007088875203e-01,1.219278000390733134e-02,1.065649842641094025e-01,3.335806571614673317e-03,2.041887831204165088e-02,2.271073414796807022e-01,3.404902261485665549e-01
6.430000000000000000e+02,8.000000000000000000e+00,2.891540704734986682e-03,2.853700891646058224e-01,3.159685047441712635e-02,2.576304009265146730e-02,1.039712950488248973e-02,4.389958854361180121e-03,5.975380764224911406e-02,1.614470196498090857e-02,5.434286627036946093e-01,2.026421889342219784e-02
7.850000000000000000e+02,9.000000000000000000e+00,2.606858829441352152e-02,1.217999093571939945e-02,2.521259022314781967e-02,5.888709624124904840e-02,1.472060726530611142e-03,2.181233960630883997e-02,7.080076295660823332e-03,4.381804874024623070e-03,4.726888207922284174e-02,7.956365707237224028e-01
1.592000000000000000e+03,0.000000000000000000e+00,5.815014120396297947e-01,1.319978290337451426e-02,1.170663179752014227e-02,3.878301477505918804e-02,3.828335790137850358e-02,5.710694903996568761e-02,2.908091221235417634e-02,1.826230004174447807e-02,1.395730223448282403e-01,7.250261694414529556e-02
6.100000000000000000e+01,7.000000000000000000e+00,1.966661745602651945e-02,1.255365859576947074e-02,2.362445046848730620e-02,2.217381312630710768e-02,9.328253383749487981e-02,7.473250799607988187e-03,5.389640891498404841e-03,7.271622802566891641e-01,7.671675534464121593e-02,1.195699922347806879e-02
3.530000000000000000e+02,4.000000000000000000e+00,3.288653499253260670e-02,1.161767397847795515e-02,1.840962282178009281e-03,3.005260531303444865e-04,8.928279038252886490e-01,4.289753708445867390e-03,4.167662242263620725e-02,5.269952181364327692e-03,7.826987956333198923e-03,1.463082599612820865e-03
1.453000000000000000e+03,8.000000000000000000e+00,3.400139476662648180e-02,2.447168501232933543e-02,2.203908159199888944e-02,3.075737587138157453e-02,1.334855297788475025e-02,4.486910412470870857e-02,2.632136598600926664e-02,2.580955575621967160e-02,6.189059525837199427e-01,1.594759313291214675e-01
1.554000000000000000e+03,9.000000000000000000e+00,2.114526715795781581e-02,1.364139656358306640e-01,1.383931675431264224e-03,1.360926638159121876e-02,5.186938705866597082e-02,6.100453633155359517e-02,6.304792759048809953e-03,2.727863974115814563e-02,1.002084964953187662e-01,5.807817167634437006e-01
5.090000000000000000e+02,8.000000000000000000e+00,1.413723903483613160e-02,3.393480548930641327e-02,2.147176964825613793e-02,1.115830239568861397e-02,1.393835999032041681e-02,2.519239841797441329e-02,6.106925052641211729e-03,4.293992042113529972e-02,8.047647180522161658e-01,2.635556149762500674e-02
2.790000000000000000e+02,3.000000000000000000e+00,5.986825511609056641e-03,2.078980982034309838e-02,4.012022521621087801e-02,6.625784176954669924e-01,1.468687026972694031e-03,5.108040026834705788e-02,5.815464279834027701e-03,1.264548483940281659e-02,7.657651534365646218e-02,1.229381699981568488e-01
2.700000000000000000e+02,4.000000000000000000e+00,7.065559336009466680e-03,3.415199364833567536e-02,2.140837954252680815e-03,6.354629413389197316e-04,8.401803363336353137e-01,2.435658621080563635e-02,3.974573451021341797e-02,2.478841616558261074e-02,2.162915411033012811e-02,5.305918789496277994e-03
1.236000000000000000e+03,0.000000000000000000e+00,6.743108191653636174e-01,2.332493481241211530e-03,1.085127947657498100e-02,2.256782736074908896e-02,2.311875726307437151e-02,8.857553154369579573e-02,9.179132905762580827e-03,1.874832669270794921e-02,7.025555862645997685e-02,8.006027348437037838e-02
1.100000000000000000e+02,4.000000000000000000e+00,2.272664782464234659e-02,2.312244119837435219e-02,1.096067716066264838e-02,6.164127792518997624e-03,5.290493612755875485e-01,1.847531993239938941e-01,8.420549346839499572e-02,9.164479986336537820e-02,3.305287078860898869e-02,1.432038130385085081e-02
1.338000000000000000e+03,2.000000000000000000e+00,1.434337634779539183e-01,2.163216705545645963e-02,2.362119440825013184e-01,1.924595938769740888e-01,1.140812950949096106e-02,5.692479966796858137e-02,8.124527142606851118e-03,5.030450528454957770e-02,5.206050303888413999e-02,2.274400668636141765e-01
1.530000000000000000e+02,3.000000000000000000e+00,1.220572241884353669e-02,3.363833158089989811e-02,4.792233050885879447e-02,5.133915369483181834e-01,1.024375594312730391e-02,3.684448464920825339e-02,1.513469833585743760e-03,1.129631284131954877e-01,1.484989397221807006e-01,8.277829998178208581e-02
1.031000000000000000e+03,2.000000000000000000e+00,2.129884487001052623e-03,1.733475938341315012e-02,8.887901289806858784e-01,1.284220163482993789e-02,6.116923811463179008e-04,1.632608444642814904e-02,1.368871098884535432e-02,1.384547443848576026e-03,4.029641464420464364e-02,6.595575609596966010e-03
6.550000000000000000e+02,9.000000000000000000e+00,2.112190281184732343e-02,1.162244984866185743e-01,1.737304270788508648e-03,1.792257027984647116e-02,9.454297903981492834e-02,8.100390280635204332e-02,5.678550695469635964e-03,4.805745507861329535e-02,1.226717513924292513e-01,4.910390851382199773e-01
1.397000000000000000e+03,4.000000000000000000e+00,2.600234241352607223e-02,4.606016755730081569e-02,2.191470384607575005e-03,3.646639287324914859e-03,6.659465659601045973e-01,1.406153699212328058e-02,2.045676313385088596e-01,5.046282487433567492e-03,2.891397849584510446e-02,3.563385083225323411e-03
4.200000000000000000e+01,1.000000000000000000e+00,2.850527981633630987e-03,7.390491968943806445e-01,5.341120514740026193e-03,3.435364034770851255e-02,6.524401045396753529e-02,8.476482051833629863e-03,4.301584302909655481e-03,9.332985003930762205e-03,9.299511208803308560e-02,3.805534036086220123e-02
5.170000000000000000e+02,1.000000000000000000e+00,1.298918785159378303e-03,5.289147904076348938e-01,1.973230856490558460e-01,6.403722494812789934e-02,8.670360663425386027e-03,1.705080676409801918e-02,9.340940425949484371e-02,2.533561713094803405e-03,7.581283115499530545e-02,1.094901565491353604e-02
1.324000000000000000e+03,9.000000000000000000e+00,7.990095858744933333e-02,2.086111767153410110e-02,2.237188614064990894e-02,5.189847136803794198e-02,4.900457377697685184e-03,2.159929726586884771e-02,7.688925696949136523e-03,9.316407269370736294e-03,1.269186440846217789e-01,6.545438345378203904e-01
6.980000000000000000e+02,7.000000000000000000e+00,5.090748888120998593e-03,1.778452293757386976e-02,3.958267403979429458e-03,1.082953609519512160e-02,4.024484473673616697e-02,9.072845706461050638e-03,2.041708351484634951e-03,8.320410873615716740e-01,6.292384095073043360e-02,1.601259756814671018e-02
7.190000000000000000e+02,9.000000000000000000e+00,1.218051418530135058e-02,3.202895803696833577e-01,2.805428170552846587e-03,1.391060359558492221e-02,9.251244354534686465e-02,4.225276525833118052e-02,1.241580137040094491e-02,4.377620296740573208e-02,2.069351326740975772e-01,2.529215278632952479e-01
1.564000000000000000e+03,1.000000000000000000e+00,1.204768169169191661e-02,2.806376152223138409e-01,3.896988894710837203e-02,3.207737991872650855e-03,1.450525378926361686e-01,7.911744418294981707e-02,9.053165104712783406e-02,4.353318270447028432e-02,2.980494167379624249e-01,8.852843581866685907e-03
5.150000000000000000e+02,8.000000000000000000e+00,1.979714214032705227e-02,2.194419840104240224e-02,3.032770799457258984e-02,4.482178681206722831e-02,6.638628068810116176e-03,3.470280973301591299e-02,1.123608668622477075e-02,5.330562770754886104e-02,6.933078119080238189e-01,8.391820054836740539e-02
2.400000000000000000e+01,4.000000000000000000e+00,2.072188849844577851e-02,1.765829738150966333e-01,3.219918251970452314e-03,8.306112163104270585e-03,5.944370855972128664e-01,1.095204165282599208e-02,7.768695002594967758e-02,1.925931919046483184e-02,5.576511258119143388e-02,3.306859822373808822e-02
1.331000000000000000e+03,7.000000000000000000e+00,5.969938030102576836e-03,1.950880411667161793e-02,6.807141121473953005e-02,8.485601775980594619e-02,1.092909064457592630e-02,2.705011793081359139e-02,1.976959519787023674e-03,6.550502816095988834e-01,6.637207221830278281e-02,6.021530695560207286e-02
1.232000000000000000e+03,2.000000000000000000e+00,1.838967767696106067e-03,1.187931960610995492e-02,8.008881759433741365e-01,6.386650830299188397e-02,4.914696034407346845e-04,4.998589887846478091e-03,2.697366160978350528e-03,2.212392695210925117e-02,7.920913151147736253e-02,1.200654426397586988e-02
6.790000000000000000e+02,5.000000000000000000e+00,3.233200020416261439e-03,8.376116212177224865e-03,9.225448082601547806e-03,3.452126798791023150e-03,1.250149089489180354e-02,8.437695045388248216e-01,9.310551542253627660e-03,7.103731835693215257e-02,3.538736162829345805e-02,3.706881924818067591e-03
5.440000000000000000e+02,8.000000000000000000e+00,6.736062844129682946e-03,5.373616295942200416e-02,4.670714797400983553e-02,2.601047857152064338e-02,3.374271913685016402e-03,6.032952701861477203e-03,3.762721135776886383e-02,1.003450264181782528e-02,7.812939359188169064e-01,2.844727311696789232e-02
1.219000000000000000e+03,3.000000000000000000e+00,1.516718716697703674e-02,8.843239707050734935e-03,6.587025709497500159e-02,5.939403212205121019e-01,1.359108747422644974e-03,4.576208073446506180e-02,1.316534290341815107e-03,4.362627177345422547e-02,1.731428579495233322e-01,5.097214131527792735e-02
1.760000000000000000e+03,1.000000000000000000e+00,3.447511265078770024e-03,5.324269220466041341e-01,3.973900965176186545e-02,3.456969595854389107e-03,7.238903034519816870e-02,1.124504011542326251e-02,6.854313177356902154e-02,1.425696788569407944e-02,2.510321728793577511e-01,3.463244441458536698e-03
2.390000000000000000e+02,4.000000000000000000e+00,1.125139651884504320e-03,4.192954215907375159e-01,3.243763145944157135e-03,5.306487254971897251e-03,4.361200332416071412e-01,4.922020447237464118e-03,2.854979928727935726e-02,3.101240103810647131e-02,6.794293134468891437e-02,2.482002997542718213e-03
1.636000000000000000e+03,6.000000000000000000e+00,8.610934809805232196e-03,3.111581002493724393e-02,1.691835847093746750e-02,2.713894140339677061e-03,5.148513687367400893e-02,6.059083081407254899e-03,8.557706255261909867e-01,5.056813023148893672e-03,1.904354560353275702e-02,3.225798446026461631e-03
9.900000000000000000e+01,1.000000000000000000e+00,3.112855227478105238e-03,6.187067965907466771e-01,3.199776298393278151e-02,3.642636390025009996e-03,1.432162738239646793e-01,1.701136517097397161e-02,5.086432000168078504e-02,2.059136979151508784e-02,1.084621613741489909e-01,2.394458645533951296e-03
1.362000000000000000e+03,2.000000000000000000e+00,3.977003485136976386e-03,1.696797420555278685e-02,8.559168961847846147e-01,6.361117921288500510e-02,1.327299205062279974e-03,1.563034320288496717e-02,2.129986718821795001e-03,8.809611958928310199e-03,2.067090332416171572e-02,1.095880250178168924e-02
1.195000000000000000e+03,8.000000000000000000e+00,1.781593770712408195e-02,3.491101354142666507e-02,5.067092425933179128e-02,3.907333521310701191e-02,1.658031757898358743e-02,2.193779805060207255e-01,1.142603202370025099e-02,4.680493154109176962e-02,5.282767822268572555e-01,3.506274540235691101e-02
2.830000000000000000e+02,7.000000000000000000e+00,3.835200084250063937e-03,2.416487428943360147e-03,4.005811814896962156e-03,3.958929674994125618e-03,1.456048903246656527e-02,4.378344539907000343e-03,2.547081829722041158e-03,9.467127692317089949e-01,1.556671272601828533e-02,2.018173637092460660e-03
1.350000000000000000e+02,5.000000000000000000e+00,7.435871353708313654e-03,9.436783273783553791e-03,5.827029019877105059e-02,6.438258505328169588e-03,6.029649163308742170e-03,7.806206534647773809e-01,6.276140873510134381e-03,3.985413125822066110e-02,7.903985278147208915e-02,6.598369127120225566e-03
8.590000000000000000e+02,3.000000000000000000e+00,5.436228850672815589e-03,1.907559448063954333e-02,4.394988944932546465e-02,7.642181339608425938e-01,1.086627142936497006e-03,2.141599991095112163e-02,4.525134934399650637e-03,1.697858121155479405e-02,7.155797302927648096e-02,5.175583702940085573e-02
1.890000000000000000e+02,3.000000000000000000e+00,1.318243885067148929e-02,6.882803297453848716e-03,4.041903950107673948e-02,7.250988533137842085e-01,1.688765330728396333e-03,1.282276674104619249e-02,1.001336556355812354e-03,2.795892244862150169e-02,2.615322938891456728e-02,1.447918445713473057e-01
2.690000000000000000e+02,3.000000000000000000e+00,6.316050588701708178e-03,7.913975262415516576e-02,4.016492793239436615e-02,5.075951136452159229e-01,3.749332007198449921e-03,1.120339640575495621e-01,1.066344294745784176e-02,1.364525586099837873e-02,1.255379553515132418e-01,1.011542049848153380e-01
1.709000000000000000e+03,1.000000000000000000e+00,3.094976686585061091e-03,5.207578307789845207e-01,6.846369037082924991e-02,9.845425069041990537e-03,2.184976265719092842e-02,1.474683190357230049e-02,5.258821004439153540e-02,1.039957468508891439e-02,2.916474844404084998e-01,6.606213363906933769e-03
1.430000000000000000e+03,5.000000000000000000e+00,3.118305222272084454e-02,8.437484937071450253e-03,1.306458763021738599e-02,6.933470014950234017e-02,3.452557534710399417e-03,6.034738454823371789e-01,1.794303237509366558e-02,6.882305412522033913e-03,5.832810069587977125e-02,1.879003335599450375e-01
1.209000000000000000e+03,7.000000000000000000e+00,3.007637176590093747e-03,2.214231046272702522e-02,2.286796441640224706e-02,1.361324588955017609e-02,1.353972955761629550e-02,1.506665536588198094e-02,3.165334682778847032e-03,8.036946019589381596e-01,8.484715131626592577e-02,1.805536917324937485e-02
7.060000000000000000e+02,3.000000000000000000e+00,7.353059099878194588e-03,1.889922719526939895e-02,4.610920279238481245e-02,7.379912026038802919e-01,1.461695116581960283e-03,3.521745463878091925e-02,3.181375049394084050e-03,2.048527835110577205e-02,5.077699902966120032e-02,7.852450612306342836e-02
9.750000000000000000e+02,9.000000000000000000e+00,1.033727505304426857e-02,9.390225421211789714e-03,4.233766103795818386e-02,1.012371422680909128e-01,1.558547658541283975e-03,2.865711256232155585e-02,1.432482439021730281e-02,8.368779184975340402e-03,9.441606391306764379e-02,6.893723685105715981e-01
3.180000000000000000e+02,3.000000000000000000e+00,4.971070331216093791e-03,1.443808307884452899e-02,3.654878152864936974e-02,7.013482418743602897e-01,8.508422688651999435e-04,4.850202743514585302e-02,2.989420578950855584e-03,1.589835152303750720e-02,3.967063796917237595e-02,1.347825434117579657e-01
1.713000000000000000e+03,5.000000000000000000e+00,1.944225202814220399e-02,1.122233169868382639e-02,3.372008842918852028e-03,2.083830932084151238e-02,3.515164492167962423e-02,7.299772915263283979e-01,2.840804491380675631e-02,4.253861306579432427e-02,4.535615898602882168e-02,6.369334469577553337e-02
2.570000000000000000e+02,1.000000000000000000e+00,3.089363373375971118e-03,5.328253366506383593e-01,6.157605193473517091e-02,1.058082613444642078e-02,3.006410126385814993e-02,4.777356491476814938e-03,2.152043374466823880e-02,3.469205553155327998e-02,2.981115245564747718e-01,2.762950318772825105e-03
8.720000000000000000e+02,8.000000000000000000e+00,1.052863671843406318e-02,1.782852044742204989e-01,1.723859864382761564e-01,4.578757469843069278e-02,2.698728803012328051e-02,7.861004408791297249e-02,1.499192976450708370e-01,1.728253945520568866e-02,2.859302354223407505e-01,3.428319302998507345e-02
5.780000000000000000e+02,3.000000000000000000e+00,4.478451524175017934e-02,5.355078690918788076e-02,1.614454720895168449e-01,1.311586663331104907e-01,6.491150454301351097e-03,2.649640949950264612e-02,4.457386589236324304e-02,2.517281527999048682e-02,2.769242562082087078e-01,2.294020620920681763e-01
1.157000000000000000e+03,0.000000000000000000e+00,7.690460743540953326e-01,2.460098235279375815e-03,9.352431130145057517e-03,9.495987693882278896e-03,1.681661222633859185e-02,4.548782071837036145e-02,2.660308468169931759e-02,4.885976671852995321e-03,5.508102852279156414e-02,6.077088576554536686e-02
3.690000000000000000e+02,2.000000000000000000e+00,9.550755860298010963e-03,1.693257734446390259e-02,6.637784167770905963e-01,5.323242683370751904e-02,1.559076795167425129e-03,1.178784379419007405e-02,1.195510507539226421e-02,1.666583263644501323e-02,1.960753895428164750e-01,1.846257534042845122e-02
1.481000000000000000e+03,6.000000000000000000e+00,1.445867793346163888e-01,4.128513301376386842e-03,2.739743335679829805e-02,8.891814311621795697e-03,4.177357935335697381e-02,4.171882139103677556e-02,6.206142441128225107e-01,2.877406538990415989e-03,9.935996286095580277e-02,8.651445438424634066e-03
2.850000000000000000e+02,9.000000000000000000e+00,2.056177266240728427e-02,9.384501445726403657e-03,2.006907070295320394e-02,1.091583612756943239e-01,1.506326431720322791e-03,1.629306346692129676e-02,2.189623244877996269e-03,7.311622758083831213e-03,1.484752847462888492e-01,6.650503732653264555e-01
7.280000000000000000e+02,6.000000000000000000e+00,2.507420266394163114e-02,4.961240019349920545e-03,8.561685071290505919e-03,2.098831638350502019e-03,4.802326117529447796e-02,1.133709420024795259e-02,8.662798870220111969e-01,3.714361642126605585e-03,2.579864766634789447e-02,4.150788901039300337e-03
9.930000000000000000e+02,9.000000000000000000e+00,3.762789628495173677e-02,1.195148145468091262e-02,3.162698769092411183e-02,6.573136868943049715e-02,3.824291653690879700e-03,2.402200545045488772e-02,3.886349877532548763e-02,9.849951134780862705e-03,2.148047951765891250e-01,5.616977236891714798e-01
1.333000000000000000e+03,5.000000000000000000e+00,1.793791587626808112e-02,5.590821948517582345e-03,1.257245047589316059e-02,3.243612392671220424e-02,5.030599194672303633e-03,7.873940001516809284e-01,2.315516599035430043e-02,6.995719244551324573e-03,9.277404521741228205e-02,1.611315797393776325e-02
6.540000000000000000e+02,8.000000000000000000e+00,1.023509404838956159e-02,1.173140624977293128e-02,3.763758293893028350e-02,1.820210692869735428e-02,4.595038634685662607e-03,1.154748093129358798e-02,2.257643742578795132e-02,1.201679162841452070e-02,8.157412635794913935e-01,5.571679763453685902e-02
1.589000000000000000e+03,5.000000000000000000e+00,7.813058645379497569e-02,2.591345247279103984e-03,4.424967533203887082e-02,4.128383986002877662e-03,6.519106792761302123e-03,7.131359312218569224e-01,2.534422000007666501e-02,5.115484045423183274e-02,6.487560829357630343e-02,9.870302218380994780e-03
1.781000000000000000e+03,8.000000000000000000e+00,2.021315798664016089e-02,8.611238603868000274e-02,5.636552596281143440e-02,8.927785516688144241e-02,2.928290016444706767e-02,1.011457792038765874e-01,6.092433375673000917e-02,1.146058192639306736e-02,5.185328167904517116e-01,2.668466300308851291e-02
3.120000000000000000e+02,1.000000000000000000e+00,2.019847024495878378e-03,4.906127469005655550e-01,5.853105764621066055e-03,3.385325565799036929e-02,6.395270400792642251e-02,2.050010569498418155e-03,1.000837413887294136e-02,5.098557015667713049e-02,3.176450806011513195e-01,2.301930517820087799e-02
5.620000000000000000e+02,5.000000000000000000e+00,4.556130847352370811e-02,5.469900644681731372e-03,7.816726551141746360e-03,5.776529159363038429e-02,6.954186464903658327e-03,6.074008703266782216e-01,4.814672541993253105e-03,8.938935514492794138e-03,4.405295149123714810e-02,2.112251563977173563e-01
7.040000000000000000e+02,6.000000000000000000e+00,7.005621688062617369e-02,8.390907323307180907e-03,3.774233069589093270e-02,7.411486893308050911e-03,3.758286639724573580e-02,2.095187503668773793e-02,7.711193022773407124e-01,2.279653577497129519e-03,3.827100229209551979e-02,6.194358626000783831e-03
1.029000000000000000e+03,0.000000000000000000e+00,8.305362731339293036e-01,2.003271995157074846e-03,7.937621417899999934e-03,1.197195079159993868e-02,1.608742455080754488e-02,3.068906841267101532e-02,2.119313493872423959e-02,5.917828148614662220e-03,4.460106387077348439e-02,2.906236273982275992e-02
7.080000000000000000e+02,3.000000000000000000e+00,1.798686148411513322e-02,1.018655240426317998e-02,4.730979330517942616e-02,5.918858746994662967e-01,1.511275135902555126e-03,2.414420620884481783e-02,3.525267898274533646e-03,2.498494869208563521e-02,4.098938154745543350e-02,2.374758386244129604e-01
7.740000000000000000e+02,9.000000000000000000e+00,6.058883828434260578e-03,3.524526421294832401e-01,2.236506414623489272e-03,8.275021325993543383e-03,1.356213009472431730e-01,7.210596389610193779e-02,4.729928332326542584e-03,9.853175415571258089e-02,1.827406581024032806e-01,1.372473408676780360e-01
3.770000000000000000e+02,4.000000000000000000e+00,2.574977039210384414e-02,7.845992256570465812e-03,3.516782402680458837e-03,3.071790889119166553e-04,8.502968327245793434e-01,1.476924418843443207e-02,5.870151360630217890e-02,2.440221839324087719e-02,1.249599610706533109e-02,1.914470840111060510e-03
1.198000000000000000e+03,4.000000000000000000e+00,2.544717354553703917e-02,2.138491319786457387e-02,8.559891710847619510e-04,7.741686411630671833e-04,8.908706882156678386e-01,2.826443104965686414e-03,4.017890498472993094e-02,4.368602603406256460e-03,9.948914094953034692e-03,3.344202440627817765e-03
7.240000000000000000e+02,0.000000000000000000e+00,8.898933436695734001e-01,2.092821291593461534e-03,1.000688678859009209e-02,4.624949532895598903e-03,1.975485952851903371e-02,1.476866529922577637e-02,1.123981832232769790e-02,8.234477611658278309e-03,2.863403412256700781e-02,1.075014383304988969e-02
1.660000000000000000e+03,4.000000000000000000e+00,6.358916636118309117e-03,3.531273902932371284e-02,6.733698600418365487e-02,1.081173038382101000e-02,9.664866519812308904e-03,7.850940038252234021e-02,6.315017337301584259e-03,8.835712365537605473e-02,5.780059655521846418e-01,1.193272544993562445e-01
6.560000000000000000e+02,0.000000000000000000e+00,6.553110624980624799e-01,4.669237912088102654e-03,2.676751052779952067e-02,2.076681614807725229e-02,3.917464462531035363e-02,1.003227050819025107e-01,9.027392811212741480e-03,3.759467724709325553e-02,6.232510027583046397e-02,4.404085287262322207e-02
5.840000000000000000e+02,4.000000000000000000e+00,1.433074647004786532e-02,4.561738974290060339e-02,2.677827936796696798e-02,3.931740218942976137e-03,4.999073682683274344e-01,5.517212691896372645e-02,5.167735141225879986e-02,1.797601851416022467e-01,1.018888792630310708e-01,2.093593319595823260e-02
1.340000000000000000e+03,8.000000000000000000e+00,1.003306194576896598e-02,8.373928909299013790e-02,6.537594218541427360e-02,1.181466792557582003e-02,1.496990937939293026e-02,3.740174464843298852e-02,5.298508163271755007e-03,2.236424487713042572e-02,7.256372501062537950e-01,2.336538167576882735e-02
4.080000000000000000e+02,2.000000000000000000e+00,3.652244614009808512e-03,7.521828118609343028e-02,7.709476287186943777e-01,2.678648054486114718e-02,4.894078613021388482e-03,3.064445520765891884e-02,2.677582892575044657e-02,4.231743717239380351e-03,4.656311458172804341e-02,1.028614389094298538e-02
1.088000000000000000e+03,7.000000000000000000e+00,4.862183535318957521e-03,2.313081977934386760e-02,6.649451665719220694e-02,2.363104145999332314e-02,7.689707301019340149e-03,4.659919867620147121e-02,5.672547745476383754e-03,4.001720365586814987e-01,4.115710289985590742e-01,1.017691928821365388e-02
1.552000000000000000e+03,7.000000000000000000e+00,6.104947644691411691e-03,9.925957024589356081e-02,1.560475024245769060e-01,2.618410860831002496e-02,8.831178726006154792e-03,2.907866332186462635e-02,6.351554365920835006e-03,1.028125340098311052e-01,5.055375710293007474e-01,5.979236962360462426e-02
1.675000000000000000e+03,8.000000000000000000e+00,1.576949430336360009e-02,4.267875548246469891e-02,5.185755733862535549e-02,1.915962267033870792e-01,8.889713655526040176e-03,2.225254676998634357e-02,1.295014577600463179e-02,3.169873126682690168e-02,5.656369395160344427e-01,5.666988918778086137e-02
1.223000000000000000e+03,6.000000000000000000e+00,7.906787378398017971e-03,1.284256482654136909e-02,8.941083528151642923e-03,1.857516927086674168e-03,1.418144890015448495e-02,6.659118060396640275e-03,9.137607373405473021e-01,9.644955706754303063e-04,3.118866499402644238e-02,1.697582474022178494e-03
8.000000000000000000e+02,4.000000000000000000e+00,2.678301947655526566e-02,7.704394662424298400e-03,4.068072220339595362e-03,6.968535262444186919e-04,8.693541759366064658e-01,1.501333070996428536e-02,3.978207533078294278e-02,2.025323745225926508e-02,1.432866558337275199e-02,2.016175101450696193e-03
6.150000000000000000e+02,1.000000000000000000e+00,3.505634391959207372e-03,5.168559883560109869e-01,7.289866153171328800e-02,1.035222660558409585e-02,2.765063708783586580e-02,1.693442285887869145e-02,4.408311597156392564e-02,1.005712994079259459e-02,2.871442922223754191e-01,1.051789103328576447e-02
3.400000000000000000e+02,2.000000000000000000e+00,1.087942964743297651e-02,2.239286310856970427e-02,5.804004137966966015e-01,8.551316379730451722e-02,6.134893867776467424e-04,1.600346679127198288e-02,8.891363466275569588e-03,1.221081433330824771e-02,2.461558839176897218e-01,1.693911175467304256e-02
6.920000000000000000e+02,5.000000000000000000e+00,9.686501995087051092e-03,2.090876702154468442e-02,1.715849347835280911e-02,7.819109152578112773e-03,1.182361185526578824e-02,8.155364905821584909e-01,9.836729598446263684e-03,3.468392107503028704e-02,6.604779195898666244e-02,6.498583282549734094e-03
3.220000000000000000e+02,6.000000000000000000e+00,3.185784973040970552e-02,4.635796528405544334e-03,1.771304661448794282e-02,3.855761312019792466e-03,2.171606842498208581e-02,1.537624970998914195e-02,8.544672078584789610e-01,3.480350177415555881e-03,4.313489557045210865e-02,3.762774073359057524e-03
6.380000000000000000e+02,8.000000000000000000e+00,1.731338303047698368e-02,2.234690172428900889e-01,3.704808284934920509e-02,9.069475744984563381e-02,3.324124905932848012e-02,6.715135383015594615e-03,7.190367987762330548e-02,5.793589843350912399e-02,4.200510963049292057e-01,4.162770036903217646e-02
2.500000000000000000e+01,5.000000000000000000e+00,3.333726187352066550e-02,2.694718750715083613e-02,4.659442167229074783e-02,1.068186260668506707e-02,3.621986716010128227e-02,6.859907810701422193e-01,2.604082921751583318e-02,3.514806890312923565e-02,8.794366530798257420e-02,1.109605468148156492e-02
6.440000000000000000e+02,9.000000000000000000e+00,6.519119073462344149e-02,2.556122114534203557e-02,4.496917797839574543e-02,5.297756068885766528e-02,3.777733155554560251e-03,1.191047322380465665e-02,1.681913062260216932e-02,1.609458262755111835e-02,1.246899647478400541e-01,6.380089650754287023e-01
9.180000000000000000e+02,3.000000000000000000e+00,2.742485926025752668e-02,3.329550123448012100e-02,5.231144673089642427e-02,5.756090855188534805e-01,4.912142853485351388e-03,4.363228482421995652e-02,1.191500264907439412e-02,8.156866922696718106e-03,8.985807895564329462e-02,1.528847310503927137e-01
3.460000000000000000e+02,1.000000000000000000e+00,1.605845560589871891e-03,6.084328989393588127e-01,7.505846229887704057e-02,1.192173282149647587e-02,4.991622106114705637e-02,1.809780301158758504e-03,1.623855631068093358e-02,4.179409474538662433e-02,1.906158847416075663e-01,2.606523219696794090e-03
5.470000000000000000e+02,9.000000000000000000e+00,2.581579347109853526e-02,6.687983131697262940e-02,2.658818669027257497e-02,4.920572407667317405e-02,1.630557019617902281e-02,1.134707189176535486e-01,5.698238597631528901e-03,4.118195136285671132e-02,5.381343966867223605e-01,1.167195886839400149e-01
8.690000000000000000e+02,1.000000000000000000e+00,1.880766813370754291e-03,6.407187026399882024e-01,7.252919592996245890e-02,1.287946294024254305e-02,3.207570602719592850e-02,2.114641855431210332e-02,1.908870014420112685e-02,3.034637335081925846e-02,1.652425495002455558e-01,4.092124099662039841e-03
6.590000000000000000e+02,3.000000000000000000e+00,4.455375217270753779e-02,2.185572969511707236e-02,1.056740266748514290e-01,4.157324552811801355e-01,5.018292423767787072e-03,5.103554506133321789e-02,9.457851199663551076e-03,2.561684968336186419e-02,4.145170358052682053e-02,2.796037942274906540e-01
1.142000000000000000e+03,2.000000000000000000e+00,2.687001370334176579e-03,4.982274012534037427e-02,8.467789049651421873e-01,1.637008242615706557e-02,2.115271228417354207e-03,2.748153547503938161e-03,1.274541437879606227e-02,9.351464457547267739e-03,5.280380759640625199e-02,4.577159904355475838e-03
9.870000000000000000e+02,1.000000000000000000e+00,4.373301768871170302e-03,2.994887398852663640e-01,3.057645542868501209e-01,8.091357795496020161e-03,1.744080287542420366e-02,1.298985971251758464e-01,1.031471763752676435e-01,2.369867353475136641e-03,1.118188849914450861e-01,1.760671754272848111e-02
1.207000000000000000e+03,2.000000000000000000e+00,2.781057283534239030e-03,1.399479646869772852e-02,7.862283146786881449e-01,7.568566140696907085e-02,7.259396833924740017e-04,9.215196139153400759e-03,3.034726292729989297e-03,2.074732102866939237e-02,7.414504055450749087e-02,1.344194646365808217e-02
2.250000000000000000e+02,4.000000000000000000e+00,1.991471467084561433e-03,2.166955435967649612e-01,2.732173061458115140e-03,2.449584866671749867e-03,6.359836546249379996e-01,9.188268709385329427e-03,6.462394994992275155e-02,1.971470219429130935e-02,4.410750217687815777e-02,2.513149352605261507e-03
3.900000000000000000e+01,9.000000000000000000e+00,7.263274614896039760e-02,1.759936016935430281e-02,4.557677686192474625e-02,1.552079177665595944e-01,2.244205435864010233e-03,6.408759297944734146e-02,6.207690877854546950e-03,6.874273683660967436e-03,8.780411857383439711e-02,5.417653175025396450e-01
5.300000000000000000e+01,8.000000000000000000e+00,2.365942629207608630e-02,9.598013737590634087e-02,8.633280244632041134e-02,3.786263989511895467e-02,6.538102661811354133e-02,3.013389120233238641e-02,1.683906681381603515e-02,1.290906948439174973e-01,4.816381576931234587e-01,3.308215681927535040e-02
6.950000000000000000e+02,0.000000000000000000e+00,7.924103629300773832e-01,4.357377046953420270e-03,2.871465489287102976e-02,2.217079885217686577e-02,1.710436603550088627e-02,4.247905598547728478e-02,1.325649230848060037e-02,1.848745745919191247e-02,4.087456014260344717e-02,2.014487434666729221e-02
9.080000000000000000e+02,3.000000000000000000e+00,2.955258675163585994e-02,2.248118479144244411e-02,1.051457551402014134e-01,5.140774788967338305e-01,2.230812440269542597e-03,8.766048734669011633e-03,2.526881321666395869e-02,1.615310880406928273e-02,1.079104758327755764e-01,1.684137353915391433e-01
1.758000000000000000e+03,3.000000000000000000e+00,5.694202760082741309e-03,7.889711174709522490e-02,4.229455010918786034e-02,5.144015593994327729e-01,7.675212835277747843e-03,3.402971159704087922e-02,3.416702435320281839e-02,2.273312823822472989e-02,1.547666627510740633e-01,1.053408362093813389e-01
1.405000000000000000e+03,7.000000000000000000e+00,4.985743560321222526e-03,3.671325247213877430e-02,2.791346595861161559e-02,2.981759823493568967e-02,1.745706664382849424e-02,2.241826048558681270e-02,2.285249733220516034e-03,6.107764313817884982e-01,1.754982686880762199e-01,7.213466284149207264e-02
1.620000000000000000e+03,0.000000000000000000e+00,8.981792754682766944e-01,6.293103179899208572e-04,5.228509454531481138e-03,3.512085960332136589e-03,8.329017975573132018e-03,1.408933123276501914e-02,2.337681356815735426e-02,1.820093264484057543e-03,2.431704730249129032e-02,2.051851545539897653e-02
1.761000000000000000e+03,7.000000000000000000e+00,2.402503774025605606e-03,2.420458959353860226e-02,1.430500015767763484e-02,1.877599553241460911e-02,1.410979578581793639e-02,9.534043432132677590e-03,2.289138688818813643e-03,8.588267856122800969e-01,4.568831299060495399e-02,9.863834432689040990e-03
1.203000000000000000e+03,5.000000000000000000e+00,3.596654084110756378e-02,2.029035262158606842e-02,4.785676013095522055e-03,3.683909894487703840e-02,5.788918000593422375e-02,4.791658344872234965e-01,2.063722543653124242e-01,3.330641237418183187e-02,9.511026416790688276e-02,3.027438617877496047e-02
9.810000000000000000e+02,0.000000000000000000e+00,7.173072251220169449e-01,2.919119565798072857e-03,5.124511841654066230e-02,2.272120785058162271e-02,6.918118964041691972e-03,3.074276711910384555e-02,3.083334184520596100e-02,2.886946363773285409e-03,4.410936200748425545e-02,9.031679274545365010e-02
7.840000000000000000e+02,8.000000000000000000e+00,1.227202197904391640e-02,9.804086843114830085e-02,1.079563794911999608e-01,3.053458384141989612e-02,2.466688088636848075e-02,1.115576230219965104e-01,3.705106953357834576e-01,9.775151964375962052e-03,2.020907954558719133e-01,3.259499959279147513e-02
6.960000000000000000e+02,2.000000000000000000e+00,1.672128681313134885e-02,2.302753841733164858e-02,5.422662140591647528e-01,1.324975672288771777e-01,2.680719701721790728e-03,1.774804648842288196e-02,8.023723746209016419e-03,4.375660080566304982e-02,1.767116392830100080e-01,3.656666345646829297e-02
5.180000000000000000e+02,2.000000000000000000e+00,1.865144645518721292e-02,2.606252250121641745e-01,3.590581576185155610e-01,3.344640487896250597e-02,3.256224985038431302e-02,2.477220405048699559e-02,2.677961117570631933e-02,2.919412701639233221e-02,1.144088755248085509e-01,1.005016984173920658e-01
1.172000000000000000e+03,5.000000000000000000e+00,1.171997363636723480e-02,2.106614578249115400e-03,7.594550274173853151e-03,4.793613640756276550e-02,4.620590827419388154e-03,8.277070046483284704e-01,4.133750492865548298e-02,6.488510637363748869e-03,2.595158497024031841e-02,2.453752909163945534e-02
5.070000000000000000e+02,4.000000000000000000e+00,1.427449562038958161e-02,1.299488798093049735e-01,3.373249284239398550e-03,3.694245208942799341e-03,7.046570255677190309e-01,6.413530924886586340e-03,3.015262373031429854e-02,2.523680192290128285e-02,6.715369464511686259e-02,1.509545328618525431e-02
3.130000000000000000e+02,2.000000000000000000e+00,4.159070982880112323e-03,1.443179257500518814e-02,8.389321117994121835e-01,2.072377822021663485e-02,5.929450356346512583e-04,1.434655966632753833e-02,1.380942932436538852e-02,2.356683558415279336e-03,8.370114841304571174e-02,6.946480424697152982e-03
4.400000000000000000e+02,2.000000000000000000e+00,4.977875653358643758e-03,3.947542958433886834e-02,8.341891242325554234e-01,5.147145442029801149e-02,4.161360002779709855e-03,1.788097955746483642e-02,5.528843827526531973e-03,7.788213179140438154e-03,1.978409243328952197e-02,1.474262710924793482e-02
9.730000000000000000e+02,5.000000000000000000e+00,3.084564290398460543e-02,1.429689017488646428e-02,2.357513382184881282e-02,8.599416342175027206e-02,3.704138111198611565e-03,6.135795183094491234e-01,1.089307998893591228e-02,5.039391832836305832e-03,5.193009125855016506e-02,1.601419501765597719e-01
1.050000000000000000e+02,9.000000000000000000e+00,7.492009398041912793e-02,4.080317631002989415e-02,8.312928535774594119e-02,1.709648179738663953e-01,5.044625935809288197e-03,1.712665239139104026e-02,1.507231027534695553e-02,1.095152959900594185e-02,3.539113408343898259e-02,5.465963740929464798e-01
1.635000000000000000e+03,7.000000000000000000e+00,9.872164278285897043e-03,1.828460200025338461e-02,5.912337795875477475e-02,2.222222013336885502e-02,6.992406503380922504e-03,2.079182530395863246e-02,2.671023742654344071e-03,3.402160034006511680e-01,4.461739505898441038e-01,7.365242608884792208e-02
1.268000000000000000e+03,4.000000000000000000e+00,2.868777402342361990e-02,3.878242204950146325e-03,8.347755516239763716e-04,3.065736257350489880e-04,9.163605974740084426e-01,7.460316163958825506e-03,2.765032766461055988e-02,8.437427799231055417e-03,5.051258461572345759e-03,1.332707030885950730e-03
1.281000000000000000e+03,4.000000000000000000e+00,5.220285856288789383e-02,9.746892176140647263e-03,1.002826164165897954e-02,3.237535532267159753e-03,5.954598205328743843e-01,1.073107973044501035e-01,5.014424638744146429e-02,1.256532409656707650e-01,2.675003143684286794e-02,1.946631545976556382e-02
1.653000000000000000e+03,7.000000000000000000e+00,7.024108544825024766e-03,3.126967552431707958e-02,6.719699806755476124e-02,9.428982288288666191e-03,5.333999224234965697e-02,6.842976572929451891e-03,7.939251725789809797e-03,6.421872486681579062e-01,1.628589065372773870e-01,1.191185982851026941e-02
1.744000000000000000e+03,2.000000000000000000e+00,7.456213957764241777e-03,1.232681142176969731e-02,8.001211615285933609e-01,6.394982136213318846e-02,1.510508912631723048e-03,1.279589778062587349e-02,4.055059495709199997e-03,1.990913892239485825e-02,6.910280557219689035e-02,8.772581046180678854e-03
2.910000000000000000e+02,5.000000000000000000e+00,2.729341494902065915e-02,1.492333481056076772e-02,3.127456854483896126e-02,8.871269537865981991e-02,7.127635954476825055e-03,3.919802991536876502e-01,1.312823752860118043e-01,5.761541236812502999e-03,6.405172294459983429e-02,2.375924117413312220e-01
1.610000000000000000e+02,9.000000000000000000e+00,3.707879369288929333e-02,1.324751278499200213e-01,3.183851194394862055e-02,2.413394096424136548e-01,1.242326951793494040e-02,8.578985712154338014e-03,9.946092870883353407e-03,1.045873275923050842e-02,5.813644508911480768e-02,4.577246309215103337e-01
1.443000000000000000e+03,8.000000000000000000e+00,1.473620123438429581e-02,6.362628705614271907e-02,6.606994711819844102e-02,1.137240565009110665e-01,8.466168651785895699e-03,4.410063773272489274e-02,6.225244778339222157e-02,3.587450686816216761e-02,3.739912768802209908e-01,2.171584701740774670e-01
1.273000000000000000e+03,2.000000000000000000e+00,2.836858230659871239e-03,1.141469529442932195e-02,7.164396357709100771e-01,1.002827950593649237e-01,3.392209252642046043e-04,6.720446012491798973e-03,2.518448681479682968e-03,1.877158256068833103e-02,1.262586482102089347e-01,1.441766925450285904e-02
3.310000000000000000e+02,2.000000000000000000e+00,3.466658293050939484e-03,1.166741851677498450e-02,8.306421241396088062e-01,3.118449967530754000e-02,4.015126350829367340e-04,8.364647135645175008e-03,5.087989349913908839e-03,5.257602392367326238e-03,9.732507237835485991e-02,6.602475483893674273e-03
7.000000000000000000e+02,2.000000000000000000e+00,1.764512113438848964e-02,7.825532202872444165e-02,3.086729713816299681e-01,7.118234406138475301e-02,4.357768476549258967e-03,3.974057912952845550e-02,1.074028665817249213e-02,5.781115623856533658e-02,3.570548781306183694e-01,5.453957276043852609e-02
1.164000000000000000e+03,7.000000000000000000e+00,3.684940627561777982e-03,2.940877687931061496e-02,1.808416716709622396e-02,2.028159786294375655e-02,9.481322741594426853e-03,4.019686247684148978e-02,2.390019773660858639e-03,6.444807326927899371e-01,1.712770094838603208e-01,6.071457029434066538e-02
5.460000000000000000e+02,0.000000000000000000e+00,8.515601583653472639e-01,1.464372272239756589e-03,6.787904618062083270e-03,8.664245496873689001e-03,1.577245385831987923e-02,1.655657843370732588e-02,1.211785588003960919e-02,8.138773156177600554e-03,3.684909735151911669e-02,4.208856056771378973e-02
1.574000000000000000e+03,9.000000000000000000e+00,5.297933810835604024e-02,1.764383970787158640e-01,6.507852527813118466e-03,3.307349147388536498e-02,5.132723377136193949e-02,3.679714385360878526e-02,1.547507288254990889e-03,5.801590563691694930e-02,7.422208681518237261e-02,5.090910434459045009e-01
1.570000000000000000e+02,7.000000000000000000e+00,4.879218905665185478e-03,3.308198990967940040e-02,5.496805418547706656e-02,1.756724399083689492e-02,6.591867896684062977e-02,1.297156578381592970e-02,8.867742122225347537e-03,7.197723184374795746e-01,7.147204607714525981e-02,1.050114162083473288e-02
1.260000000000000000e+02,0.000000000000000000e+00,7.718129649041548523e-01,8.139320236365607877e-03,1.050813815391292254e-02,3.707480202552358110e-03,3.128427213783908228e-02,1.458668237477065040e-02,4.889624801321628550e-02,3.891451084430985839e-03,5.956167217523291452e-02,4.761177071752438483e-02
4.440000000000000000e+02,6.000000000000000000e+00,3.164666927674281149e-02,1.662583863804935336e-02,5.331221383804703173e-02,3.650135015934617005e-02,4.397389895941978405e-02,1.136172778443409435e-02,6.820072357405124741e-01,2.272195025192580431e-02,9.774655082034697240e-02,4.102564531175370566e-03
7.800000000000000000e+01,0.000000000000000000e+00,7.142001499221278804e-01,3.155795520321331028e-03,5.420554517598216021e-02,1.114924100402592613e-02,1.046808544882906790e-02,2.315824670195079649e-02,4.361964182876937324e-02,5.884538586883147904e-03,3.814532325756338216e-02,9.601343255354671813e-02
8.420000000000000000e+02,6.000000000000000000e+00,1.959805720186521411e-02,7.882545420446442769e-03,1.093686765025675585e-02,2.596499950392666851e-03,3.336024802834636205e-02,3.328540345284540514e-02,7.779330318717093684e-01,2.232027767006675763e-03,1.026363060950048200e-01,9.539012562126549660e-03
3.160000000000000000e+02,3.000000000000000000e+00,9.658496397372758752e-03,2.877826484443230665e-02,3.703752636025001849e-02,6.876295086696549985e-01,2.170892843985527954e-03,3.661397505543483727e-02,2.589219977224743643e-03,3.537879820846319412e-02,6.746571362166033092e-02,9.267760402152118437e-02
9.100000000000000000e+02,5.000000000000000000e+00,1.267160147133439621e-02,1.542921946297576286e-02,9.982004028411562216e-03,5.147781928465024193e-02,4.782264871522331345e-03,7.436030793365816516e-01,8.913814886370578436e-03,8.339362092092569151e-03,7.901640786429202368e-02,6.578442670176906648e-02
6.500000000000000000e+02,4.000000000000000000e+00,2.946990318657294154e-03,1.584876662727930929e-01,2.047963353594001168e-03,3.366114925800238033e-03,7.404390125476779660e-01,9.034516094855157831e-03,2.027491206275381166e-02,3.122082008533141537e-02,2.913696165674124414e-02,3.045042681795616466e-03
1.000000000000000000e+02,4.000000000000000000e+00,1.588920924052290851e-02,9.202892720822536399e-02,1.552377031951677382e-03,2.575013172015824889e-03,7.844126888432946254e-01,9.964201382681234578e-03,5.594289672639602556e-02,9.790341578288581231e-03,1.690464057569879622e-02,1.093970424092507478e-02
1.762000000000000000e+03,6.000000000000000000e+00,5.542446316243137411e-02,1.166258990093018214e-02,2.573071675867479383e-02,1.787537250505283034e-03,2.882696523780530970e-02,2.486705936700038880e-02,7.598752526192998902e-01,1.556492189850995633e-03,8.627489381018042802e-02,3.994029703321300140e-03
7.230000000000000000e+02,2.000000000000000000e+00,1.544103661312321019e-02,1.072081677191270704e-01,3.717437202548347086e-01,5.618498036067869073e-02,4.230380685956499666e-03,4.532173494399831942e-02,3.836346844887733587e-02,1.123599500360423706e-02,3.215511768847766350e-01,2.871933908502337027e-02
2.750000000000000000e+02,9.000000000000000000e+00,5.371588774500346726e-03,3.200146160166628811e-02,1.668928924143226952e-02,1.146103455544677380e-02,1.737116598151684788e-02,1.240400242361053285e-01,2.474985132327687295e-03,3.808136325047563608e-01,3.018133495792665877e-01,1.079634683929815292e-01
3.650000000000000000e+02,5.000000000000000000e+00,4.150961500906292026e-03,1.018675550535400390e-02,7.000650995182552440e-03,2.845005104117212524e-02,3.695864525245142179e-03,8.853167226384613953e-01,2.954845526423133164e-03,4.398637238510510333e-03,3.533110721687522660e-02,1.851440381186983050e-02
6.990000000000000000e+02,8.000000000000000000e+00,1.640831258032747486e-02,4.439877726855771811e-02,3.055799675380765912e-02,2.254913961744876502e-02,1.050784530242418469e-02,3.968629410517730133e-02,1.704149105594722144e-02,2.675566190004832409e-02,7.683319174598747248e-01,2.376256395638650168e-02
1.639000000000000000e+03,3.000000000000000000e+00,7.396446538780309526e-03,7.212096142549666300e-02,8.226679983661505657e-02,5.725053131965713860e-01,1.770172167191123771e-03,1.992649578134243413e-02,1.977750602266797973e-03,1.485267764657522208e-02,1.711591228393635200e-01,5.602425996579741413e-02
1.159000000000000000e+03,2.000000000000000000e+00,2.825436581960715909e-03,2.200062855311395865e-02,8.476864287446411739e-01,2.956843877146957816e-02,7.052583302991354301e-04,1.718037079316089497e-02,1.464922161785307646e-02,3.256344907619269230e-03,5.475860876896607859e-02,7.369262930916074816e-03
1.299000000000000000e+03,2.000000000000000000e+00,1.865872055630457896e-02,2.437557413619370894e-01,4.816446071814678431e-01,1.299149304225822310e-01,1.400648992348093105e-02,1.242721034169198130e-02,1.567271560712711967e-02,1.197655589500550358e-02,2.330307041112900795e-02,4.863995829927379028e-02
9.800000000000000000e+02,0.000000000000000000e+00,5.948026600443663270e-01,3.421270645998292313e-03,3.665290249084127150e-02,5.383442659230925492e-02,1.141312361515734071e-02,1.299252374202885252e-01,2.389540450515412195e-02,9.731687256381130885e-03,7.053797083493022757e-02,6.578531659457356739e-02
2.310000000000000000e+02,3.000000000000000000e+00,1.893043747433463542e-02,3.189011268905826008e-02,6.187475491636954678e-02,3.132855364332239878e-01,1.143805348293512256e-02,7.495163630199760951e-02,1.756209812771506677e-03,2.937343424006219061e-01,1.217881685144336229e-01,7.035074797425391879e-02
8.940000000000000000e+02,7.000000000000000000e+00,3.894701909308582836e-03,1.012415298693595395e-01,5.289718853919964103e-02,4.456353004816531599e-02,1.753686018100500052e-02,4.714364632893398854e-02,3.107442541848400974e-03,5.387405519058665604e-01,1.018275370745963249e-01,8.904701160171669960e-02
8.880000000000000000e+02,7.000000000000000000e+00,2.981285453352817711e-03,4.693721117035673518e-02,2.502020718866535681e-02,7.275200546895517484e-02,3.159989216697228070e-02,1.709519988188697159e-02,5.225297482587528373e-03,7.165159898758638457e-01,6.213263902848358000e-02,1.974027228287579885e-02
1.071000000000000000e+03,1.000000000000000000e+00,5.917988057798238312e-03,2.879854803198931834e-01,6.777264063308002795e-02,8.453917971783395102e-03,5.356593581607849847e-02,1.069785400850257508e-02,1.400389589806961405e-02,6.385169278651493807e-02,4.806359838101020854e-01,7.114610698177443321e-03
1.091000000000000000e+03,4.000000000000000000e+00,2.450658168350471067e-02,2.306917390986645486e-02,4.006545783896293608e-03,2.525114481406025898e-03,7.091826597637224117e-01,6.619787039277806595e-02,3.035395259736333243e-02,5.643014907896583277e-02,4.970123790016564569e-02,3.402671440833123645e-02
1.431000000000000000e+03,6.000000000000000000e+00,5.685292152579007885e-02,5.116261161342040842e-03,1.291539105368205709e-02,8.530329371991537957e-03,3.006429186309805129e-02,4.521366925473449538e-02,7.318100041346046192e-01,2.679868530288899778e-03,9.058551043315059281e-02,1.623175267131752447e-02
1.127000000000000000e+03,4.000000000000000000e+00,2.461089151372044051e-02,1.128510437262423421e-02,2.950577138350271578e-03,1.023797452942867142e-03,8.431544239948399744e-01,2.762859579726846884e-02,3.529134925052176963e-02,2.893332344086396724e-02,1.783212064165902097e-02,7.289816397209084378e-03
5.100000000000000000e+02,4.000000000000000000e+00,5.634600041341262036e-03,3.714701147320388919e-01,1.341880298756687774e-02,1.096373283271309847e-02,4.301056764139580268e-01,4.830194938840506533e-03,4.578755708761455406e-02,1.419075309893691114e-02,1.004916707158465816e-01,3.106897151143337386e-03
7.420000000000000000e+02,8.000000000000000000e+00,1.724106334565777415e-02,7.400218327288471398e-02,1.005876117032118156e-01,1.673260945794471585e-02,2.211017637499047492e-02,3.564184794726009409e-02,1.660950077879300851e-02,2.693609148346941956e-02,6.532016036466713471e-01,3.693731198911666402e-02
5.580000000000000000e+02,1.000000000000000000e+00,3.472993511564491029e-03,4.104002502627603910e-01,1.683076795786276614e-01,8.375010861158804429e-03,2.130844846949003432e-02,6.139857171082938048e-02,1.908777378176701456e-01,2.269986758251354379e-03,1.187223858540339683e-01,1.486693517561382683e-02
1.005000000000000000e+03,6.000000000000000000e+00,2.020128982654288349e-02,2.321526969171509511e-03,1.228894610622548525e-02,2.607285583748591550e-03,2.188248933940512703e-02,1.136136046376473412e-02,8.885969436135670030e-01,2.823164799050775168e-03,3.538636089443496224e-02,2.530632404088988506e-03
8.660000000000000000e+02,1.000000000000000000e+00,1.752043234882855356e-03,5.797374889077824278e-01,6.023505531370093591e-02,1.353671062139076391e-02,4.111736047385772946e-02,2.506265469687262229e-02,2.157179749976300548e-02,6.834289537545445992e-02,1.857131137919673658e-01,2.930880084327806747e-03
8.060000000000000000e+02,0.000000000000000000e+00,8.550871117566025692e-01,1.535409140930486414e-03,7.382990443230907571e-03,4.549077816763350858e-03,1.137575263743067187e-02,1.689967876641470038e-02,3.828002155318915162e-02,2.975937271814290373e-03,3.954579864736501582e-02,2.236822196625896583e-02
4.780000000000000000e+02,9.000000000000000000e+00,4.133634247195275974e-02,3.770575484887381951e-02,4.175238690464502800e-02,8.434596562998300517e-02,8.178799354180792819e-03,6.605476916510916174e-02,2.128412210479299627e-02,1.480725042767348267e-02,1.236752135951564441e-01,5.608593954976325291e-01
9.980000000000000000e+02,4.000000000000000000e+00,1.867618406901034450e-02,1.235778280366547771e-01,1.613437008224079304e-03,2.686280485819978608e-02,5.616206754069155149e-01,3.762138376396639838e-02,7.616885084680014018e-02,2.619166910529291750e-02,4.866343286706899945e-02,7.900373403786714599e-02
1.756000000000000000e+03,3.000000000000000000e+00,3.378986635911112452e-03,5.194164583133820817e-02,3.117708581096861539e-02,6.405651355440025174e-01,1.837586113630363576e-03,2.066170874702658034e-02,1.964994374723994311e-03,2.763519319145587086e-02,1.660275033343113216e-01,5.481016041663135108e-02
1.305000000000000000e+03,8.000000000000000000e+00,1.092867342215567486e-02,1.122743388245076024e-01,1.272422195811644952e-01,1.102486088332044027e-02,2.193654647847756434e-02,4.848284823921186759e-02,1.180836979112425376e-02,2.054005206799571631e-02,6.149533058938511099e-01,2.080878481819128586e-02
5.720000000000000000e+02,1.000000000000000000e+00,4.672043671274944340e-03,2.766160685363218130e-01,2.233588045977749348e-01,5.573412362616214644e-03,2.180461957524862729e-02,6.579071395733335215e-02,2.878444071244776192e-01,2.353143463016500823e-03,1.031761084549440433e-01,8.810678256991995999e-03
1.070000000000000000e+03,4.000000000000000000e+00,2.720791496775017831e-02,4.118035899136215927e-02,1.115350968014216073e-03,5.355954756774580945e-03,6.858183106234209125e-01,7.312044255769600820e-02,2.902119895253554502e-02,3.115254839142271928e-02,3.239117350746902046e-02,7.363674628355464102e-02
1.860000000000000000e+02,1.000000000000000000e+00,2.083352476537657979e-03,6.420866087596459604e-01,1.668901544776151468e-03,2.269974805422251413e-02,5.150961168071162971e-02,1.022209184113771242e-02,3.624869370753309745e-03,1.949724031310929445e-02,1.341064429967609439e-01,1.125011329623448325e-01
4.300000000000000000e+02,7.000000000000000000e+00,1.108076896929897567e-02,3.805362219538573065e-02,4.626784057677756079e-02,1.087119817598895116e-02,1.073550263291975400e-02,1.024215272316555264e-01,2.782389730924033234e-03,5.510213724071538755e-01,1.658147012477966808e-01,6.095107683209895905e-02
1.497000000000000000e+03,6.000000000000000000e+00,1.035161885727635817e-01,6.286765738479664287e-03,6.959824843543033039e-03,5.972971411745750872e-03,6.141279230677625101e-02,4.272323610484702466e-02,7.049331621878067722e-01,3.040139713967469209e-03,5.223440370840063546e-02,1.292051541166984105e-02
7.070000000000000000e+02,7.000000000000000000e+00,2.754816518551616352e-03,1.645242300773343269e-02,5.144192535143619210e-03,1.053680552800102636e-02,2.495570535178587984e-02,9.752815596832636880e-03,1.367296857872990143e-03,8.705743887609879161e-01,3.652570582397989679e-02,2.193585001911101118e-02
1.727000000000000000e+03,3.000000000000000000e+00,1.477820871870990510e-02,6.935455773709649219e-02,1.349736876329578339e-01,5.502848571365253488e-02,8.493991028752766875e-03,2.182363326339088055e-02,5.074443407305144135e-03,1.877379400038556856e-01,4.790312178136681975e-01,2.370383468061047078e-02
1.022000000000000000e+03,4.000000000000000000e+00,1.010091221248111265e-02,1.040276718649948556e-01,2.147840614016560071e-03,6.147096738363833079e-03,5.477198355560539689e-01,8.058639206208803585e-02,1.491973693203433628e-02,5.904027344550442230e-02,7.514065309287509820e-02,1.001695874815877046e-01
8.020000000000000000e+02,6.000000000000000000e+00,3.997467840747470635e-02,7.507088057879762744e-02,7.626679543444366688e-03,1.045439396371470979e-02,8.074604080170856568e-02,4.707592865457130987e-02,5.819154350088894256e-01,6.818468599430404890e-03,1.237960513961759990e-01,2.652144304579276413e-02
3.930000000000000000e+02,7.000000000000000000e+00,6.614556564756519930e-02,9.048547887320121386e-02,3.571741355062518081e-02,1.620410608918472148e-02,8.674332241288223999e-02,7.905973464398595441e-02,6.260811844936763591e-03,4.571961252850109680e-01,7.018793270468200174e-02,9.199950894792581491e-02
4.550000000000000000e+02,9.000000000000000000e+00,4.162808259669046468e-02,1.052464768108858466e-02,2.211701229258516629e-02,1.220121902135614944e-01,2.180404353500720385e-03,5.134867499635593219e-02,3.569265563452990279e-03,8.256859822172521110e-03,9.467845804170431367e-02,6.436844044388878583e-01
1.356000000000000000e+03,9.000000000000000000e+00,5.100739627260731518e-02,3.795961012907680260e-02,2.409914255636322333e-02,1.041011015072403068e-01,3.962039721672927679e-03,1.009228194935956474e-02,1.448136686961038096e-02,1.216249259926416304e-02,1.288149068155084176e-01,6.133196615792969597e-01
1.107000000000000000e+03,1.000000000000000000e+00,4.264933625780601215e-03,4.386673858895776545e-01,8.808607326529330206e-02,6.454133756154601526e-03,7.368836381462538776e-02,5.129743263164885519e-02,5.132734728033783861e-02,3.528170944773453832e-02,2.454997526763490479e-01,5.432867612498205878e-03
6.500000000000000000e+01,6.000000000000000000e+00,1.158632744710437132e-02,1.257409647038414992e-02,1.026420946306412507e-02,1.206529227032648345e-03,2.731366484626171140e-02,6.513242461672255797e-03,8.966223230401301203e-01,1.687793336535091610e-03,3.041272908738754804e-02,1.819084620427951961e-03
1.304000000000000000e+03,7.000000000000000000e+00,3.490443020104230104e-03,9.548085488511545010e-03,1.907400507103332310e-02,3.702450205778816394e-02,8.682380480788278940e-03,1.774664756525193288e-02,1.161814417246540216e-03,8.343667480278975646e-01,4.229320361227160985e-02,2.661217025910690703e-02
1.383000000000000000e+03,8.000000000000000000e+00,6.700701185937927261e-03,1.046260806688001505e-01,9.387199408401845913e-02,5.121120650319906792e-02,6.446343703917987479e-03,3.681098072002762095e-02,4.933784649166097699e-03,4.541010023100183757e-02,6.297478873663107102e-01,2.024092088762019515e-02
5.630000000000000000e+02,1.000000000000000000e+00,4.471880866861880147e-03,3.445028327720107142e-01,1.032303653737882271e-01,1.144426395857143369e-02,2.282137541937114683e-02,1.427915544352611858e-02,3.741573511650161943e-01,2.952880565090204839e-03,1.175798297609002424e-01,4.560064674863927719e-03
1.318000000000000000e+03,9.000000000000000000e+00,9.180902663573047018e-02,8.325457649356698270e-03,1.106256806983389220e-02,4.988017025539467908e-02,1.927326958079184169e-03,2.953610729628334403e-02,2.486604181835554758e-03,7.444801866688857857e-03,1.074925078900342140e-01,6.900354291967630838e-01
5.970000000000000000e+02,7.000000000000000000e+00,2.693920381567200401e-03,2.347039660163754982e-02,2.624038296776851770e-02,2.124197935889559838e-02,9.601509537843656156e-03,1.272059134969769079e-02,2.147282327292315569e-03,8.081487670953276803e-01,7.178214505740794504e-02,2.195302532256186365e-02
3.050000000000000000e+02,0.000000000000000000e+00,8.582135044475119878e-01,1.108807129298292407e-03,1.245175109305109336e-02,7.139044935504496557e-03,5.303655982480359223e-03,2.287606756584623091e-02,2.717335891442455159e-02,2.988047571634573196e-03,3.991263563699248146e-02,2.283312672325601630e-02
1.478000000000000000e+03,3.000000000000000000e+00,9.809236445027291751e-03,6.446973742994321389e-03,4.197170822228157155e-02,7.194070454859304853e-01,4.834904464071146097e-04,2.248420796271863309e-02,2.806169360535095986e-03,1.036051834447777355e-02,6.699551889818299022e-02,1.192351310914446239e-01
1.090000000000000000e+03,3.000000000000000000e+00,5.810832667580930790e-03,5.097962482399914438e-03,4.125478743468140308e-02,6.807468227092855484e-01,4.552128340208688381e-04,2.467956564087117263e-02,2.218985340016333373e-03,1.147576292166983813e-02,6.370032968758439218e-02,1.645597382818896059e-01
1.255000000000000000e+03,3.000000000000000000e+00,2.904141116660672282e-03,1.759765487377145873e-02,3.711733976055905243e-02,8.040196737261745552e-01,8.383324673361040695e-04,1.576516140006910607e-02,4.501459685944180118e-03,1.056399205873911722e-02,4.903498594057916632e-02,5.765725897016654722e-02
1.730000000000000000e+02,7.000000000000000000e+00,1.911861279494649589e-03,9.558812431161424136e-03,4.085433510471688651e-03,1.054631087310972139e-02,1.430410410278906176e-02,1.300111566653947177e-02,8.915648381113721503e-04,9.080452139507598774e-01,2.719072549223114366e-02,1.046485785533135364e-02
1.312000000000000000e+03,5.000000000000000000e+00,2.134243685115125300e-02,1.765050539045362465e-02,7.085197095668784202e-03,3.420863312964032149e-02,1.744764882612437687e-02,7.683837560901979336e-01,3.250708382502012078e-02,1.195277490315650205e-02,7.016942816377762238e-02,1.925253572480951914e-02
1.538000000000000000e+03,8.000000000000000000e+00,1.308979066801535703e-02,8.036037635615375652e-02,3.931009463500102080e-02,5.075077951728745179e-02,1.724683872706118601e-02,1.095656832266151681e-01,1.530440545623639077e-02,9.347697344823249765e-02,4.984568668070715192e-01,8.243819115832566602e-02
8.910000000000000000e+02,2.000000000000000000e+00,3.683530148172193402e-02,3.418734182617825385e-02,1.653370592648226722e-01,8.822281193568048963e-02,1.832728167906532563e-02,2.652683843617244241e-02,8.227074247387923533e-03,4.571724570720501757e-01,1.091040326567983137e-01,5.605980140012253171e-02
1.058000000000000000e+03,9.000000000000000000e+00,2.202609829604228533e-02,3.643208217129586396e-02,2.968010887271005371e-02,1.424946021686488706e-01,1.063460763398910158e-02,1.497016199655500091e-01,3.055444355890353167e-02,1.317857186131152387e-02,1.214994179748780934e-01,4.437984474966708004e-01
1.021000000000000000e+03,5.000000000000000000e+00,1.014623365939140709e-02,7.093345111294876992e-03,1.539786373863743715e-02,1.084278337108616902e-01,1.243475557719972814e-03,6.092508561862636229e-01,2.020280940632158961e-02,3.013442396795875961e-03,8.984616177456336561e-02,1.353779784581501666e-01
8.230000000000000000e+02,1.000000000000000000e+00,3.654189476691283630e-03,3.384552227059416940e-01,9.040216862000308162e-02,7.024549764361242427e-03,2.942313267558395104e-02,1.565029624226428953e-02,2.000086275336528455e-02,3.402454854844758070e-02,4.524246591481280166e-01,8.940370065213643080e-03
1.707000000000000000e+03,8.000000000000000000e+00,8.570274183119499720e-03,1.766565124045252344e-02,8.940514303048519018e-02,6.375731497148801226e-03,2.225582585401359587e-02,6.203904629866837522e-02,1.059358240783661413e-02,1.838156926983147699e-02,7.405136226849416969e-01,2.419955353350228960e-02
7.770000000000000000e+02,1.000000000000000000e+00,7.975952161561027922e-04,6.408599061573839739e-01,1.186586007521346076e-01,3.031623088547394373e-02,2.560424055164438675e-02,1.062001853756080853e-02,8.809748757285771475e-03,5.651093353272055447e-02,1.010894079261555195e-01,6.733317683484344590e-03
1.146000000000000000e+03,9.000000000000000000e+00,1.859897073205188031e-02,5.733268574799724876e-02,5.205433526501230396e-02,2.181152607365948737e-01,6.585490088208906592e-03,2.857859138135500007e-02,4.732830258979719117e-03,2.473838022418354404e-02,1.899369737274718972e-01,3.993264818381446757e-01
2.010000000000000000e+02,5.000000000000000000e+00,3.402401656004257636e-03,8.908208236349341932e-03,2.574514545601494508e-02,6.590032498745100782e-03,5.838292039618379024e-03,8.624770439384384924e-01,5.396064011855301358e-03,2.290610949001745458e-02,5.357604596809173447e-02,5.160656704865103361e-03
1.540000000000000000e+03,9.000000000000000000e+00,1.893811674395478040e-01,2.801023729320127609e-02,3.314143660562844651e-02,2.083374667028324578e-01,7.700411174727733905e-03,4.690221441986653500e-02,1.752217926655763982e-03,5.765099484927398155e-02,8.206363027968589796e-02,3.450602233085800497e-01
1.336000000000000000e+03,0.000000000000000000e+00,8.940985851615015356e-01,2.392113109588277654e-03,3.706219725591211860e-03,2.836911541228429815e-03,1.861802348754057132e-02,1.304408064832848768e-02,1.888079017166183551e-02,1.711384803570525697e-03,1.908690443759733860e-02,2.562498691339189574e-02
1.097000000000000000e+03,1.000000000000000000e+00,9.251292152316196483e-04,7.360869140671505439e-01,6.740910007942843563e-02,1.604445772998597600e-02,2.890656699953977199e-02,1.012938186104092933e-02,1.009417678372767462e-02,2.857732483031732301e-02,9.763960540169733249e-02,4.187343031880426739e-03
1.020000000000000000e+02,5.000000000000000000e+00,7.740095801176593605e-03,1.689769371560631214e-02,1.529442446013930777e-02,2.742451257550415980e-02,1.377084903478731012e-02,7.667061316005846505e-01,1.906159335237289643e-02,1.621956479149945507e-02,1.000671609363543990e-01,1.681797373197492160e-02
7.500000000000000000e+02,6.000000000000000000e+00,2.103818901008955647e-02,3.758860876974356308e-02,1.421145050607526376e-02,1.638157123159095447e-03,6.438335444796647322e-02,6.158070844439414958e-03,8.304097962070661199e-01,2.020457396332698240e-03,2.040060718881458665e-02,2.151308506313125753e-03
3.470000000000000000e+02,3.000000000000000000e+00,3.758272521599779429e-03,4.324982231685962214e-02,9.378764328225387692e-02,6.100729244297300458e-01,2.521769112849857591e-03,5.585096352764321037e-02,1.924295038508531605e-02,1.033435965987349048e-02,1.199760775487365427e-01,4.120521721536812149e-02
1.366000000000000000e+03,0.000000000000000000e+00,6.402109836692767564e-01,6.280726123146687656e-03,1.245462148651247693e-02,1.261736130075219106e-02,1.238675420274927899e-02,3.167061960028416667e-02,4.915427451067722053e-02,3.268793086800000219e-03,1.176062709327794081e-01,1.143495950870217909e-01
1.546000000000000000e+03,1.000000000000000000e+00,8.577661164532701362e-04,7.465275163197088171e-01,2.252874627755338185e-02,7.187126295017892338e-03,7.295104976537374053e-02,1.357285435326328719e-02,9.801150032620683725e-03,4.223838400349012867e-02,7.298548225870923889e-02,1.134992457780973837e-02
1.441000000000000000e+03,6.000000000000000000e+00,5.284451358242814312e-02,2.259948111665279358e-03,1.707155617330980910e-02,6.701252453681793946e-03,3.268695475590785438e-02,3.141857244448112430e-02,7.850145315654912803e-01,3.634097469726330076e-03,6.118736148106519029e-02,7.181211962243188619e-03
1.052000000000000000e+03,3.000000000000000000e+00,6.105519901742723250e-03,9.919665250937688417e-03,2.837625297951930359e-02,4.930514669042145859e-01,8.601937394839894325e-04,3.607853520308146322e-02,4.555744311284514250e-03,1.689327231893928555e-02,1.473502967361653149e-01,2.568090526546311647e-01
1.341000000000000000e+03,2.000000000000000000e+00,7.213119478862060896e-02,1.002736985085360827e-01,3.630163591635706677e-01,2.218589582586338316e-01,1.321188212329060287e-02,1.700608052201879258e-02,8.237602071124989697e-03,6.220076422379188646e-02,3.620206719621039959e-02,1.058613931442021761e-01
1.182000000000000000e+03,5.000000000000000000e+00,1.293294240718225949e-02,8.631839333525194100e-03,8.542798456122591144e-02,8.643063531401215874e-03,4.008442570996842771e-03,7.025033451649566052e-01,1.016178729352304640e-02,9.015039778533562309e-02,6.204175693704886557e-02,1.549844041480424872e-02
5.640000000000000000e+02,0.000000000000000000e+00,7.044301609378217366e-01,4.423222317899011893e-03,1.528035357391349311e-02,1.666039654507606507e-02,1.318263639679412291e-02,8.270520980476082223e-03,3.545205939773869025e-02,4.930272690231773079e-03,7.876878343049543985e-02,1.186015937295537004e-01
1.513000000000000000e+03,3.000000000000000000e+00,2.366205026371279163e-02,1.039145208586362071e-02,1.105710421373800600e-01,4.990474723398045653e-01,2.583002065738651543e-03,2.153503017947819634e-02,2.285617988400079001e-02,2.921167012935202770e-02,9.455160077662561058e-02,1.855905001380437347e-01
1.590000000000000000e+02,9.000000000000000000e+00,4.621643731629604401e-02,2.874939283979145027e-02,3.044115072636940575e-02,9.911300463706307351e-02,5.377980197615254108e-03,2.349446915478862682e-02,6.651890672903888573e-03,7.470444688570603876e-03,6.036395629120422379e-02,6.921212734753974249e-01
1.412000000000000000e+03,9.000000000000000000e+00,2.154518935995848039e-01,2.211286147325119272e-02,2.587802063408462319e-02,6.958286148043760222e-02,8.519296089258885860e-03,9.672222951971692906e-02,1.690077791027850412e-02,2.145340967566939858e-02,2.219354957752681101e-01,3.014431538424499624e-01
1.171000000000000000e+03,4.000000000000000000e+00,2.869136206454836815e-02,3.157760877209236927e-02,1.044326245661262318e-03,8.120686393063811541e-04,8.793202364381641489e-01,4.746539633748129636e-03,3.325118639023242478e-02,5.154204069801636597e-03,1.221022972399905988e-02,3.192238022446260582e-03
1.275000000000000000e+03,7.000000000000000000e+00,1.246967160636375162e-03,1.839513575659435657e-02,1.126080415907955608e-02,2.014464453014965309e-02,9.387510782733053671e-03,4.136871509292602139e-02,1.015018886675838998e-03,8.182664342733219076e-01,4.384785425201759290e-02,3.506691510586564670e-02
1.110000000000000000e+02,4.000000000000000000e+00,2.356858559405158177e-02,2.553706587479992116e-02,5.142039999838729329e-03,3.459157338114814823e-03,6.923083264925649072e-01,1.068355943592818325e-01,6.059134770446188839e-02,3.480313007314310425e-02,3.002078741322180763e-02,1.773396515052119704e-02
2.620000000000000000e+02,6.000000000000000000e+00,4.657642984903054284e-02,3.146364262380625925e-03,1.997303507071923612e-02,4.296251684731012405e-03,3.092528298362632114e-02,2.358451935323558832e-02,8.151177030190346340e-01,4.346824754348753601e-03,4.841238426195306616e-02,3.621204760940181355e-03
1.682000000000000000e+03,5.000000000000000000e+00,1.570495860673567709e-02,1.146239456297318791e-02,3.205319755491787929e-03,2.138904714306365598e-02,2.929666893635625782e-02,7.355822612967696239e-01,2.010594871775677958e-02,3.655364579206361181e-02,6.794326222597812936e-02,5.875649296281119233e-02
2.080000000000000000e+02,0.000000000000000000e+00,6.921296499395489521e-01,1.707202947675380902e-02,7.259295683062049441e-03,2.604196573617858102e-03,1.551058388912406327e-01,1.294945116756591151e-02,3.843411009839618753e-02,7.158523070774699439e-03,4.385141368805448719e-02,2.343549141098530408e-02
4.070000000000000000e+02,1.000000000000000000e+00,3.507340891252262813e-03,6.915233016466422189e-01,5.205861371813843598e-03,2.203966427410719922e-02,7.099266948027903312e-02,9.400831814763732294e-03,6.232385269793487038e-03,2.609147783059170833e-02,9.778589785215123509e-02,6.722056956860522625e-02
1.697000000000000000e+03,0.000000000000000000e+00,8.784125786272213299e-01,1.105573143160395967e-03,1.111240544235878730e-02,6.885415510905664761e-03,8.074093240485262848e-03,2.283392941047470912e-02,1.536612983808663402e-02,2.148214863205723767e-03,3.569873095955970049e-02,1.836292896454152015e-02
1.007000000000000000e+03,6.000000000000000000e+00,5.216466694010161304e-02,4.961147861384229522e-03,1.073845455448166862e-02,4.373440733478685914e-03,5.289460692405843073e-02,1.941627174284805621e-02,7.976458798975422093e-01,5.367129674058823512e-03,4.606689777044707668e-02,6.371503901599363459e-03
2.630000000000000000e+02,7.000000000000000000e+00,6.597957661852321427e-04,5.754918836395500961e-03,5.423179822186265445e-03,9.192400969096063690e-03,3.599884441005357909e-03,6.481553422125231612e-03,5.366965298427747158e-04,9.376966101532093756e-01,1.976515758157283004e-02,1.088980247838150679e-02
1.092000000000000000e+03,6.000000000000000000e+00,1.711906851079078584e-02,1.004329570356413993e-02,2.481070937078961106e-02,2.563211501997768142e-03,2.104112212297508042e-02,1.174707791341892543e-02,8.789038179237020909e-01,2.410950022380654433e-03,2.746879184689092479e-02,3.891955083489829527e-03
6.510000000000000000e+02,5.000000000000000000e+00,4.184484449336768608e-02,1.109282443480781415e-02,8.232772580136476365e-03,3.058269028916737672e-02,4.125854933684656306e-02,6.057103666628873562e-01,4.011934092002093083e-02,1.201955356860667651e-01,7.659537439329371089e-02,2.436770120340546117e-02
1.456000000000000000e+03,4.000000000000000000e+00,9.799354206392312666e-03,2.179971158471644133e-02,8.891136163780694306e-04,5.030262322628056186e-04,9.198808472489469201e-01,2.499572440756929470e-03,1.353547215710525047e-02,1.069224173645080822e-02,1.683874775847452737e-02,3.561913018515753919e-03
5.700000000000000000e+01,2.000000000000000000e+00,1.411732964615967229e-02,3.823934990404118106e-01,2.195386952098954125e-01,1.840512316188337369e-02,3.403903866263201239e-02,1.746812239503015658e-03,3.010514057661142079e-02,5.357960133659982888e-02,2.391703256763581253e-01,6.904434449945379658e-03
6.190000000000000000e+02,3.000000000000000000e+00,2.265100321005333872e-02,3.315304227121310815e-02,1.826545299824780810e-01,3.685323719898647710e-01,2.125276302456239469e-03,3.725692334109947934e-02,4.308754267396227439e-02,1.600992344104155279e-02,1.665243161346792455e-01,1.280050706531518367e-01
9.860000000000000000e+02,2.000000000000000000e+00,6.355995895654107438e-04,2.491017682545154655e-02,9.140711828431120622e-01,1.534854994901942160e-02,7.129432251861485444e-04,1.157542894228834676e-02,5.854090421703516019e-03,2.009005239114394423e-03,2.158308116144281100e-02,3.299941803116552674e-03
3.360000000000000000e+02,1.000000000000000000e+00,9.116861115572449806e-04,6.695647733378078392e-01,4.629638998830230140e-02,1.104024099451938676e-02,2.232488432681411714e-02,2.075855611674518042e-03,8.741183175319156354e-03,4.008196826315604810e-02,1.965987735476859011e-01,2.364244643163318331e-03
1.054000000000000000e+03,5.000000000000000000e+00,1.734710955058094833e-02,1.384294809246519771e-02,2.273431436989640023e-03,1.875771941832975881e-02,1.458018971131300190e-02,7.443443106907614570e-01,5.925881273429251493e-03,1.451240204382147313e-02,2.958439863951328394e-02,1.388316091427957699e-01
1.500000000000000000e+02,0.000000000000000000e+00,7.120579672218650957e-01,6.930216752982451024e-03,2.678290232749986829e-02,2.957488830708209122e-03,2.568684397139583964e-02,1.781835742654606924e-02,1.216196765957572590e-01,2.921299604060368163e-03,4.190594511865011057e-02,4.131930215053482985e-02
3.600000000000000000e+01,0.000000000000000000e+00,7.700701808881859067e-01,4.629381396071269653e-03,8.526594775760499428e-03,3.882071316789355124e-03,3.230344605888315485e-02,3.193369060990246949e-02,1.785332080618600575e-02,1.268100091411551722e-02,7.783934966817976364e-02,4.028096356592607979e-02
1.480000000000000000e+02,8.000000000000000000e+00,1.712321708889658414e-02,4.361208035424098822e-02,3.558170648801690927e-02,8.639153324252616187e-03,1.350124356056420054e-02,1.263575133491416820e-02,4.743405699107445389e-02,7.317929954127336961e-03,7.925600188910965072e-01,2.159484201281626492e-02
1.351000000000000000e+03,4.000000000000000000e+00,9.954299377577950636e-02,1.016865439607206323e-01,7.117828150927487177e-03,4.809338415931774073e-03,5.208982702710359680e-01,1.591000117510585690e-02,2.077013277952657055e-01,5.533245954098503332e-03,3.158958162383442014e-02,5.210868877300211220e-03
4.180000000000000000e+02,5.000000000000000000e+00,4.140178739431053107e-02,6.169505866483381007e-02,8.573472797437234338e-02,1.554414584557578527e-01,5.224389566505338589e-03,3.360673979023564018e-01,4.993977966462713816e-03,1.410410114235674008e-02,1.740874327592756565e-01,1.212496681737685322e-01
5.270000000000000000e+02,1.000000000000000000e+00,4.727411987344123066e-03,3.696026145378221162e-01,3.592085717360793962e-01,2.460647066216494275e-02,9.868455201406641300e-03,4.374354829947602052e-02,7.868029032501563935e-02,2.550158487376794157e-03,9.200945169078690589e-02,1.500302707252744276e-02
3.840000000000000000e+02,9.000000000000000000e+00,1.822670014777360084e-02,6.418219598802890613e-02,1.096161137600804546e-02,1.670737700839874246e-02,6.716462071989900973e-02,1.526331888509655788e-01,5.892809628455271918e-03,2.091914598709620488e-01,2.491016154147500106e-01,2.059384209947588973e-01
2.300000000000000000e+02,5.000000000000000000e+00,2.248214393801167832e-02,1.820597508423393851e-02,1.055952004365277030e-01,9.752225771016634001e-03,9.054609407027569556e-03,6.162294421365818176e-01,1.628982477848266858e-02,9.350007104670078617e-02,9.369654503891824970e-02,1.519396236249893374e-02
1.280000000000000000e+03,8.000000000000000000e+00,7.762832443414462158e-03,9.604652644350208934e-02,3.569189790409557639e-02,6.436560313798264654e-02,7.621181851204126591e-03,1.045157013804086515e-01,5.969739888913395097e-03,2.517075981098786802e-02,6.407740908074062158e-01,1.208166633208487134e-02
1.424000000000000000e+03,9.000000000000000000e+00,5.474527391031353690e-02,1.409599699223071205e-02,2.217450039994350169e-02,1.419254946991578281e-01,1.757736962879060533e-03,3.942010391042278378e-02,3.391784259487889194e-03,1.063893582628066062e-02,8.714115176612315106e-02,6.247090212731608583e-01
1.072000000000000000e+03,7.000000000000000000e+00,6.500312781556077078e-03,1.141938467195889421e-02,5.534437652104054473e-02,3.872464733644542800e-02,8.251373729250889924e-03,1.848199158842952702e-02,6.897846118145663404e-03,6.133570369354387486e-01,2.298243833538302638e-01,1.119864696390390768e-02
6.810000000000000000e+02,5.000000000000000000e+00,3.737341237477769668e-02,1.579821173936001022e-02,4.742194019904220903e-02,1.177091165599977209e-02,6.003343770962973197e-02,5.813637883251293603e-01,2.658606281936283164e-02,1.054371234957061088e-01,1.085889014613302672e-01,5.626210219662093615e-03
9.830000000000000000e+02,7.000000000000000000e+00,3.003953369097256410e-03,1.386561894729286711e-02,1.174886860617516994e-02,2.666783648986617225e-02,1.218866335209615841e-02,1.105391518803210474e-02,2.567494504687785947e-03,8.624722167572077547e-01,4.275253203830645804e-02,1.367890074723797714e-02
4.680000000000000000e+02,6.000000000000000000e+00,1.594021414676490347e-02,2.313682558415186899e-02,1.601499331900073722e-02,2.307248189578676566e-03,4.536509554395465327e-02,1.300897166084842051e-02,8.117042073451665729e-01,2.704125004648650753e-03,6.798651334412975089e-02,1.831805861755744823e-03
1.385000000000000000e+03,3.000000000000000000e+00,3.068996289836827332e-02,1.603232413609358142e-02,6.544429658469867739e-02,5.262475767641884294e-01,1.282678033016259852e-03,3.866014946731892443e-02,8.627940605870970323e-03,1.308274632054647231e-02,5.741674737595060113e-02,2.425155778139478358e-01
3.010000000000000000e+02,3.000000000000000000e+00,6.243527403620283481e-03,2.819198763677128322e-02,7.356447509929975315e-02,6.143894682637612847e-01,1.341680150845336915e-03,3.618566942455332669e-02,8.771739166689277584e-03,2.157364041668019192e-02,1.003297501608551023e-01,1.094080622769241229e-01
1.114000000000000000e+03,4.000000000000000000e+00,1.558572144460363025e-02,5.640003887988566389e-02,2.836880897314251072e-03,3.038373289812923254e-03,6.890545149280622450e-01,7.644568253303773986e-02,2.289429151195956219e-02,3.762520951521311496e-02,5.106650507713857146e-02,4.505278192297219875e-02
4.500000000000000000e+02,4.000000000000000000e+00,9.399331507841944197e-03,6.250824622715357715e-02,3.521971949064609930e-03,2.506894255871353148e-03,8.355061493829946118e-01,4.719447222641275086e-03,2.168375486295695195e-02,2.130253373318416119e-02,3.514944857855786808e-02,3.702222279733550798e-03
6.340000000000000000e+02,7.000000000000000000e+00,1.867895712918189602e-03,2.176743393974724453e-02,1.308073302655257675e-02,1.502277057177918429e-02,7.279228217487864958e-03,1.348471175279380117e-02,9.183336940483409526e-04,8.138483767231098343e-01,8.057403950371500034e-02,3.215647685784784465e-02
9.100000000000000000e+01,3.000000000000000000e+00,4.770208593860163042e-03,5.770090564363285907e-02,1.162867256322242526e-01,5.931052981436185645e-01,2.800843594774995223e-03,4.493860646331766101e-02,6.437744926892222715e-04,6.237251588191072837e-02,9.013083899661986087e-02,2.725028255735170712e-02
9.620000000000000000e+02,3.000000000000000000e+00,2.579431534880039997e-02,1.532247007929765821e-02,4.495530422804427245e-02,6.555529406972105955e-01,3.257282914456491232e-03,3.279548807294583451e-02,8.265006869529759048e-03,9.873001718289147952e-03,9.895310891340211579e-02,1.052310811580238342e-01
1.563000000000000000e+03,0.000000000000000000e+00,7.879153848940125826e-01,4.485859259688793066e-03,1.161878800647876166e-02,5.519137415059998004e-03,3.584081235481915984e-02,3.071319786959799195e-02,3.708978449484233442e-02,6.513397151251580468e-03,5.508200579046032552e-02,2.522163276378844646e-02
7.750000000000000000e+02,8.000000000000000000e+00,2.580847867137355672e-02,2.227520615303630810e-02,2.084585439030581591e-02,4.893354549721656149e-03,1.649827712277717948e-02,2.601187659567345128e-02,1.219753882180529998e-02,1.806194411743665754e-02,8.264486486329388759e-01,2.695882094493122147e-02
1.741000000000000000e+03,5.000000000000000000e+00,5.469519351701680049e-02,1.093049359508681956e-02,3.212721558318468260e-03,1.757525514703831004e-02,1.049491039930946501e-01,4.396458338976068081e-01,9.396294358632233112e-02,2.528458867278741626e-02,1.399314547530458308e-01,1.098124112796824564e-01
2.110000000000000000e+02,7.000000000000000000e+00,3.176460712802802767e-03,2.326871922450402530e-01,5.088555558140250151e-02,1.399589948123872336e-02,4.891107486807235588e-02,1.846883245444658206e-02,5.714030959037551781e-03,4.168111019825678776e-01,1.465223152139403517e-01,6.282753650145092572e-02
5.020000000000000000e+02,2.000000000000000000e+00,3.425101392395293876e-02,2.390978994602521446e-01,2.151002434496698257e-01,2.021468275679296628e-02,3.853064172728047632e-02,1.491413840603514340e-02,1.718564357840708309e-02,6.449322312232924626e-02,3.370478383059214433e-01,1.916467526935877047e-02
1.169000000000000000e+03,2.000000000000000000e+00,1.093660809594743663e-03,2.492905988633919295e-02,8.622000823484166077e-01,3.648861092967625036e-02,6.165309803043152702e-04,3.316108720037496977e-03,4.199522715922335107e-03,1.130089220045437173e-02,4.603639177927183745e-02,9.819139629982957460e-03
7.650000000000000000e+02,9.000000000000000000e+00,1.687056255872403099e-02,1.392384713263432328e-01,2.133353849458553136e-03,8.897758365576017778e-03,2.167193170665719648e-01,1.233336027081217978e-01,1.739160208172392183e-02,9.038395208324394303e-02,1.172145294812367011e-01,2.678168504789997240e-01
6.820000000000000000e+02,0.000000000000000000e+00,8.997881070673604542e-01,1.272214363072648796e-03,9.568601158772697610e-03,6.486750059853995352e-03,9.825680488433536502e-03,1.154130486069283694e-02,1.268706531226230366e-02,3.004902927344539100e-03,1.540375942806397787e-02,3.042161433414306698e-02
1.364000000000000000e+03,2.000000000000000000e+00,1.943446004940521388e-01,2.931265701828818931e-02,2.257598074516707631e-01,2.536131703330918863e-01,1.265516894871696919e-02,1.988108954415308480e-02,1.540364240228762199e-02,3.784170309353016015e-02,3.453731490499287876e-02,1.766508458092162503e-01
1.290000000000000000e+02,8.000000000000000000e+00,1.891990431761821773e-02,3.489283213940397310e-01,1.370985678196993962e-01,1.959987587700326092e-02,2.375232791439862642e-02,5.481598849551044123e-02,2.507546453725521818e-02,5.377964104848101390e-02,3.031660827110299050e-01,1.486382588496416683e-02
4.000000000000000000e+02,4.000000000000000000e+00,5.717161037151058389e-03,1.133521033801043187e-01,8.905029898166046815e-03,4.062831317649872806e-03,7.190124269246552791e-01,9.396529552124511728e-03,4.729048048050112085e-02,3.317658508749075918e-02,5.625816500850879670e-02,2.828687313648362359e-03
4.560000000000000000e+02,1.000000000000000000e+00,1.124790177811547682e-03,8.007772830839434697e-01,5.883773929406979457e-03,2.291971581625211821e-02,1.807032783095475006e-02,7.139066504578013388e-03,4.250654391035528154e-03,6.736465756533963588e-03,7.847919049726782836e-02,5.461873201221555119e-02
1.082000000000000000e+03,0.000000000000000000e+00,8.790261761681256170e-01,5.905122049586318403e-04,1.951239139823724919e-02,1.190084117353876550e-02,3.776390772372105204e-03,1.267765271623004855e-02,1.749210802351254881e-02,2.546475809531252663e-03,2.415243983657264573e-02,2.832501189692113869e-02
4.200000000000000000e+02,6.000000000000000000e+00,9.070841783917332757e-02,3.621166728338853086e-02,9.043228765272809042e-03,1.623424035860217621e-02,7.057462496321662004e-02,1.580179713948205722e-01,2.850416373873410070e-01,2.129997391829506134e-02,2.620937751273220151e-01,5.077446296256796915e-02
1.640000000000000000e+02,6.000000000000000000e+00,3.531753823885274562e-02,4.439680411044619017e-03,1.713476901241643008e-02,2.236603132008472931e-03,4.565926628414811173e-02,2.002279258469359322e-02,8.233286606716659906e-01,1.968634035941446789e-03,4.806325555379181713e-02,1.828800075436800036e-03
1.243000000000000000e+03,7.000000000000000000e+00,5.612936309462189174e-03,5.264164008421207824e-02,6.438341514117468245e-02,2.602574590290946885e-02,3.635827663904817736e-02,4.841179226602382313e-02,1.033208379850766509e-02,5.934997026926818187e-01,1.009270739892538654e-01,6.180733317672620214e-02
1.790000000000000000e+02,0.000000000000000000e+00,6.476559747352081953e-01,2.582698381832465237e-02,2.005065166974313515e-02,5.979000233349135093e-03,8.717156593492873806e-02,1.355477836690163924e-02,8.217319018649667239e-02,1.183947369606701272e-02,5.415981203985423958e-02,5.158856931912663563e-02
1.674000000000000000e+03,7.000000000000000000e+00,1.478648700006266652e-03,1.447530798738923090e-02,6.809590769938608443e-03,1.052319619726321299e-02,7.582198673136798968e-03,1.059609023220507706e-02,1.178421690665128847e-03,8.926440045909629362e-01,3.812187269250111310e-02,1.659066846593184805e-02
3.070000000000000000e+02,2.000000000000000000e+00,1.354933350217762261e-02,4.491720568159648930e-02,5.886333226174813582e-01,6.329108248373642442e-02,2.016015379964450870e-03,2.593977945925894646e-02,2.676889255726714115e-02,1.418704392266793846e-02,1.994935987935156085e-01,2.120372560233402606e-02
1.235000000000000000e+03,0.000000000000000000e+00,5.867422805616933079e-01,3.614528172162977549e-03,2.647893043986284875e-02,3.279335049842902611e-02,3.444508193824710046e-02,1.385961875148430389e-01,7.842594299289793944e-03,4.414945854094826094e-02,6.321427365906492901e-02,6.212331437545864227e-02
2.160000000000000000e+02,7.000000000000000000e+00,3.541744218991050869e-03,1.003763983981369318e-01,8.744925708091806638e-02,2.431485336663054622e-02,9.803322917074198950e-02,1.506056027316501206e-02,2.440720645486201337e-02,5.643190300390478198e-01,7.186191118947310441e-02,1.063580980803359270e-02
8.110000000000000000e+02,5.000000000000000000e+00,1.859869559103177056e-03,5.328881276932700972e-02,7.519025911522041195e-02,1.804518744750123471e-02,5.523566254855747336e-03,6.161150654974487662e-01,4.893712740645374606e-03,1.051257854905498085e-01,1.082555215232575696e-01,1.170221960209085095e-02
1.613000000000000000e+03,1.000000000000000000e+00,1.303895931947419854e-03,7.360866943101996851e-01,5.051191925673893801e-02,6.498228582374081241e-03,6.181179649093993672e-02,8.950484852974409725e-03,2.646601803443367207e-02,1.889746444269069583e-02,8.732416739966540609e-02,2.149330698035781598e-03
1.017000000000000000e+03,2.000000000000000000e+00,8.652401566683194612e-04,1.857551710875139997e-02,9.183648491001146219e-01,1.747091726185669158e-02,5.490132217953426139e-04,1.161136746021114094e-02,3.641332531037620723e-03,2.166045044265039674e-03,2.379453547194337187e-02,2.961182643356624622e-03
5.260000000000000000e+02,0.000000000000000000e+00,7.057768040581660074e-01,4.848700259804665687e-03,1.988753209669981079e-02,1.975771587803214907e-02,1.860832027106801984e-02,2.536294664122710693e-02,6.211386073460398866e-02,1.061781229529328886e-02,5.998052443738885464e-02,7.304578332771627380e-02
3.090000000000000000e+02,8.000000000000000000e+00,1.428912430223049784e-02,2.463132174862288706e-02,2.157610827967537670e-02,4.741704802170373934e-02,6.684950161500617834e-03,8.762724833577714700e-02,3.594526241325291666e-02,1.977970925039379546e-02,5.499265261731361987e-01,1.921227013137067896e-01
6.830000000000000000e+02,9.000000000000000000e+00,5.149904067783204684e-03,4.439601064037071443e-01,2.096857758248282886e-03,1.863869546887060927e-02,4.410325741289122109e-02,3.150453832695199879e-02,3.934860248992480374e-03,3.002196807814686355e-02,1.610395951907581114e-01,2.595502170436499445e-01
1.228000000000000000e+03,5.000000000000000000e+00,2.926790090040055914e-02,1.228856465689325168e-02,4.592908040639333278e-02,7.305678214807991185e-03,3.224508044568696885e-02,7.491347986022088845e-01,1.708895269081628712e-02,5.505530750458748762e-02,4.823276002112782124e-02,3.451876557077306583e-03
1.231000000000000000e+03,5.000000000000000000e+00,2.066737055870881620e-02,9.641773966064177623e-03,1.151439233376527066e-02,7.803837541969657621e-02,8.494101771477476082e-03,6.822986035565159479e-01,2.311817409235097931e-02,6.713939814379809613e-03,1.117151961746115085e-01,4.779807231242961391e-02
4.420000000000000000e+02,1.000000000000000000e+00,3.629509303204262859e-03,4.780687292328028581e-01,1.690110077952707845e-01,3.757759842886698731e-02,2.017381548185341253e-02,8.182569141014042757e-02,6.878632413442015148e-02,2.463855714167890662e-03,1.105977314661327204e-01,2.786573703314038433e-02
3.750000000000000000e+02,9.000000000000000000e+00,2.071758518841630356e-02,5.165781008338288932e-02,3.080078428642919752e-03,1.561953325454066774e-02,8.684382355139484699e-02,2.223419277774842107e-01,4.757687732101943331e-03,1.056303167606903876e-01,1.080177266199117692e-01,3.813335106034341782e-01
8.210000000000000000e+02,3.000000000000000000e+00,9.449852997182012215e-03,1.440791808183506696e-02,4.534505276011929764e-02,4.596174581393298597e-01,1.366808227624288731e-03,1.990808246237463219e-02,5.961542664376880997e-03,2.238551524322504940e-02,3.152395951040104505e-01,1.063181743199224094e-01
3.760000000000000000e+02,5.000000000000000000e+00,4.700823672308953975e-03,1.191229382850578743e-02,5.319427168025703256e-02,6.658745467191856150e-03,3.389664340154330182e-03,7.886068655084046419e-01,7.234959635158327851e-03,4.932300085012285285e-02,6.655986176995790093e-02,8.419513247938383363e-03
1.215000000000000000e+03,6.000000000000000000e+00,1.893998593185889159e-02,2.589055368125935813e-02,9.597266293912958338e-03,5.807175171310011673e-03,2.167061125844967420e-02,1.941476410543473141e-02,8.387488592480488725e-01,1.470972142760360903e-03,4.820171462926572253e-02,1.025809753769938749e-02
4.320000000000000000e+02,5.000000000000000000e+00,2.526845429794317283e-02,1.371175496853668241e-01,1.422321610070402878e-02,3.943833970388014448e-02,2.326459553234990971e-02,4.599307583870967386e-01,1.144171951105339355e-02,6.179126882527728043e-02,1.313685482883066857e-01,9.615554966802193626e-02
3.700000000000000000e+02,8.000000000000000000e+00,8.682235508835640242e-03,1.131984439974349950e-02,2.035973093899771241e-02,2.072298085072900309e-02,2.580936386055542823e-03,1.916504598700467105e-02,1.065315277304751222e-02,5.998520772471683214e-03,8.733517178044759577e-01,2.716583457863864723e-02
5.670000000000000000e+02,2.000000000000000000e+00,6.805895129084301581e-03,1.323299059723496152e-01,6.952232609010166042e-01,3.299591361501700432e-02,8.247660632539784847e-03,2.952902811703440183e-02,2.986858163931047430e-02,9.170207429117897130e-03,3.638871621828509290e-02,1.944083034624478554e-02
1.010000000000000000e+02,0.000000000000000000e+00,5.955934575132907360e-01,2.383736979121715838e-02,1.419776026421188525e-02,5.566877190992008256e-03,4.766982717039852657e-02,1.188806594242698168e-02,1.536127118235703082e-01,2.418853527528884179e-03,5.977396410384717279e-02,8.544111267251630615e-02
1.414000000000000000e+03,8.000000000000000000e+00,1.346709546136946184e-02,3.528666179532313762e-02,3.115975404674412030e-02,2.518382245205893349e-02,9.502627582407692855e-03,7.612428737016996294e-02,5.525515309946596974e-03,4.900879140760412700e-02,7.314698299672712789e-01,2.327161460710473057e-02
9.650000000000000000e+02,3.000000000000000000e+00,5.169437486041885549e-02,2.769418237838771474e-02,1.499416545351430208e-01,3.691570615061475213e-01,3.236433365430286657e-03,1.081370265916985728e-02,3.959702139747083016e-02,9.107805374210639973e-03,1.213384582861033734e-01,2.174193056375178512e-01
3.500000000000000000e+01,5.000000000000000000e+00,8.557015844336662500e-03,4.876356910544187018e-02,2.039070888536370987e-02,2.172345003932167271e-02,1.506573441251125856e-02,7.317738025292849224e-01,5.368060861957997185e-03,3.612733592164291824e-02,7.690016256715277720e-02,3.533015983298619378e-02
7.710000000000000000e+02,9.000000000000000000e+00,2.276703166961202562e-02,1.165468103382739234e-01,9.676001013054712739e-04,1.102689430044714695e-02,5.915206067253696992e-02,3.188384949315074129e-02,4.339669082851930169e-03,3.960168115415027557e-02,1.195085214002145346e-01,5.942058817874569243e-01
1.060000000000000000e+02,6.000000000000000000e+00,1.344023423131688114e-02,3.774038862464137445e-01,7.603304136335249652e-02,3.926117812510242049e-03,5.032704693732625856e-02,8.685401829481301933e-03,3.599782693730333993e-01,3.602982792366252272e-03,1.029219146945290903e-01,3.681104719670140035e-03
2.240000000000000000e+02,8.000000000000000000e+00,2.448625705937972769e-02,1.416716368253312930e-01,2.231444913326161017e-02,4.840904998093907563e-02,1.638945737240401004e-02,4.426653179984312188e-03,8.640883483345966620e-02,1.437030703525268155e-02,5.886703324094831880e-01,5.285302217050444340e-02
7.360000000000000000e+02,1.000000000000000000e+00,1.156979116364306726e-02,1.620578021766982679e-01,5.451137431001722849e-02,5.585460881918003460e-03,4.323807544658070379e-02,7.916537044544300072e-02,2.112154471771570535e-02,5.438769077340597363e-02,5.606374539114897804e-01,7.725436173088264663e-03
1.377000000000000000e+03,1.000000000000000000e+00,1.202966647869486982e-03,6.404290110488501941e-01,1.245804428064671149e-01,3.552604515889875442e-02,3.585408580757390440e-02,1.201594821791595810e-02,8.163255558517641328e-03,7.344199302201052937e-02,6.087784216531154369e-02,7.908409566584909123e-03
4.400000000000000000e+01,7.000000000000000000e+00,2.430510248752886654e-03,6.051855466275421133e-03,8.048387600659491492e-03,7.874903772446917999e-03,8.199639884809577922e-03,1.486880405727536089e-02,1.242643544019305822e-03,8.828943895821287358e-01,5.067547967528044511e-02,1.771338616835186827e-02
1.241000000000000000e+03,2.000000000000000000e+00,6.360914518167057503e-03,1.629638184314101054e-02,5.146717834064148400e-01,1.917855871462474937e-01,9.169397975961950066e-04,1.513487051414273178e-02,6.821532483351719703e-03,2.595492726028604188e-02,1.964850046302942799e-01,2.557205840035852579e-02
1.301000000000000000e+03,4.000000000000000000e+00,3.454994459659485040e-01,3.322528876769682837e-02,9.944127579347924323e-03,4.275586507492167704e-03,3.322062125628926221e-01,2.531721025978279568e-02,2.129848055850277477e-01,3.211175394231121413e-03,2.542728700859810120e-02,7.908860368982129768e-03
8.800000000000000000e+02,6.000000000000000000e+00,7.529041194627336155e-03,1.330015087724818468e-01,1.180394520501422753e-02,7.913471766987539499e-03,6.957833908268100387e-02,1.347723992735157597e-02,6.820588422142582763e-01,6.686653657051233601e-03,6.312031229427354784e-02,4.830645885273448029e-03
4.370000000000000000e+02,2.000000000000000000e+00,2.843531637075283423e-03,3.919270258197056489e-02,8.582837982417033107e-01,4.503668192486581789e-02,2.695251795238545658e-03,9.485525089055230064e-03,5.858408629034100694e-03,8.613535113886227126e-03,2.057643200939324180e-02,7.414132977777663884e-03
8.200000000000000000e+01,6.000000000000000000e+00,1.462719919006244540e-02,5.653431210440129639e-02,3.302814582433629548e-02,1.713855258336310049e-03,3.379800983718535268e-02,1.317329728946447023e-02,7.824009037448231840e-01,1.183005523784889153e-03,6.198827965304760240e-02,1.552991574558392060e-03
9.000000000000000000e+01,1.000000000000000000e+00,2.135587559651032103e-03,7.132394406720994340e-01,3.537630195715048276e-03,3.229230526605214591e-02,6.698101807258699525e-02,1.009034392323274361e-02,3.023929468304499633e-03,3.246260275325361239e-02,9.376330913158993641e-02,4.247383295751449434e-02
5.480000000000000000e+02,5.000000000000000000e+00,1.129742047631786955e-02,7.666609245312627427e-03,5.832217441753571874e-03,2.432760184737551429e-02,5.152644893404762991e-03,8.248532861798385518e-01,1.173459685539158387e-03,1.225394469803439169e-02,2.210183536654800746e-02,8.534098016587551849e-02
1.464000000000000000e+03,0.000000000000000000e+00,8.209899000880181985e-01,3.423233796021107021e-03,3.886220971211906683e-02,1.372425267080792412e-02,5.746670321642484945e-03,1.246725053982008884e-02,2.119467605239118771e-02,4.894546084941726015e-03,3.619766749597394528e-02,4.249959323826424384e-02
1.490000000000000000e+02,9.000000000000000000e+00,2.339843133157080632e-02,2.368936641386354749e-02,7.636847932524083553e-03,7.495579436375116034e-02,2.867622277607601630e-03,2.266227042640984665e-02,2.244342898874627807e-03,3.485194958543410930e-03,4.709251820108475289e-02,7.919676111957701936e-01
1.724000000000000000e+03,2.000000000000000000e+00,3.725693154404494372e-03,3.197487304506188566e-02,7.709198455788696114e-01,2.755675781238551419e-02,3.524227209431077083e-03,2.490120817075694437e-02,5.541435969921874177e-02,2.011024419588997806e-03,7.641281552266415700e-02,3.559195387618555115e-03
9.460000000000000000e+02,4.000000000000000000e+00,1.708073671623797779e-02,2.093009896221630778e-02,1.112555816549528828e-03,2.691327790673818388e-03,8.282232610746619317e-01,2.324966406750465786e-02,4.679727701982071275e-02,2.748109394061097263e-02,2.145974640630601143e-02,1.097423820541789871e-02
8.890000000000000000e+02,2.000000000000000000e+00,1.147779149444182537e-02,5.595762092175683017e-02,5.592921439068301304e-01,3.079743889308016874e-02,4.028832650601903501e-03,3.792526965114528803e-02,7.172703186552746579e-02,4.398673237355866378e-03,2.129142929278642349e-01,1.148090445139635270e-02
1.242000000000000000e+03,1.000000000000000000e+00,5.207182684509334067e-03,4.454672997585732430e-01,1.290682897624050862e-01,2.273399593025798165e-02,3.578740637281713904e-02,6.197014805111086821e-02,5.568657427912230250e-03,7.011703868795664263e-02,1.949788794414269999e-01,2.910110188303037526e-02
1.771000000000000000e+03,6.000000000000000000e+00,8.969230823459937302e-03,1.911714462080527921e-01,1.774854298071232642e-02,2.704733120703387787e-03,8.391670709112748761e-02,1.130114575897021856e-02,5.998957871268467690e-01,2.828145623786221252e-03,8.000724283287624639e-02,1.457018433464621864e-03
1.363000000000000000e+03,8.000000000000000000e+00,1.157329230585909738e-02,1.875748246121781981e-01,7.152402554673509272e-02,1.222639758734193546e-02,1.773215426020249841e-02,1.787867196364580427e-02,3.366812477166213069e-02,1.200214699149688459e-02,6.055943461539998740e-01,3.022601580687848261e-02
6.200000000000000000e+02,6.000000000000000000e+00,2.459444235474364179e-02,1.522286206236569961e-02,1.567884077005833252e-02,2.628284417015220795e-03,2.032258584257637390e-02,2.103825233744287954e-02,8.123995170679892963e-01,1.740933680019527080e-03,8.338412790992506818e-02,2.990153557863746685e-03
3.410000000000000000e+02,1.000000000000000000e+00,1.016567536057092066e-03,5.478714258859004316e-01,5.477445428949532374e-02,1.448344150512050066e-02,2.306097914453173608e-02,1.423199648129356600e-03,1.204551378835452477e-02,2.724783721347438445e-02,3.152892589780721400e-01,2.787322010864573194e-03
4.110000000000000000e+02,5.000000000000000000e+00,1.228375619087904505e-02,4.181531632675746651e-02,1.222246344392890344e-02,2.195023864811914208e-02,1.286161623632551057e-02,6.860957046517550673e-01,9.848807471040818551e-03,3.366773196479391772e-02,1.450037823882077692e-01,2.425058267819223123e-02
1.539000000000000000e+03,4.000000000000000000e+00,3.971132852193205373e-03,4.237317047651181084e-02,1.505846473053351620e-03,7.996365982240258167e-04,8.776315888664852904e-01,6.748757111508157935e-03,2.779931257659687752e-02,1.800090200857434181e-02,1.880107741926031681e-02,2.368575617592555589e-03
4.720000000000000000e+02,7.000000000000000000e+00,1.344625101271513558e-02,3.941972920809447278e-02,5.286199728444997137e-02,2.468771328373738777e-02,1.298133166289400058e-02,4.965507344030921366e-02,4.684859337674194581e-03,6.590805859423845003e-01,8.517450186178383842e-02,5.800795696595712619e-02
1.588000000000000000e+03,3.000000000000000000e+00,1.437389618576672594e-03,1.858952244380585872e-01,1.019648987112027338e-01,3.096825912817196547e-01,3.842130075427455105e-03,5.540147530787539049e-02,8.285927826972318538e-04,9.894059781305634960e-02,2.140815866009153634e-01,2.792551337047039298e-02
1.018000000000000000e+03,5.000000000000000000e+00,7.139904779608173546e-02,1.352256587487762549e-02,3.097678538829544068e-02,6.310243147296633326e-02,6.941750074971181177e-03,1.913931833817707484e-01,4.035765711258013783e-02,4.122172678598899631e-03,6.702186422217920603e-02,5.111625419976787432e-01
1.611000000000000000e+03,4.000000000000000000e+00,4.536448081833922667e-03,1.059805949283055410e-01,1.243682361456410201e-01,2.044390782819160979e-02,1.581052037501999574e-02,6.507706494148358944e-02,7.585140078572607386e-03,1.117353303252261038e-01,4.426959967185701839e-01,1.017667605771554601e-01
9.660000000000000000e+02,4.000000000000000000e+00,1.583910236767717417e-02,1.095852449824266800e-01,1.785830958431042616e-03,1.385664797524892126e-02,5.744274517352331300e-01,3.050879439020793768e-02,1.200123877335694533e-01,1.834543189369350694e-02,6.191450897704399436e-02,5.372459898646829435e-02
4.990000000000000000e+02,2.000000000000000000e+00,4.975199395408399193e-03,3.436664536763928135e-02,8.436386781624171105e-01,1.210641781891973884e-02,2.460964631151611823e-03,3.110270366241017423e-02,2.062154663171056682e-02,2.679379936282345887e-03,4.012932135265937644e-02,7.919143041401474278e-03
9.400000000000000000e+01,7.000000000000000000e+00,3.757139462070791837e-03,1.582663173653859473e-02,2.797556256591666318e-02,2.060254932477401449e-02,2.788389233800233485e-02,1.510867020059592294e-02,4.776434218657571625e-03,8.148458753657614739e-01,5.647397088365342654e-02,1.274927390402903586e-02
1.448000000000000000e+03,5.000000000000000000e+00,2.163594495809679011e-02,4.519864144907475081e-03,1.334489170869140699e-02,8.139762291604514532e-02,2.523163128191189576e-03,6.949770006176509973e-01,1.573457199047485072e-02,7.871858942257420333e-03,4.492499491891892294e-02,1.130700866747656186e-01
8.000000000000000000e+00,8.000000000000000000e+00,1.490238693707339815e-02,2.430278336669190395e-02,4.238113976548934375e-02,2.992963260137461792e-02,5.712511127220383511e-03,8.285199166196468082e-03,2.305029255398527085e-02,1.082863061186211708e-02,7.952732205872596882e-01,4.533420328284681888e-02
8.400000000000000000e+02,4.000000000000000000e+00,8.410694488614084766e-03,1.736499555665932046e-02,1.250467779266653057e-03,5.468937474667342428e-04,9.241193532376572595e-01,4.125937624423590619e-03,1.564253098659231997e-02,1.208279046326126392e-02,1.421718317002404301e-02,2.239152946034848879e-03
5.280000000000000000e+02,2.000000000000000000e+00,8.536628188616513999e-03,1.434287625457855708e-01,6.186204820879159794e-01,3.132541352348903324e-02,8.437692550760640328e-03,4.979771332313367299e-02,2.023619931905925803e-02,1.048380683926540373e-02,8.532748928539349298e-02,2.380581233658045359e-02
1.452000000000000000e+03,9.000000000000000000e+00,9.289090723594216337e-02,1.343036073429306095e-02,2.554158157733654039e-02,1.073077309852346756e-01,2.122558359134402856e-03,4.125130903907656826e-02,2.831889625982496501e-03,7.361803845118059832e-03,1.177068342286003849e-01,5.895550243692816439e-01
9.600000000000000000e+02,6.000000000000000000e+00,8.016302187569689097e-02,4.990334097460536952e-03,6.851452255168180572e-02,1.036751268349619427e-02,3.828541047481963389e-02,2.786503622525312793e-02,6.691782935936110288e-01,4.353683887685652967e-03,8.991352968369736853e-02,6.368654926597750419e-03
1.900000000000000000e+01,9.000000000000000000e+00,1.953150268781813845e-02,1.114107182209809477e-01,1.712348412688513011e-01,1.873101747792761673e-01,6.315195140205119226e-03,3.852291059017998870e-02,5.228717411813645771e-02,6.192173572415819206e-03,3.749563094665848278e-02,3.696996786754774833e-01
7.990000000000000000e+02,3.000000000000000000e+00,5.363060853104281017e-03,1.219434976691113892e-02,4.806113943244651882e-02,7.460961811868634941e-01,1.486073310114486906e-03,1.744957755574251188e-02,5.850328087281526750e-03,1.522564626850221592e-02,6.290139699557655006e-02,8.537224654345737518e-02
1.291000000000000000e+03,4.000000000000000000e+00,1.211825867069892815e-01,6.735568773583726354e-02,7.166009034369318249e-03,4.788795720775542754e-03,5.596495733465979283e-01,2.041009362433790150e-02,1.806184683627243825e-01,5.280110107933945821e-03,2.896166480900579446e-02,4.587010551428651745e-03
1.614000000000000000e+03,5.000000000000000000e+00,3.239129800064280331e-03,8.295652896089036887e-03,2.015013306438318691e-02,2.565146985565460325e-03,4.879924586139968920e-03,8.733446528355593985e-01,7.545540556650791320e-03,3.159308113587507710e-02,4.190937865035558596e-02,6.477359489317454852e-03
1.672000000000000000e+03,5.000000000000000000e+00,2.064702099997982668e-02,3.326684158423058417e-03,4.647953257140109359e-03,3.192498971624529308e-02,1.734364985745116480e-02,7.556276807099894244e-01,1.174294389826976981e-02,2.860835322697155569e-02,2.873796674581973951e-02,9.739275742971001404e-02
1.372000000000000000e+03,1.000000000000000000e+00,7.408203515932194894e-04,6.810051591361112600e-01,1.161666766780756060e-01,5.856876027238869242e-02,2.511776530458695658e-02,7.350534868846368697e-03,1.253341259112136785e-02,2.283694674266269903e-02,6.878040849503914977e-02,6.899515559574626380e-03
7.410000000000000000e+02,6.000000000000000000e+00,1.747712632517478201e-02,2.852479057800334609e-03,1.493303946294581228e-02,2.431609361724621117e-03,2.216363259775042116e-02,9.742537358284081989e-03,8.911864367949673404e-01,1.925973090795759244e-03,3.447356925031650615e-02,2.813596700240166438e-03
1.238000000000000000e+03,7.000000000000000000e+00,4.772834523862384999e-03,1.745898075523832568e-02,2.732468386110652528e-02,2.446250474984572321e-02,9.529001922118094173e-03,3.434053408551111103e-02,3.045494915945597732e-03,6.454550332356936426e-01,1.763198531937285873e-01,5.729107875695017144e-02
5.430000000000000000e+02,7.000000000000000000e+00,4.822937732452091397e-03,2.519748470761007039e-02,6.991916236572940854e-03,3.550696818820656825e-02,2.457282708587710252e-02,2.313079855729064521e-02,1.301573395405006793e-03,8.030798546622657241e-01,4.203080403628066397e-02,3.336483539803934001e-02
1.139000000000000000e+03,7.000000000000000000e+00,6.039164574170413115e-03,2.797633824845632139e-02,3.078792512909047166e-02,2.664419294294311305e-02,1.783491074126803896e-02,1.013861226925498321e-01,1.207679761589245705e-02,6.122854650400137988e-01,1.337026924627092717e-01,3.126639055290629521e-02
3.860000000000000000e+02,0.000000000000000000e+00,8.390854747245288792e-01,1.649828475610402509e-03,3.107795199968206926e-02,1.301778090055175259e-02,8.386817884560020253e-03,1.852397175865411888e-02,1.273956305922362489e-02,2.183324527326971961e-03,2.251219925839892388e-02,5.082308741146298464e-02
1.321000000000000000e+03,6.000000000000000000e+00,7.542164826199609234e-03,1.990277528080249686e-02,1.997182800957419610e-02,4.535722879561067920e-03,1.670680465667603171e-02,1.144843687424825993e-02,8.699473107251469717e-01,5.166246036915105727e-03,3.273082577364097578e-02,1.204788493723537440e-02
6.030000000000000000e+02,4.000000000000000000e+00,2.653503517427694205e-02,4.285171799272188137e-02,1.932225781626637287e-02,4.321264451334421233e-03,4.748400778414330059e-01,1.838862590210748812e-02,6.866173828494914755e-02,9.977242632234448183e-02,2.319742898155236210e-01,1.333256639904251140e-02
1.025000000000000000e+03,0.000000000000000000e+00,5.036217226206185504e-01,2.582816950184609311e-03,8.160996910705799190e-02,8.308362623008909431e-02,5.189991502956855553e-03,6.125606023705130326e-02,3.598271884940777016e-02,1.318608812915237315e-02,7.734044224851495397e-02,1.361465641249666181e-01
1.726000000000000000e+03,3.000000000000000000e+00,7.301182096605412716e-03,9.083803085444737413e-02,7.802839403636951943e-02,1.700770432487402617e-01,8.282566135524246226e-03,2.284964942286256753e-02,5.125191728387910178e-03,6.990195396769573188e-02,5.068538339617618682e-01,4.074215454760512362e-02
1.606000000000000000e+03,3.000000000000000000e+00,2.659225406050106169e-03,1.626402771007116888e-01,7.451638530556586870e-02,2.098103238036377605e-01,3.409429865718563522e-03,3.882086200902134382e-02,1.792141413500487890e-03,4.656331021364292638e-02,4.276625779999394528e-01,3.212546688221170482e-02
1.297000000000000000e+03,0.000000000000000000e+00,7.691249658353173091e-01,1.032854926577111629e-02,4.639513419045531405e-03,5.485063948157802363e-03,4.975091254989417316e-02,1.443261031221215046e-02,4.995710130516801961e-02,2.582667592416511542e-03,4.296391131366188165e-02,5.073470445835549791e-02
6.400000000000000000e+01,4.000000000000000000e+00,2.626229773791989922e-02,3.521339324709993335e-02,1.114200234490615596e-03,1.127400872959256504e-03,8.265189135567256873e-01,1.477648950413439945e-02,7.485068834463266818e-02,5.683759723098778804e-03,1.153436390758520724e-02,2.918492871353433379e-03
6.300000000000000000e+01,3.000000000000000000e+00,6.354262315678644094e-03,6.327338434109038012e-02,9.484985421306658948e-02,6.658402715192590637e-01,1.513164907707775049e-03,2.572433724158649376e-02,1.135248830795219238e-03,1.805864403102701299e-02,9.008571862254631524e-02,3.316511397724243582e-02
1.788000000000000000e+03,4.000000000000000000e+00,1.997719390795888589e-02,4.144307972075034208e-02,1.414132264485907804e-03,7.951739924755868872e-04,8.587612943456263137e-01,4.276328057500329398e-03,5.150045222737368450e-02,4.555128165409593442e-03,1.473106501441091495e-02,2.546152304008181787e-03
9.060000000000000000e+02,1.000000000000000000e+00,4.228797668911048364e-03,2.432710128892957013e-01,3.669095534624845500e-01,8.789071537517552032e-03,1.432305629831146128e-02,1.167161857400063618e-01,9.929300641665758653e-02,3.362707802730784123e-03,1.258040612337772146e-01,1.730254695030786216e-02
